// generated by bake_sprite.py from kitty_cat.png -- do not edit by hand
#pragma once
#include <cstdint>
static const int KITTY_W = 192;
static const int KITTY_H = 191;
static const uint16_t KITTY_KEY = 0xF81F;
static const uint16_t KITTY[36672] PROGMEM = {
  0xF81F,0xF81F,0xF81F,0xF81F,0xF81F,0xF81F,0xF81F,0xF81F,0xF81F,0xF81F,0xF81F,0xF81F,
  0xF81F,0xF81F,0xF81F,0xF81F,0xF81F,0xF81F,0xF81F,0xF81F,0xF81F,0xF81F,0xF81F,0xF81F,
  0xF81F,0xF81F,0xF81F,0xF81F,0xF81F,0xF81F,0xF81F,0xF81F,0xF81F,0xF81F,0xF81F,0xF81F,
  0xF81F,0xF81F,0xF81F,0xF81F,0xF81F,0xF81F,0xF81F,0xF81F,0xF81F,0xF81F,0xF81F,0xF81F,
  0xF81F,0xF81F,0xF81F,0xF81F,0xF81F,0xF81F,0xF81F,0xF81F,0xF81F,0xF81F,0xF81F,0xF81F,
  0xF81F,0xF81F,0xF81F,0xF81F,0xF81F,0xF81F,0xF81F,0xF81F,0xF81F,0xF81F,0xF81F,0xF81F,
  0xF81F,0xF81F,0xF81F,0xF81F,0xF81F,0xF81F,0xF81F,0xF81F,0xF81F,0xF81F,0xF81F,0xF81F,
  0xF81F,0xF81F,0xF81F,0xF81F,0xF81F,0xF81F,0xF81F,0xF81F,0xF81F,0xF81F,0xF81F,0xF81F,
  0xF81F,0xF81F,0xF81F,0xF81F,0xF81F,0xF81F,0xF81F,0xF81F,0xF81F,0xF81F,0xF81F,0xF81F,
  0xF81F,0xF81F,0xF81F,0xF81F,0xF81F,0xF81F,0xF81F,0xF81F,0xF81F,0xF81F,0xF81F,0xF81F,
  0xF81F,0xF81F,0xF81F,0xF81F,0xF81F,0xF81F,0xF81F,0xF81F,0xF81F,0xF81F,0xF81F,0xF81F,
  0xF81F,0xF81F,0xF81F,0xF81F,0xF81F,0xF81F,0xF81F,0xF81F,0xF81F,0xF81F,0xF81F,0xF81F,
  0xF81F,0xF81F,0xF81F,0xF81F,0xF81F,0xF81F,0xF81F,0xF81F,0xF81F,0xF81F,0xF81F,0xF81F,
  0xF81F,0xF81F,0xF81F,0xF81F,0xF81F,0xF81F,0xF81F,0xF81F,0xF81F,0xF81F,0xF81F,0xF81F,
  0xF81F,0xF81F,0xF81F,0xF81F,0xF81F,0xF81F,0xF81F,0xF81F,0xF81F,0xF81F,0xF81F,0xF81F,
  0xF81F,0xF81F,0xF81F,0xF81F,0xF81F,0xF81F,0xF81F,0xF81F,0xF81F,0xF81F,0xF81F,0xF81F,
  0xF81F,0xF81F,0xF81F,0xF81F,0xF81F,0xF81F,0xF81F,0xF81F,0xF81F,0xF81F,0xF81F,0xF81F,
  0xF81F,0xF81F,0xF81F,0xF81F,0xF81F,0xF81F,0xF81F,0xF81F,0xF81F,0xF81F,0xF81F,0xF81F,
  0xF81F,0xF81F,0xF81F,0xF81F,0xF81F,0xF81F,0xF81F,0xF81F,0xF81F,0xF81F,0xF81F,0xF81F,
  0xF81F,0xF81F,0xF81F,0xF81F,0xF81F,0xF81F,0xF81F,0xF81F,0x10A3,0x0000,0x0000,0x0000,
  0x0000,0x0000,0x0000,0x0000,0xF81F,0xF81F,0xF81F,0xF81F,0xF81F,0xF81F,0xF81F,0xF81F,
  0xF81F,0xF81F,0xF81F,0xF81F,0xF81F,0xF81F,0xF81F,0xF81F,0xF81F,0xF81F,0xF81F,0xF81F,
  0xF81F,0xF81F,0xF81F,0xF81F,0xF81F,0xF81F,0xF81F,0xF81F,0xF81F,0xF81F,0xF81F,0xF81F,
  0xF81F,0xF81F,0xF81F,0xF81F,0xF81F,0xF81F,0xF81F,0xF81F,0xF81F,0xF81F,0xF81F,0xF81F,
  0x0000,0x0000,0x0000,0x0000,0x0000,0x0000,0x0000,0x0000,0xF81F,0xF81F,0xF81F,0xF81F,
  0xF81F,0xF81F,0xF81F,0xF81F,0xF81F,0xF81F,0xF81F,0xF81F,0xF81F,0xF81F,0xF81F,0xF81F,
  0xF81F,0xF81F,0xF81F,0xF81F,0xF81F,0xF81F,0xF81F,0xF81F,0xF81F,0xF81F,0xF81F,0xF81F,
  0xF81F,0xF81F,0xF81F,0xF81F,0xF81F,0xF81F,0xF81F,0xF81F,0xF81F,0xF81F,0xF81F,0xF81F,
  0xF81F,0xF81F,0xF81F,0xF81F,0xF81F,0xF81F,0xF81F,0xF81F,0xF81F,0xF81F,0xF81F,0xF81F,
  0xF81F,0xF81F,0xF81F,0xF81F,0xF81F,0xF81F,0xF81F,0xF81F,0xF81F,0xF81F,0xF81F,0xF81F,
  0xF81F,0xF81F,0xF81F,0xF81F,0xF81F,0xF81F,0xF81F,0xF81F,0xF81F,0xF81F,0xF81F,0xF81F,
  0xF81F,0xF81F,0xF81F,0xF81F,0xF81F,0xF81F,0xF81F,0xF81F,0xF81F,0xF81F,0xF81F,0xF81F,
  0xF81F,0xF81F,0xF81F,0xF81F,0xF81F,0xF81F,0xF81F,0xF81F,0xF81F,0xF81F,0xF81F,0xF81F,
  0xF81F,0xF81F,0xF81F,0xF81F,0xF81F,0xF81F,0xF81F,0xF81F,0xF81F,0xF81F,0xF81F,0xF81F,
  0xF81F,0xF81F,0xF81F,0xF81F,0xF81F,0xF81F,0xF81F,0xF81F,0xF81F,0xF81F,0xF81F,0xF81F,
  0xF81F,0xF81F,0xF81F,0xF81F,0xF81F,0xF81F,0xF81F,0xF81F,0x10A3,0x0000,0x0000,0x0000,
  0x0000,0x0000,0x0000,0x0000,0xF81F,0xF81F,0xF81F,0xF81F,0xF81F,0xF81F,0xF81F,0xF81F,
  0xF81F,0xF81F,0xF81F,0xF81F,0xF81F,0xF81F,0xF81F,0xF81F,0xF81F,0xF81F,0xF81F,0xF81F,
  0xF81F,0xF81F,0xF81F,0xF81F,0xF81F,0xF81F,0xF81F,0xF81F,0xF81F,0xF81F,0xF81F,0xF81F,
  0xF81F,0xF81F,0xF81F,0xF81F,0xF81F,0xF81F,0xF81F,0xF81F,0xF81F,0xF81F,0xF81F,0xF81F,
  0x0000,0x0000,0x0000,0x0000,0x0000,0x0000,0x0000,0x0000,0xF81F,0xF81F,0xF81F,0xF81F,
  0xF81F,0xF81F,0xF81F,0xF81F,0xF81F,0xF81F,0xF81F,0xF81F,0xF81F,0xF81F,0xF81F,0xF81F,
  0xF81F,0xF81F,0xF81F,0xF81F,0xF81F,0xF81F,0xF81F,0xF81F,0xF81F,0xF81F,0xF81F,0xF81F,
  0xF81F,0xF81F,0xF81F,0xF81F,0xF81F,0xF81F,0xF81F,0xF81F,0xF81F,0xF81F,0xF81F,0xF81F,
  0xF81F,0xF81F,0xF81F,0xF81F,0xF81F,0xF81F,0xF81F,0xF81F,0xF81F,0xF81F,0xF81F,0xF81F,
  0xF81F,0xF81F,0xF81F,0xF81F,0xF81F,0xF81F,0xF81F,0xF81F,0xF81F,0xF81F,0xF81F,0xF81F,
  0xF81F,0xF81F,0xF81F,0xF81F,0xF81F,0xF81F,0xF81F,0xF81F,0xF81F,0xF81F,0xF81F,0xF81F,
  0xF81F,0xF81F,0xF81F,0xF81F,0xF81F,0xF81F,0xF81F,0xF81F,0xF81F,0xF81F,0xF81F,0xF81F,
  0xF81F,0xF81F,0xF81F,0xF81F,0xF81F,0xF81F,0xF81F,0xF81F,0xF81F,0xF81F,0xF81F,0xF81F,
  0xF81F,0xF81F,0xF81F,0xF81F,0xF81F,0xF81F,0xF81F,0xF81F,0xF81F,0xF81F,0xF81F,0xF81F,
  0xF81F,0xF81F,0xF81F,0xF81F,0xF81F,0xF81F,0xF81F,0xF81F,0xF81F,0xF81F,0xF81F,0xF81F,
  0xF81F,0xF81F,0xF81F,0xF81F,0xF81F,0xF81F,0xF81F,0x10A3,0x10A3,0x0000,0x0000,0x0000,
  0x0000,0x0000,0x0000,0x0000,0xF81F,0xF81F,0xF81F,0xF81F,0xF81F,0xF81F,0xF81F,0xF81F,
  0xF81F,0xF81F,0xF81F,0xF81F,0xF81F,0xF81F,0xF81F,0xF81F,0xF81F,0xF81F,0xF81F,0xF81F,
  0xF81F,0xF81F,0xF81F,0xF81F,0xF81F,0xF81F,0xF81F,0xF81F,0xF81F,0xF81F,0xF81F,0xF81F,
  0xF81F,0xF81F,0xF81F,0xF81F,0xF81F,0xF81F,0xF81F,0xF81F,0xF81F,0xF81F,0xF81F,0xF81F,
  0x0000,0x0000,0x0000,0x0000,0x0000,0x0000,0x0000,0x0000,0xF81F,0xF81F,0xF81F,0xF81F,
  0xF81F,0xF81F,0xF81F,0xF81F,0xF81F,0xF81F,0xF81F,0xF81F,0xF81F,0xF81F,0xF81F,0xF81F,
  0xF81F,0xF81F,0xF81F,0xF81F,0xF81F,0xF81F,0xF81F,0xF81F,0xF81F,0xF81F,0xF81F,0xF81F,
  0xF81F,0xF81F,0xF81F,0xF81F,0xF81F,0xF81F,0xF81F,0xF81F,0xF81F,0xF81F,0xF81F,0xF81F,
  0xF81F,0xF81F,0xF81F,0xF81F,0xF81F,0xF81F,0xF81F,0xF81F,0xF81F,0xF81F,0xF81F,0xF81F,
  0xF81F,0xF81F,0xF81F,0xF81F,0xF81F,0xF81F,0xF81F,0xF81F,0xF81F,0xF81F,0xF81F,0xF81F,
  0xF81F,0xF81F,0xF81F,0xF81F,0xF81F,0xF81F,0xF81F,0xF81F,0xF81F,0xF81F,0xF81F,0xF81F,
  0xF81F,0xF81F,0xF81F,0xF81F,0xF81F,0xF81F,0xF81F,0xF81F,0xF81F,0xF81F,0xF81F,0xF81F,
  0xF81F,0xF81F,0xF81F,0xF81F,0xF81F,0xF81F,0xF81F,0xF81F,0xF81F,0xF81F,0xF81F,0xF81F,
  0xF81F,0xF81F,0xF81F,0xF81F,0xF81F,0xF81F,0xF81F,0xF81F,0xF81F,0xF81F,0xF81F,0xF81F,
  0xF81F,0xF81F,0xF81F,0xF81F,0xF81F,0xF81F,0xF81F,0xF81F,0xF81F,0xF81F,0xF81F,0xF81F,
  0xF81F,0xF81F,0xF81F,0xF81F,0xF81F,0xF81F,0xF81F,0x10A3,0x10A3,0x0000,0x0000,0x0000,
  0x0000,0x0000,0x0000,0x0000,0xF81F,0xF81F,0xF81F,0xF81F,0xF81F,0xF81F,0xF81F,0xF81F,
  0xF81F,0xF81F,0xF81F,0xF81F,0xF81F,0xF81F,0xF81F,0xF81F,0xF81F,0xF81F,0xF81F,0xF81F,
  0xF81F,0xF81F,0xF81F,0xF81F,0xF81F,0xF81F,0xF81F,0xF81F,0xF81F,0xF81F,0xF81F,0xF81F,
  0xF81F,0xF81F,0xF81F,0xF81F,0xF81F,0xF81F,0xF81F,0xF81F,0xF81F,0xF81F,0xF81F,0xF81F,
  0x0000,0x0000,0x0000,0x0000,0x0000,0x0000,0x0000,0x0000,0xF81F,0xF81F,0xF81F,0xF81F,
  0xF81F,0xF81F,0xF81F,0xF81F,0xF81F,0xF81F,0xF81F,0xF81F,0xF81F,0xF81F,0xF81F,0xF81F,
  0xF81F,0xF81F,0xF81F,0xF81F,0xF81F,0xF81F,0xF81F,0xF81F,0xF81F,0xF81F,0xF81F,0xF81F,
  0xF81F,0xF81F,0xF81F,0xF81F,0xF81F,0xF81F,0xF81F,0xF81F,0xF81F,0xF81F,0xF81F,0xF81F,
  0xF81F,0xF81F,0xF81F,0xF81F,0xF81F,0xF81F,0xF81F,0xF81F,0xF81F,0xF81F,0xF81F,0xF81F,
  0xF81F,0xF81F,0xF81F,0xF81F,0xF81F,0xF81F,0xF81F,0xF81F,0xF81F,0xF81F,0xF81F,0xF81F,
  0xF81F,0xF81F,0xF81F,0xF81F,0xF81F,0xF81F,0xF81F,0xF81F,0xF81F,0xF81F,0xF81F,0xF81F,
  0xF81F,0xF81F,0xF81F,0xF81F,0xF81F,0xF81F,0xF81F,0xF81F,0xF81F,0xF81F,0xF81F,0xF81F,
  0xF81F,0xF81F,0xF81F,0xF81F,0xF81F,0xF81F,0xF81F,0xF81F,0xF81F,0xF81F,0xF81F,0xF81F,
  0xF81F,0xF81F,0xF81F,0xF81F,0xF81F,0xF81F,0xF81F,0xF81F,0xF81F,0xF81F,0xF81F,0xF81F,
  0xF81F,0xF81F,0xF81F,0xF81F,0xF81F,0xF81F,0xF81F,0xF81F,0xF81F,0xF81F,0xF81F,0xF81F,
  0xF81F,0xF81F,0xF81F,0xF81F,0xF81F,0xF81F,0xF81F,0x10A3,0x10A3,0x0000,0x0000,0x0000,
  0x0000,0x0000,0x0000,0x0000,0xF81F,0xF81F,0xF81F,0xF81F,0xF81F,0xF81F,0xF81F,0xF81F,
  0xF81F,0xF81F,0xF81F,0xF81F,0xF81F,0xF81F,0xF81F,0xF81F,0xF81F,0xF81F,0xF81F,0xF81F,
  0xF81F,0xF81F,0xF81F,0xF81F,0xF81F,0xF81F,0xF81F,0xF81F,0xF81F,0xF81F,0xF81F,0xF81F,
  0xF81F,0xF81F,0xF81F,0xF81F,0xF81F,0xF81F,0xF81F,0xF81F,0xF81F,0xF81F,0xF81F,0xF81F,
  0x0000,0x0000,0x0000,0x0000,0x0000,0x0000,0x0000,0x0000,0xF81F,0xF81F,0xF81F,0xF81F,
  0xF81F,0xF81F,0xF81F,0xF81F,0xF81F,0xF81F,0xF81F,0xF81F,0xF81F,0xF81F,0xF81F,0xF81F,
  0xF81F,0xF81F,0xF81F,0xF81F,0xF81F,0xF81F,0xF81F,0xF81F,0xF81F,0xF81F,0xF81F,0xF81F,
  0xF81F,0xF81F,0xF81F,0xF81F,0xF81F,0xF81F,0xF81F,0xF81F,0xF81F,0xF81F,0xF81F,0xF81F,
  0xF81F,0xF81F,0xF81F,0xF81F,0xF81F,0xF81F,0xF81F,0xF81F,0xF81F,0xF81F,0xF81F,0xF81F,
  0xF81F,0xF81F,0xF81F,0xF81F,0xF81F,0xF81F,0xF81F,0xF81F,0xF81F,0xF81F,0xF81F,0xF81F,
  0xF81F,0xF81F,0xF81F,0xF81F,0xF81F,0xF81F,0xF81F,0xF81F,0xF81F,0xF81F,0xF81F,0xF81F,
  0xF81F,0xF81F,0xF81F,0xF81F,0xF81F,0xF81F,0xF81F,0xF81F,0xF81F,0xF81F,0xF81F,0xF81F,
  0xF81F,0xF81F,0xF81F,0xF81F,0xF81F,0xF81F,0xF81F,0xF81F,0xF81F,0xF81F,0xF81F,0xF81F,
  0xF81F,0xF81F,0xF81F,0xF81F,0xF81F,0xF81F,0xF81F,0xF81F,0xF81F,0xF81F,0xF81F,0xF81F,
  0xF81F,0xF81F,0xF81F,0xF81F,0xF81F,0xF81F,0xF81F,0xF81F,0xF81F,0xF81F,0xF81F,0xF81F,
  0xF81F,0xF81F,0xF81F,0xF81F,0xF81F,0xF81F,0xF81F,0x10A3,0x10A3,0x0000,0x0000,0x0000,
  0x0000,0x0000,0x0000,0x0000,0xF81F,0xF81F,0xF81F,0xF81F,0xF81F,0xF81F,0xF81F,0xF81F,
  0xF81F,0xF81F,0xF81F,0xF81F,0xF81F,0xF81F,0xF81F,0xF81F,0xF81F,0xF81F,0xF81F,0xF81F,
  0xF81F,0xF81F,0xF81F,0xF81F,0xF81F,0xF81F,0xF81F,0xF81F,0xF81F,0xF81F,0xF81F,0xF81F,
  0xF81F,0xF81F,0xF81F,0xF81F,0xF81F,0xF81F,0xF81F,0xF81F,0xF81F,0xF81F,0xF81F,0xF81F,
  0x0000,0x0000,0x0000,0x0000,0x0000,0x0000,0x0000,0x0000,0xF81F,0xF81F,0xF81F,0xF81F,
  0xF81F,0xF81F,0xF81F,0xF81F,0xF81F,0xF81F,0xF81F,0xF81F,0xF81F,0xF81F,0xF81F,0xF81F,
  0xF81F,0xF81F,0xF81F,0xF81F,0xF81F,0xF81F,0xF81F,0xF81F,0xF81F,0xF81F,0xF81F,0xF81F,
  0xF81F,0xF81F,0xF81F,0xF81F,0xF81F,0xF81F,0xF81F,0xF81F,0xF81F,0xF81F,0xF81F,0xF81F,
  0xF81F,0xF81F,0xF81F,0xF81F,0xF81F,0xF81F,0xF81F,0xF81F,0xF81F,0xF81F,0xF81F,0xF81F,
  0xF81F,0xF81F,0xF81F,0xF81F,0xF81F,0xF81F,0xF81F,0xF81F,0xF81F,0xF81F,0xF81F,0xF81F,
  0xF81F,0xF81F,0xF81F,0xF81F,0xF81F,0xF81F,0xF81F,0xF81F,0xF81F,0xF81F,0xF81F,0xF81F,
  0xF81F,0xF81F,0xF81F,0xF81F,0xF81F,0xF81F,0xF81F,0xF81F,0xF81F,0xF81F,0xF81F,0xF81F,
  0xF81F,0xF81F,0xF81F,0xF81F,0xF81F,0xF81F,0xF81F,0xF81F,0xF81F,0xF81F,0xF81F,0xF81F,
  0xF81F,0xF81F,0xF81F,0xF81F,0xF81F,0xF81F,0xF81F,0xF81F,0xF81F,0xF81F,0xF81F,0xF81F,
  0xF81F,0xF81F,0xF81F,0xF81F,0xF81F,0xF81F,0xF81F,0xF81F,0xF81F,0xF81F,0xF81F,0xF81F,
  0xF81F,0xF81F,0xF81F,0xF81F,0xF81F,0xF81F,0xF81F,0x10A3,0x10A3,0x0000,0x0000,0x0000,
  0x0000,0x0000,0x0000,0x0000,0xF81F,0xF81F,0xF81F,0xF81F,0xF81F,0xF81F,0xF81F,0xF81F,
  0xF81F,0xF81F,0xF81F,0xF81F,0xF81F,0xF81F,0xF81F,0xF81F,0xF81F,0xF81F,0xF81F,0xF81F,
  0xF81F,0xF81F,0xF81F,0xF81F,0xF81F,0xF81F,0xF81F,0xF81F,0xF81F,0xF81F,0xF81F,0xF81F,
  0xF81F,0xF81F,0xF81F,0xF81F,0xF81F,0xF81F,0xF81F,0xF81F,0xF81F,0xF81F,0xF81F,0xF81F,
  0x0000,0x0000,0x0000,0x0000,0x0000,0x0000,0x0000,0x0000,0xF81F,0xF81F,0xF81F,0xF81F,
  0xF81F,0xF81F,0xF81F,0xF81F,0xF81F,0xF81F,0xF81F,0xF81F,0xF81F,0xF81F,0xF81F,0xF81F,
  0xF81F,0xF81F,0xF81F,0xF81F,0xF81F,0xF81F,0xF81F,0xF81F,0xF81F,0xF81F,0xF81F,0xF81F,
  0xF81F,0xF81F,0xF81F,0xF81F,0xF81F,0xF81F,0xF81F,0xF81F,0xF81F,0xF81F,0xF81F,0xF81F,
  0xF81F,0xF81F,0xF81F,0xF81F,0xF81F,0xF81F,0xF81F,0xF81F,0xF81F,0xF81F,0xF81F,0xF81F,
  0xF81F,0xF81F,0xF81F,0xF81F,0xF81F,0xF81F,0xF81F,0xF81F,0xF81F,0xF81F,0xF81F,0xF81F,
  0xF81F,0xF81F,0xF81F,0xF81F,0xF81F,0xF81F,0xF81F,0xF81F,0xF81F,0xF81F,0xF81F,0xF81F,
  0xF81F,0xF81F,0xF81F,0xF81F,0xF81F,0xF81F,0xF81F,0xF81F,0xF81F,0xF81F,0xF81F,0xF81F,
  0xF81F,0xF81F,0xF81F,0xF81F,0xF81F,0xF81F,0xF81F,0xF81F,0xF81F,0xF81F,0xF81F,0xF81F,
  0xF81F,0xF81F,0xF81F,0xF81F,0xF81F,0xF81F,0xF81F,0xF81F,0xF81F,0xF81F,0xF81F,0xF81F,
  0xF81F,0xF81F,0xF81F,0xF81F,0xF81F,0xF81F,0xF81F,0xF81F,0xF81F,0xF81F,0xF81F,0x10A3,
  0x10A3,0x10A3,0xF81F,0xF81F,0xF81F,0x10A3,0x10A3,0xF81F,0x10A3,0x10A3,0x10A3,0x10A3,
  0x10A3,0x10A3,0x10A3,0x10A3,0xF81F,0x10A3,0x10A3,0x10A3,0x10A3,0x10A3,0x10A3,0x10A3,
  0x10A3,0x10A3,0xF81F,0xF81F,0xF81F,0xF81F,0xF81F,0xF81F,0xF81F,0xF81F,0xF81F,0xF81F,
  0xF81F,0xF81F,0xF81F,0xF81F,0xF81F,0xF81F,0xF81F,0xF81F,0xF81F,0xF81F,0xF81F,0xF81F,
  0xF81F,0xF81F,0xF81F,0x10A3,0x10A3,0xF81F,0xF81F,0x10A3,0x10A3,0x10A3,0xF81F,0xF81F,
  0x10A3,0x10A3,0x10A3,0x10A3,0x10A3,0x10A3,0x10A3,0x10A3,0xF81F,0xF81F,0xF81F,0xF81F,
  0xF81F,0xF81F,0xF81F,0xF81F,0xF81F,0xF81F,0xF81F,0xF81F,0xF81F,0xF81F,0xF81F,0xF81F,
  0xF81F,0xF81F,0xF81F,0xF81F,0xF81F,0xF81F,0xF81F,0xF81F,0xF81F,0xF81F,0xF81F,0xF81F,
  0xF81F,0xF81F,0xF81F,0xF81F,0xF81F,0xF81F,0xF81F,0xF81F,0xF81F,0xF81F,0xF81F,0xF81F,
  0xF81F,0xF81F,0xF81F,0xF81F,0xF81F,0xF81F,0xF81F,0xF81F,0xF81F,0xF81F,0xF81F,0xF81F,
  0xF81F,0xF81F,0xF81F,0xF81F,0xF81F,0xF81F,0xF81F,0xF81F,0xF81F,0xF81F,0xF81F,0xF81F,
  0xF81F,0xF81F,0xF81F,0xF81F,0xF81F,0xF81F,0xF81F,0xF81F,0xF81F,0xF81F,0xF81F,0xF81F,
  0xF81F,0xF81F,0xF81F,0xF81F,0xF81F,0xF81F,0xF81F,0xF81F,0xF81F,0xF81F,0xF81F,0xF81F,
  0xF81F,0xF81F,0xF81F,0xF81F,0xF81F,0xF81F,0xF81F,0xF81F,0xF81F,0xF81F,0xF81F,0xF81F,
  0xF81F,0xF81F,0xF81F,0xF81F,0xF81F,0xF81F,0xF81F,0xF81F,0xF81F,0xF81F,0xF81F,0xF81F,
  0xF81F,0xF81F,0xF81F,0xF81F,0xF81F,0xF81F,0xF81F,0xF81F,0xF81F,0xF81F,0xF81F,0x10A3,
  0x0000,0x0000,0x0000,0x0000,0x0000,0x0000,0x0000,0xAD55,0xAD55,0xAD55,0xAD55,0xAD55,
  0xAD55,0xAD55,0xAD55,0xAD55,0x10A3,0x0000,0x0000,0x0000,0x10A3,0x0000,0x0000,0x0000,
  0x10A3,0x10A3,0xF81F,0xF81F,0xF81F,0xF81F,0xF81F,0xF81F,0xF81F,0xF81F,0xF81F,0xF81F,
  0xF81F,0xF81F,0xF81F,0xF81F,0xF81F,0xF81F,0xF81F,0xF81F,0xF81F,0xF81F,0xF81F,0xF81F,
  0xF81F,0xF81F,0x10A3,0x10A3,0x10A3,0x0000,0x0000,0x0000,0x0000,0x10A3,0x0000,0x10A3,
  0xAD55,0xAD55,0xAD55,0xAD55,0xAD55,0xAD55,0xAD55,0xAD55,0xAD55,0x0000,0x0000,0x0000,
  0x0000,0x0000,0x0000,0x0000,0x0000,0xF81F,0xF81F,0xF81F,0xF81F,0xF81F,0xF81F,0xF81F,
  0xF81F,0xF81F,0xF81F,0xF81F,0xF81F,0xF81F,0xF81F,0xF81F,0xF81F,0xF81F,0xF81F,0xF81F,
  0xF81F,0xF81F,0xF81F,0xF81F,0xF81F,0xF81F,0xF81F,0xF81F,0xF81F,0xF81F,0xF81F,0xF81F,
  0xF81F,0xF81F,0xF81F,0xF81F,0xF81F,0xF81F,0xF81F,0xF81F,0xF81F,0xF81F,0xF81F,0xF81F,
  0xF81F,0xF81F,0xF81F,0xF81F,0xF81F,0xF81F,0xF81F,0xF81F,0xF81F,0xF81F,0xF81F,0xF81F,
  0xF81F,0xF81F,0xF81F,0xF81F,0xF81F,0xF81F,0xF81F,0xF81F,0xF81F,0xF81F,0xF81F,0xF81F,
  0xF81F,0xF81F,0xF81F,0xF81F,0xF81F,0xF81F,0xF81F,0xF81F,0xF81F,0xF81F,0xF81F,0xF81F,
  0xF81F,0xF81F,0xF81F,0xF81F,0xF81F,0xF81F,0xF81F,0xF81F,0xF81F,0xF81F,0xF81F,0xF81F,
  0xF81F,0xF81F,0xF81F,0xF81F,0xF81F,0xF81F,0xF81F,0xF81F,0xF81F,0xF81F,0xF81F,0xF81F,
  0xF81F,0xF81F,0xF81F,0xF81F,0xF81F,0xF81F,0xF81F,0xF81F,0xF81F,0xF81F,0xF81F,0x0000,
  0x0000,0x0000,0x0000,0x0000,0x0000,0x0000,0x0000,0x0000,0xAD55,0xAD55,0xAD55,0xAD55,
  0xAD55,0xAD55,0xAD55,0xAD55,0x10A3,0x0000,0x0000,0x0000,0x0000,0x0000,0x0000,0x0000,
  0x0000,0x0000,0xF81F,0xF81F,0xF81F,0xF81F,0xF81F,0xF81F,0xF81F,0xF81F,0xF81F,0xF81F,
  0xF81F,0xF81F,0xF81F,0xF81F,0xF81F,0xF81F,0xF81F,0xF81F,0xF81F,0xF81F,0xF81F,0xF81F,
  0xF81F,0xF81F,0xF81F,0x10A3,0x0000,0x0000,0x0000,0x0000,0x0000,0x0000,0x0000,0x10A3,
  0xAD55,0xAD55,0xAD55,0xAD55,0xAD55,0xAD55,0xAD55,0xAD55,0x0000,0x0000,0x0000,0x0000,
  0x0000,0x0000,0x0000,0x0000,0x0000,0xF81F,0xF81F,0xF81F,0xF81F,0xF81F,0xF81F,0xF81F,
  0xF81F,0xF81F,0xF81F,0xF81F,0xF81F,0xF81F,0xF81F,0xF81F,0xF81F,0xF81F,0xF81F,0xF81F,
  0xF81F,0xF81F,0xF81F,0xF81F,0xF81F,0xF81F,0xF81F,0xF81F,0xF81F,0xF81F,0xF81F,0xF81F,
  0xF81F,0xF81F,0xF81F,0xF81F,0xF81F,0xF81F,0xF81F,0xF81F,0xF81F,0xF81F,0xF81F,0xF81F,
  0xF81F,0xF81F,0xF81F,0xF81F,0xF81F,0xF81F,0xF81F,0xF81F,0xF81F,0xF81F,0xF81F,0xF81F,
  0xF81F,0xF81F,0xF81F,0xF81F,0xF81F,0xF81F,0xF81F,0xF81F,0xF81F,0xF81F,0xF81F,0xF81F,
  0xF81F,0xF81F,0xF81F,0xF81F,0xF81F,0xF81F,0xF81F,0xF81F,0xF81F,0xF81F,0xF81F,0xF81F,
  0xF81F,0xF81F,0xF81F,0xF81F,0xF81F,0xF81F,0xF81F,0xF81F,0xF81F,0xF81F,0xF81F,0xF81F,
  0xF81F,0xF81F,0xF81F,0xF81F,0xF81F,0xF81F,0xF81F,0xF81F,0xF81F,0xF81F,0xF81F,0xF81F,
  0xF81F,0xF81F,0xF81F,0xF81F,0xF81F,0xF81F,0xF81F,0xF81F,0xF81F,0xF81F,0xF81F,0x0000,
  0x0000,0x0000,0x0000,0x0000,0x0000,0x0000,0x0000,0x0000,0xAD55,0xAD55,0xAD55,0xAD55,
  0xAD55,0xAD55,0xAD55,0xAD55,0x10A3,0x0000,0x0000,0x10A3,0x10A3,0x0000,0x0000,0x0000,
  0x0000,0x52AA,0xF81F,0xF81F,0xF81F,0xF81F,0xF81F,0xF81F,0xF81F,0xF81F,0xF81F,0xF81F,
  0xF81F,0xF81F,0xF81F,0xF81F,0xF81F,0xF81F,0xF81F,0xF81F,0xF81F,0xF81F,0xF81F,0xF81F,
  0xF81F,0xF81F,0xF81F,0x10A3,0x0000,0x0000,0x0000,0x0000,0x0000,0x0000,0x0000,0x0000,
  0xAD55,0xAD55,0xAD55,0xAD55,0xAD55,0xAD55,0xAD55,0xAD55,0xAD55,0x0000,0x0000,0x0000,
  0x0000,0x0000,0x0000,0x0000,0x0000,0xF81F,0xF81F,0xF81F,0xF81F,0xF81F,0xF81F,0xF81F,
  0xF81F,0xF81F,0xF81F,0xF81F,0xF81F,0xF81F,0xF81F,0xF81F,0xF81F,0xF81F,0xF81F,0xF81F,
  0xF81F,0xF81F,0xF81F,0xF81F,0xF81F,0xF81F,0xF81F,0xF81F,0xF81F,0xF81F,0xF81F,0xF81F,
  0xF81F,0xF81F,0xF81F,0xF81F,0xF81F,0xF81F,0xF81F,0xF81F,0xF81F,0xF81F,0xF81F,0xF81F,
  0xF81F,0xF81F,0xF81F,0xF81F,0xF81F,0xF81F,0xF81F,0xF81F,0xF81F,0xF81F,0xF81F,0xF81F,
  0xF81F,0xF81F,0xF81F,0xF81F,0xF81F,0xF81F,0xF81F,0xF81F,0xF81F,0xF81F,0xF81F,0xF81F,
  0xF81F,0xF81F,0xF81F,0xF81F,0xF81F,0xF81F,0xF81F,0xF81F,0xF81F,0xF81F,0xF81F,0xF81F,
  0xF81F,0xF81F,0xF81F,0xF81F,0xF81F,0xF81F,0xF81F,0xF81F,0xF81F,0xF81F,0xF81F,0xF81F,
  0xF81F,0xF81F,0xF81F,0xF81F,0xF81F,0xF81F,0xF81F,0xF81F,0xF81F,0xF81F,0xF81F,0xF81F,
  0xF81F,0xF81F,0xF81F,0xF81F,0xF81F,0xF81F,0xF81F,0xF81F,0xF81F,0xF81F,0xF81F,0x0000,
  0x0000,0x0000,0x0000,0x0000,0x0000,0x0000,0x0000,0x0000,0xAD55,0xAD55,0xAD55,0xAD55,
  0xAD55,0xAD55,0xAD55,0xAD55,0x10A3,0x0000,0x0000,0x0000,0x0000,0x0000,0x0000,0x0000,
  0x0000,0x52AA,0xF81F,0xF81F,0xF81F,0xF81F,0xF81F,0xF81F,0xF81F,0xF81F,0xF81F,0xF81F,
  0xF81F,0xF81F,0xF81F,0xF81F,0xF81F,0xF81F,0xF81F,0xF81F,0xF81F,0xF81F,0xF81F,0xF81F,
  0xF81F,0xF81F,0x10A3,0x10A3,0x0000,0x0000,0x0000,0x0000,0x0000,0x0000,0x0000,0x0000,
  0xAD55,0xAD55,0xAD55,0xAD55,0xAD55,0xAD55,0xAD55,0xAD55,0xAD55,0x0000,0x0000,0x0000,
  0x0000,0x0000,0x0000,0x0000,0x0000,0xF81F,0xF81F,0xF81F,0xF81F,0xF81F,0xF81F,0xF81F,
  0xF81F,0xF81F,0xF81F,0xF81F,0xF81F,0xF81F,0xF81F,0xF81F,0xF81F,0xF81F,0xF81F,0xF81F,
  0xF81F,0xF81F,0xF81F,0xF81F,0xF81F,0xF81F,0xF81F,0xF81F,0xF81F,0xF81F,0xF81F,0xF81F,
  0xF81F,0xF81F,0xF81F,0xF81F,0xF81F,0xF81F,0xF81F,0xF81F,0xF81F,0xF81F,0xF81F,0xF81F,
  0xF81F,0xF81F,0xF81F,0xF81F,0xF81F,0xF81F,0xF81F,0xF81F,0xF81F,0xF81F,0xF81F,0xF81F,
  0xF81F,0xF81F,0xF81F,0xF81F,0xF81F,0xF81F,0xF81F,0xF81F,0xF81F,0xF81F,0xF81F,0xF81F,
  0xF81F,0xF81F,0xF81F,0xF81F,0xF81F,0xF81F,0xF81F,0xF81F,0xF81F,0xF81F,0xF81F,0xF81F,
  0xF81F,0xF81F,0xF81F,0xF81F,0xF81F,0xF81F,0xF81F,0xF81F,0xF81F,0xF81F,0xF81F,0xF81F,
  0xF81F,0xF81F,0xF81F,0xF81F,0xF81F,0xF81F,0xF81F,0xF81F,0xF81F,0xF81F,0xF81F,0xF81F,
  0xF81F,0xF81F,0xF81F,0xF81F,0xF81F,0xF81F,0xF81F,0xF81F,0xF81F,0xF81F,0xF81F,0x0000,
  0x0000,0x0000,0x0000,0x0000,0x0000,0x0000,0x0000,0x0000,0xAD55,0xAD55,0xAD55,0xAD55,
  0xAD55,0xAD55,0xAD55,0xAD55,0x10A3,0x0000,0x0000,0x0000,0x0000,0x0000,0x0000,0x0000,
  0x0000,0x52AA,0xF81F,0xF81F,0xF81F,0xF81F,0xF81F,0xF81F,0xF81F,0xF81F,0xF81F,0xF81F,
  0xF81F,0xF81F,0xF81F,0xF81F,0xF81F,0xF81F,0xF81F,0xF81F,0xF81F,0xF81F,0xF81F,0xF81F,
  0xF81F,0xF81F,0xF81F,0x10A3,0x0000,0x0000,0x0000,0x0000,0x0000,0x0000,0x0000,0x0000,
  0xAD55,0xAD55,0xAD55,0xAD55,0xAD55,0xAD55,0xAD55,0xAD55,0xAD55,0x0000,0x0000,0x0000,
  0x0000,0x0000,0x0000,0x0000,0x0000,0xF81F,0xF81F,0xF81F,0xF81F,0xF81F,0xF81F,0xF81F,
  0xF81F,0xF81F,0xF81F,0xF81F,0xF81F,0xF81F,0xF81F,0xF81F,0xF81F,0xF81F,0xF81F,0xF81F,
  0xF81F,0xF81F,0xF81F,0xF81F,0xF81F,0xF81F,0xF81F,0xF81F,0xF81F,0xF81F,0xF81F,0xF81F,
  0xF81F,0xF81F,0xF81F,0xF81F,0xF81F,0xF81F,0xF81F,0xF81F,0xF81F,0xF81F,0xF81F,0xF81F,
  0xF81F,0xF81F,0xF81F,0xF81F,0xF81F,0xF81F,0xF81F,0xF81F,0xF81F,0xF81F,0xF81F,0xF81F,
  0xF81F,0xF81F,0xF81F,0xF81F,0xF81F,0xF81F,0xF81F,0xF81F,0xF81F,0xF81F,0xF81F,0xF81F,
  0xF81F,0xF81F,0xF81F,0xF81F,0xF81F,0xF81F,0xF81F,0xF81F,0xF81F,0xF81F,0xF81F,0xF81F,
  0xF81F,0xF81F,0xF81F,0xF81F,0xF81F,0xF81F,0xF81F,0xF81F,0xF81F,0xF81F,0xF81F,0xF81F,
  0xF81F,0xF81F,0xF81F,0xF81F,0xF81F,0xF81F,0xF81F,0xF81F,0xF81F,0xF81F,0xF81F,0xF81F,
  0xF81F,0xF81F,0xF81F,0xF81F,0xF81F,0xF81F,0xF81F,0xF81F,0xF81F,0xF81F,0xF81F,0x0000,
  0x0000,0x0000,0x0000,0x0000,0x0000,0x0000,0x0000,0x0000,0xAD55,0xAD55,0xAD55,0xAD55,
  0xAD55,0xAD55,0xAD55,0xAD55,0x10A3,0x0000,0x0000,0x0000,0x0000,0x0000,0x0000,0x0000,
  0x0000,0x52AA,0xF81F,0xF81F,0xF81F,0xF81F,0xF81F,0xF81F,0xF81F,0xF81F,0xF81F,0xF81F,
  0xF81F,0xF81F,0xF81F,0xF81F,0xF81F,0xF81F,0xF81F,0xF81F,0xF81F,0xF81F,0xF81F,0xF81F,
  0xF81F,0xF81F,0xF81F,0x10A3,0x0000,0x0000,0x0000,0x0000,0x0000,0x0000,0x0000,0x0000,
  0xAD55,0xAD55,0xAD55,0xAD55,0xAD55,0xAD55,0xAD55,0xAD55,0xAD55,0x0000,0x0000,0x0000,
  0x0000,0x0000,0x0000,0x0000,0x0000,0xF81F,0xF81F,0xF81F,0xF81F,0xF81F,0xF81F,0xF81F,
  0xF81F,0xF81F,0xF81F,0xF81F,0xF81F,0xF81F,0xF81F,0xF81F,0xF81F,0xF81F,0xF81F,0xF81F,
  0xF81F,0xF81F,0xF81F,0xF81F,0xF81F,0xF81F,0xF81F,0xF81F,0xF81F,0xF81F,0xF81F,0xF81F,
  0xF81F,0xF81F,0xF81F,0xF81F,0xF81F,0xF81F,0xF81F,0xF81F,0xF81F,0xF81F,0xF81F,0xF81F,
  0xF81F,0xF81F,0xF81F,0xF81F,0xF81F,0xF81F,0xF81F,0xF81F,0xF81F,0xF81F,0xF81F,0xF81F,
  0xF81F,0xF81F,0xF81F,0xF81F,0xF81F,0xF81F,0xF81F,0xF81F,0xF81F,0xF81F,0xF81F,0xF81F,
  0xF81F,0xF81F,0xF81F,0xF81F,0xF81F,0xF81F,0xF81F,0xF81F,0xF81F,0xF81F,0xF81F,0xF81F,
  0xF81F,0xF81F,0xF81F,0xF81F,0xF81F,0xF81F,0xF81F,0xF81F,0xF81F,0xF81F,0xF81F,0xF81F,
  0xF81F,0xF81F,0xF81F,0xF81F,0xF81F,0xF81F,0xF81F,0xF81F,0xF81F,0xF81F,0xF81F,0xF81F,
  0xF81F,0xF81F,0xF81F,0xF81F,0xF81F,0xF81F,0xF81F,0xF81F,0xF81F,0xF81F,0xF81F,0x0000,
  0x0000,0x0000,0x0000,0x0000,0x0000,0x0000,0x0000,0x0000,0xAD55,0xAD55,0xAD55,0xAD55,
  0xAD55,0xAD55,0xAD55,0xAD55,0x10A3,0x0000,0x0000,0x0000,0x0000,0x0000,0x0000,0x0000,
  0x0000,0x52AA,0xF81F,0xF81F,0xF81F,0xF81F,0xF81F,0xF81F,0xF81F,0xF81F,0xF81F,0xF81F,
  0xF81F,0xF81F,0xF81F,0xF81F,0xF81F,0xF81F,0xF81F,0xF81F,0xF81F,0xF81F,0xF81F,0xF81F,
  0xF81F,0xF81F,0xF81F,0x10A3,0x10A3,0x0000,0x0000,0x0000,0x0000,0x0000,0x0000,0x0000,
  0xAD55,0xAD55,0xAD55,0xAD55,0xAD55,0xAD55,0xAD55,0xAD55,0xAD55,0x0000,0x0000,0x0000,
  0x0000,0x0000,0x0000,0x0000,0x0000,0xF81F,0xF81F,0xF81F,0xF81F,0xF81F,0xF81F,0xF81F,
  0xF81F,0xF81F,0xF81F,0xF81F,0xF81F,0xF81F,0xF81F,0xF81F,0xF81F,0xF81F,0xF81F,0xF81F,
  0xF81F,0xF81F,0xF81F,0xF81F,0xF81F,0xF81F,0xF81F,0xF81F,0xF81F,0xF81F,0xF81F,0xF81F,
  0xF81F,0xF81F,0xF81F,0xF81F,0xF81F,0xF81F,0xF81F,0xF81F,0xF81F,0xF81F,0xF81F,0xF81F,
  0xF81F,0xF81F,0xF81F,0xF81F,0xF81F,0xF81F,0xF81F,0xF81F,0xF81F,0xF81F,0xF81F,0xF81F,
  0xF81F,0xF81F,0xF81F,0xF81F,0xF81F,0xF81F,0xF81F,0xF81F,0xF81F,0xF81F,0xF81F,0xF81F,
  0xF81F,0xF81F,0xF81F,0xF81F,0xF81F,0xF81F,0xF81F,0xF81F,0xF81F,0xF81F,0xF81F,0xF81F,
  0xF81F,0xF81F,0xF81F,0xF81F,0xF81F,0xF81F,0xF81F,0xF81F,0xF81F,0xF81F,0xF81F,0xF81F,
  0xF81F,0xF81F,0xF81F,0xF81F,0xF81F,0xF81F,0xF81F,0xF81F,0xF81F,0xF81F,0xF81F,0xF81F,
  0xF81F,0xF81F,0xF81F,0xF81F,0xF81F,0xF81F,0xF81F,0xF81F,0xF81F,0xF81F,0xF81F,0x0000,
  0x0000,0x0000,0x0000,0x0000,0x0000,0x0000,0x0000,0x0000,0xAD55,0xAD55,0xAD55,0xAD55,
  0xAD55,0xAD55,0xAD55,0xAD55,0x10A3,0x0000,0x0000,0x0000,0x0000,0x0000,0x0000,0x0000,
  0x0000,0x52AA,0xF81F,0xF81F,0xF81F,0xF81F,0xF81F,0xF81F,0xF81F,0xF81F,0xF81F,0xF81F,
  0xF81F,0xF81F,0xF81F,0xF81F,0xF81F,0xF81F,0xF81F,0xF81F,0xF81F,0xF81F,0xF81F,0xF81F,
  0xF81F,0xF81F,0xF81F,0x10A3,0x0000,0x0000,0x0000,0x0000,0x0000,0x0000,0x0000,0x0000,
  0xAD55,0xAD55,0xAD55,0xAD55,0xAD55,0xAD55,0xAD55,0xAD55,0xAD55,0x0000,0x0000,0x0000,
  0x0000,0x0000,0x0000,0x0000,0x0000,0xF81F,0xF81F,0xF81F,0xF81F,0xF81F,0xF81F,0xF81F,
  0xF81F,0xF81F,0xF81F,0xF81F,0xF81F,0xF81F,0xF81F,0xF81F,0xF81F,0xF81F,0xF81F,0xF81F,
  0xF81F,0xF81F,0xF81F,0xF81F,0xF81F,0xF81F,0xF81F,0xF81F,0xF81F,0xF81F,0xF81F,0xF81F,
  0xF81F,0xF81F,0xF81F,0xF81F,0xF81F,0xF81F,0xF81F,0xF81F,0xF81F,0xF81F,0xF81F,0xF81F,
  0xF81F,0xF81F,0xF81F,0xF81F,0xF81F,0xF81F,0xF81F,0xF81F,0xF81F,0xF81F,0xF81F,0xF81F,
  0xF81F,0xF81F,0xF81F,0xF81F,0xF81F,0xF81F,0xF81F,0xF81F,0xF81F,0xF81F,0xF81F,0xF81F,
  0xF81F,0xF81F,0xF81F,0xF81F,0xF81F,0xF81F,0xF81F,0xF81F,0xF81F,0xF81F,0xF81F,0xF81F,
  0xF81F,0xF81F,0xF81F,0xF81F,0xF81F,0xF81F,0xF81F,0xF81F,0xF81F,0xF81F,0xF81F,0xF81F,
  0xF81F,0xF81F,0xF81F,0xF81F,0xF81F,0xF81F,0xF81F,0xF81F,0xF81F,0xF81F,0xF81F,0xF81F,
  0xF81F,0xF81F,0xF81F,0xF81F,0xF81F,0xF81F,0xF81F,0xF81F,0xF81F,0xF81F,0xF81F,0x0000,
  0x0000,0x0000,0x0000,0x0000,0x0000,0x0000,0x0000,0x0000,0xAD55,0xAD55,0xAD55,0xAD55,
  0xAD55,0xAD55,0xAD55,0xAD55,0x10A3,0x0000,0x0000,0x0000,0x0000,0x0000,0x0000,0x0000,
  0x52AA,0x52AA,0x10A3,0x10A3,0x10A3,0x10A3,0x10A3,0x10A3,0x10A3,0x10A3,0x10A3,0x10A3,
  0x10A3,0x10A3,0x10A3,0x10A3,0x10A3,0x10A3,0x10A3,0x10A3,0x10A3,0x10A3,0x10A3,0x10A3,
  0x10A3,0x10A3,0x10A3,0x10A3,0x10A3,0x0000,0x0000,0x0000,0x0000,0x0000,0x0000,0x0000,
  0xAD55,0xAD55,0xAD55,0xAD55,0xAD55,0xAD55,0xAD55,0xAD55,0xAD55,0x0000,0x0000,0x0000,
  0x0000,0x0000,0x0000,0x0000,0x0000,0xF81F,0xF81F,0xF81F,0xF81F,0xF81F,0xF81F,0xF81F,
  0xF81F,0xF81F,0xF81F,0xF81F,0xF81F,0xF81F,0xF81F,0xF81F,0xF81F,0xF81F,0xF81F,0xF81F,
  0xF81F,0xF81F,0xF81F,0xF81F,0xF81F,0xF81F,0xF81F,0xF81F,0xF81F,0xF81F,0xF81F,0xF81F,
  0xF81F,0xF81F,0xF81F,0xF81F,0xF81F,0xF81F,0xF81F,0xF81F,0xF81F,0xF81F,0xF81F,0xF81F,
  0xF81F,0xF81F,0xF81F,0xF81F,0xF81F,0xF81F,0xF81F,0xF81F,0xF81F,0xF81F,0xF81F,0xF81F,
  0xF81F,0xF81F,0xF81F,0xF81F,0xF81F,0xF81F,0xF81F,0xF81F,0xF81F,0xF81F,0xF81F,0xF81F,
  0xF81F,0xF81F,0xF81F,0xF81F,0xF81F,0xF81F,0xF81F,0xF81F,0xF81F,0xF81F,0xF81F,0xF81F,
  0xF81F,0xF81F,0xF81F,0xF81F,0xF81F,0xF81F,0xF81F,0xF81F,0xF81F,0xF81F,0xF81F,0xF81F,
  0xF81F,0xF81F,0xF81F,0xF81F,0xF81F,0xF81F,0xF81F,0xF81F,0xF81F,0xF81F,0xF81F,0xF81F,
  0xF81F,0xF81F,0xF81F,0xF81F,0xF81F,0xF81F,0xF81F,0xF81F,0xF81F,0xF81F,0xF81F,0x0000,
  0x0000,0x0000,0x0000,0x0000,0x0000,0x0000,0x0000,0x0000,0xAD55,0xAD55,0xAD55,0xAD55,
  0xAD55,0xAD55,0xAD55,0xAD55,0x52AA,0x52AA,0x52AA,0x52AA,0x52AA,0x52AA,0x52AA,0x52AA,
  0x52AA,0x52AA,0x0000,0x0000,0x0000,0x0000,0x0000,0x0000,0x0000,0x0000,0x0000,0x0000,
  0x0000,0x0000,0x0000,0x0000,0x0000,0x0000,0x0000,0x0000,0x0000,0x0000,0x0000,0x0000,
  0x0000,0x0000,0x0000,0x52AA,0x52AA,0x52AA,0x52AA,0x52AA,0x52AA,0x52AA,0x52AA,0x52AA,
  0xAD55,0xAD55,0xAD55,0xAD55,0xAD55,0xAD55,0xAD55,0xAD55,0xAD55,0x0000,0x0000,0x0000,
  0x0000,0x0000,0x0000,0x0000,0x0000,0xF81F,0xF81F,0xF81F,0xF81F,0xF81F,0xF81F,0xF81F,
  0xF81F,0xF81F,0xF81F,0xF81F,0xF81F,0xF81F,0xF81F,0xF81F,0xF81F,0xF81F,0xF81F,0xF81F,
  0xF81F,0xF81F,0xF81F,0xF81F,0xF81F,0xF81F,0xF81F,0xF81F,0xF81F,0xF81F,0xF81F,0xF81F,
  0xF81F,0xF81F,0xF81F,0xF81F,0xF81F,0xF81F,0xF81F,0xF81F,0xF81F,0xF81F,0xF81F,0xF81F,
  0xF81F,0xF81F,0xF81F,0xF81F,0xF81F,0xF81F,0xF81F,0xF81F,0xF81F,0xF81F,0xF81F,0xF81F,
  0xF81F,0xF81F,0xF81F,0xF81F,0xF81F,0xF81F,0xF81F,0xF81F,0xF81F,0xF81F,0xF81F,0xF81F,
  0xF81F,0xF81F,0xF81F,0xF81F,0xF81F,0xF81F,0xF81F,0xF81F,0xF81F,0xF81F,0xF81F,0xF81F,
  0xF81F,0xF81F,0xF81F,0xF81F,0xF81F,0xF81F,0xF81F,0xF81F,0xF81F,0xF81F,0xF81F,0xF81F,
  0xF81F,0xF81F,0xF81F,0xF81F,0xF81F,0xF81F,0xF81F,0xF81F,0xF81F,0xF81F,0xF81F,0xF81F,
  0xF81F,0xF81F,0xF81F,0xF81F,0xF81F,0xF81F,0xF81F,0xF81F,0xF81F,0xF81F,0xF81F,0x0000,
  0x0000,0x0000,0x0000,0x0000,0x0000,0x0000,0x0000,0x0000,0xAD55,0xAD55,0xAD55,0xAD55,
  0xAD55,0xAD55,0xAD55,0xAD55,0x52AA,0x52AA,0x52AA,0x52AA,0x52AA,0x52AA,0x52AA,0x52AA,
  0x52AA,0x10A3,0x0000,0x0000,0x0000,0x0000,0x0000,0x0000,0x0000,0x0000,0x0000,0x0000,
  0x0000,0x0000,0x0000,0x0000,0x0000,0x0000,0x0000,0x0000,0x0000,0x0000,0x0000,0x0000,
  0x0000,0x0000,0x0000,0x52AA,0x52AA,0x52AA,0x52AA,0x52AA,0x52AA,0x52AA,0x52AA,0x52AA,
  0xAD55,0xAD55,0xAD55,0xAD55,0xAD55,0xAD55,0xAD55,0xAD55,0xAD55,0x0000,0x0000,0x0000,
  0x0000,0x0000,0x0000,0x0000,0x0000,0xF81F,0xF81F,0xF81F,0xF81F,0xF81F,0xF81F,0xF81F,
  0xF81F,0xF81F,0xF81F,0xF81F,0xF81F,0xF81F,0xF81F,0xF81F,0xF81F,0xF81F,0xF81F,0xF81F,
  0xF81F,0xF81F,0xF81F,0xF81F,0xF81F,0xF81F,0xF81F,0xF81F,0xF81F,0xF81F,0xF81F,0xF81F,
  0xF81F,0xF81F,0xF81F,0xF81F,0xF81F,0xF81F,0xF81F,0xF81F,0xF81F,0xF81F,0xF81F,0xF81F,
  0xF81F,0xF81F,0xF81F,0xF81F,0xF81F,0xF81F,0xF81F,0xF81F,0xF81F,0xF81F,0xF81F,0xF81F,
  0xF81F,0xF81F,0xF81F,0xF81F,0xF81F,0xF81F,0xF81F,0xF81F,0xF81F,0xF81F,0xF81F,0xF81F,
  0xF81F,0xF81F,0xF81F,0xF81F,0xF81F,0xF81F,0xF81F,0xF81F,0xF81F,0xF81F,0xF81F,0xF81F,
  0xF81F,0xF81F,0xF81F,0xF81F,0xF81F,0xF81F,0xF81F,0xF81F,0xF81F,0xF81F,0xF81F,0xF81F,
  0xF81F,0xF81F,0xF81F,0xF81F,0xF81F,0xF81F,0xF81F,0xF81F,0xF81F,0xF81F,0xF81F,0xF81F,
  0xF81F,0xF81F,0xF81F,0xF81F,0xF81F,0xF81F,0xF81F,0xF81F,0xF81F,0xF81F,0xF81F,0x0000,
  0x0000,0x0000,0x0000,0x0000,0x0000,0x0000,0x0000,0x0000,0xAD55,0xAD55,0xAD55,0xAD55,
  0xAD55,0xAD55,0xAD55,0xAD55,0x52AA,0x52AA,0x52AA,0x52AA,0x52AA,0x52AA,0x52AA,0x52AA,
  0x52AA,0x10A3,0x0000,0x0000,0x0000,0x0000,0x0000,0x0000,0x0000,0x0000,0x0000,0x0000,
  0x0000,0x0000,0x0000,0x0000,0x0000,0x0000,0x0000,0x0000,0x0000,0x0000,0x0000,0x0000,
  0x0000,0x0000,0x0000,0x52AA,0x52AA,0x52AA,0x52AA,0x52AA,0x52AA,0x52AA,0x52AA,0x52AA,
  0xAD55,0xAD55,0xAD55,0xAD55,0xAD55,0xAD55,0xAD55,0xAD55,0xAD55,0x0000,0x0000,0x0000,
  0x0000,0x0000,0x0000,0x0000,0x0000,0xF81F,0xF81F,0xF81F,0xF81F,0xF81F,0xF81F,0xF81F,
  0xF81F,0xF81F,0xF81F,0xF81F,0xF81F,0xF81F,0xF81F,0xF81F,0xF81F,0xF81F,0xF81F,0xF81F,
  0xF81F,0xF81F,0xF81F,0xF81F,0xF81F,0xF81F,0xF81F,0xF81F,0xF81F,0xF81F,0xF81F,0xF81F,
  0xF81F,0xF81F,0xF81F,0xF81F,0xF81F,0xF81F,0xF81F,0xF81F,0xF81F,0xF81F,0xF81F,0xF81F,
  0xF81F,0xF81F,0xF81F,0xF81F,0xF81F,0xF81F,0xF81F,0xF81F,0xF81F,0xF81F,0xF81F,0xF81F,
  0xF81F,0xF81F,0xF81F,0xF81F,0xF81F,0xF81F,0xF81F,0xF81F,0xF81F,0xF81F,0xF81F,0xF81F,
  0xF81F,0xF81F,0xF81F,0xF81F,0xF81F,0xF81F,0xF81F,0xF81F,0xF81F,0xF81F,0xF81F,0xF81F,
  0xF81F,0xF81F,0xF81F,0xF81F,0xF81F,0xF81F,0xF81F,0xF81F,0xF81F,0xF81F,0xF81F,0xF81F,
  0xF81F,0xF81F,0xF81F,0xF81F,0xF81F,0xF81F,0xF81F,0xF81F,0xF81F,0xF81F,0xF81F,0xF81F,
  0xF81F,0xF81F,0xF81F,0xF81F,0xF81F,0xF81F,0xF81F,0xF81F,0xF81F,0xF81F,0xF81F,0x0000,
  0x0000,0x0000,0x0000,0x0000,0x0000,0x0000,0x0000,0x0000,0xAD55,0xAD55,0xAD55,0xAD55,
  0xAD55,0xAD55,0xAD55,0xAD55,0x52AA,0x52AA,0x52AA,0x52AA,0x52AA,0x52AA,0x52AA,0x52AA,
  0x52AA,0x10A3,0x0000,0x0000,0x0000,0x0000,0x0000,0x0000,0x0000,0x0000,0x0000,0x0000,
  0x0000,0x0000,0x0000,0x0000,0x0000,0x0000,0x0000,0x0000,0x0000,0x0000,0x0000,0x0000,
  0x0000,0x0000,0x0000,0x52AA,0x52AA,0x52AA,0x52AA,0x52AA,0x52AA,0x52AA,0x52AA,0x52AA,
  0xAD55,0xAD55,0xAD55,0xAD55,0xAD55,0xAD55,0xAD55,0xAD55,0xAD55,0x0000,0x0000,0x0000,
  0x0000,0x0000,0x0000,0x0000,0x0000,0xF81F,0xF81F,0xF81F,0xF81F,0xF81F,0xF81F,0xF81F,
  0xF81F,0xF81F,0xF81F,0xF81F,0xF81F,0xF81F,0xF81F,0xF81F,0xF81F,0xF81F,0xF81F,0xF81F,
  0xF81F,0xF81F,0xF81F,0xF81F,0xF81F,0xF81F,0xF81F,0xF81F,0xF81F,0xF81F,0xF81F,0xF81F,
  0xF81F,0xF81F,0xF81F,0xF81F,0xF81F,0xF81F,0xF81F,0xF81F,0xF81F,0xF81F,0xF81F,0xF81F,
  0xF81F,0xF81F,0xF81F,0xF81F,0xF81F,0xF81F,0xF81F,0xF81F,0xF81F,0xF81F,0xF81F,0xF81F,
  0xF81F,0xF81F,0xF81F,0xF81F,0xF81F,0xF81F,0xF81F,0xF81F,0xF81F,0xF81F,0xF81F,0xF81F,
  0xF81F,0xF81F,0xF81F,0xF81F,0xF81F,0xF81F,0xF81F,0xF81F,0xF81F,0xF81F,0xF81F,0xF81F,
  0xF81F,0xF81F,0xF81F,0xF81F,0xF81F,0xF81F,0xF81F,0xF81F,0xF81F,0xF81F,0xF81F,0xF81F,
  0xF81F,0xF81F,0xF81F,0xF81F,0xF81F,0xF81F,0xF81F,0xF81F,0xF81F,0xF81F,0xF81F,0xF81F,
  0xF81F,0xF81F,0xF81F,0xF81F,0xF81F,0xF81F,0xF81F,0xF81F,0xF81F,0xF81F,0xF81F,0x0000,
  0x0000,0x0000,0x0000,0x0000,0x0000,0x0000,0x0000,0x0000,0xAD55,0xAD55,0xAD55,0xAD55,
  0xAD55,0xAD55,0xAD55,0xAD55,0x52AA,0x52AA,0x52AA,0x52AA,0x52AA,0x52AA,0x52AA,0x52AA,
  0x52AA,0x10A3,0x0000,0x0000,0x0000,0x0000,0x0000,0x0000,0x0000,0x0000,0x0000,0x0000,
  0x0000,0x0000,0x0000,0x0000,0x0000,0x0000,0x0000,0x0000,0x0000,0x0000,0x0000,0x0000,
  0x0000,0x0000,0x0000,0x52AA,0x52AA,0x52AA,0x52AA,0x52AA,0x52AA,0x52AA,0x52AA,0x52AA,
  0xAD55,0xAD55,0xAD55,0xAD55,0xAD55,0xAD55,0xAD55,0xAD55,0xAD55,0x0000,0x0000,0x0000,
  0x0000,0x0000,0x0000,0x0000,0x0000,0xF81F,0xF81F,0xF81F,0xF81F,0xF81F,0xF81F,0xF81F,
  0xF81F,0xF81F,0xF81F,0xF81F,0xF81F,0xF81F,0xF81F,0xF81F,0xF81F,0xF81F,0xF81F,0xF81F,
  0xF81F,0xF81F,0xF81F,0xF81F,0xF81F,0xF81F,0xF81F,0xF81F,0xF81F,0xF81F,0xF81F,0xF81F,
  0xF81F,0xF81F,0xF81F,0xF81F,0xF81F,0xF81F,0xF81F,0xF81F,0xF81F,0xF81F,0xF81F,0xF81F,
  0xF81F,0xF81F,0xF81F,0xF81F,0xF81F,0xF81F,0xF81F,0xF81F,0xF81F,0xF81F,0xF81F,0xF81F,
  0xF81F,0xF81F,0xF81F,0xF81F,0xF81F,0xF81F,0xF81F,0xF81F,0xF81F,0xF81F,0xF81F,0xF81F,
  0xF81F,0xF81F,0xF81F,0xF81F,0xF81F,0xF81F,0xF81F,0xF81F,0xF81F,0xF81F,0xF81F,0xF81F,
  0xF81F,0xF81F,0xF81F,0xF81F,0xF81F,0xF81F,0xF81F,0xF81F,0xF81F,0xF81F,0xF81F,0xF81F,
  0xF81F,0xF81F,0xF81F,0xF81F,0xF81F,0xF81F,0xF81F,0xF81F,0xF81F,0xF81F,0xF81F,0xF81F,
  0xF81F,0xF81F,0xF81F,0xF81F,0xF81F,0xF81F,0xF81F,0xF81F,0xF81F,0xF81F,0xF81F,0x0000,
  0x0000,0x0000,0x0000,0x0000,0x0000,0x0000,0x0000,0x0000,0xAD55,0xAD55,0xAD55,0xAD55,
  0xAD55,0xAD55,0xAD55,0xAD55,0x52AA,0x52AA,0x52AA,0x52AA,0x52AA,0x52AA,0x52AA,0x52AA,
  0x52AA,0x10A3,0x0000,0x0000,0x0000,0x0000,0x0000,0x0000,0x0000,0x0000,0x0000,0x0000,
  0x0000,0x0000,0x0000,0x0000,0x0000,0x0000,0x0000,0x0000,0x0000,0x0000,0x0000,0x0000,
  0x0000,0x0000,0x0000,0x52AA,0x52AA,0x52AA,0x52AA,0x52AA,0x52AA,0x52AA,0x52AA,0x52AA,
  0xAD55,0xAD55,0xAD55,0xAD55,0xAD55,0xAD55,0xAD55,0xAD55,0xAD55,0x0000,0x0000,0x0000,
  0x0000,0x0000,0x0000,0x0000,0x0000,0xF81F,0xF81F,0xF81F,0xF81F,0xF81F,0xF81F,0xF81F,
  0xF81F,0xF81F,0xF81F,0xF81F,0xF81F,0xF81F,0xF81F,0xF81F,0xF81F,0xF81F,0xF81F,0xF81F,
  0xF81F,0xF81F,0xF81F,0xF81F,0xF81F,0xF81F,0xF81F,0xF81F,0xF81F,0xF81F,0xF81F,0xF81F,
  0xF81F,0xF81F,0xF81F,0xF81F,0xF81F,0xF81F,0xF81F,0xF81F,0xF81F,0xF81F,0xF81F,0xF81F,
  0xF81F,0xF81F,0xF81F,0xF81F,0xF81F,0xF81F,0xF81F,0xF81F,0xF81F,0xF81F,0xF81F,0xF81F,
  0xF81F,0xF81F,0xF81F,0xF81F,0xF81F,0xF81F,0xF81F,0xF81F,0xF81F,0xF81F,0xF81F,0xF81F,
  0xF81F,0xF81F,0xF81F,0xF81F,0xF81F,0xF81F,0xF81F,0xF81F,0xF81F,0xF81F,0xF81F,0xF81F,
  0xF81F,0xF81F,0xF81F,0xF81F,0xF81F,0xF81F,0xF81F,0xF81F,0xF81F,0xF81F,0xF81F,0xF81F,
  0xF81F,0xF81F,0xF81F,0xF81F,0xF81F,0xF81F,0xF81F,0xF81F,0xF81F,0xF81F,0xF81F,0xF81F,
  0xF81F,0xF81F,0xF81F,0xF81F,0xF81F,0xF81F,0xF81F,0xF81F,0xF81F,0xF81F,0xF81F,0x0000,
  0x0000,0x0000,0x0000,0x0000,0x0000,0x0000,0x0000,0x0000,0xAD55,0xAD55,0xAD55,0xAD55,
  0xAD55,0xAD55,0xAD55,0xAD55,0x52AA,0x52AA,0x52AA,0x52AA,0x52AA,0x52AA,0x52AA,0x52AA,
  0x52AA,0x10A3,0x0000,0x0000,0x0000,0x0000,0x0000,0x0000,0x0000,0x0000,0x0000,0x0000,
  0x0000,0x0000,0x0000,0x0000,0x0000,0x0000,0x0000,0x0000,0x0000,0x0000,0x0000,0x0000,
  0x0000,0x0000,0x0000,0x52AA,0x52AA,0x52AA,0x52AA,0x52AA,0x52AA,0x52AA,0x52AA,0x52AA,
  0xAD55,0xAD55,0xAD55,0xAD55,0xAD55,0xAD55,0xAD55,0xAD55,0xAD55,0x0000,0x0000,0x0000,
  0x0000,0x0000,0x0000,0x0000,0x0000,0xF81F,0xF81F,0xF81F,0xF81F,0xF81F,0xF81F,0xF81F,
  0xF81F,0xF81F,0xF81F,0xF81F,0xF81F,0xF81F,0xF81F,0xF81F,0xF81F,0xF81F,0xF81F,0xF81F,
  0xF81F,0xF81F,0xF81F,0xF81F,0xF81F,0xF81F,0xF81F,0xF81F,0xF81F,0xF81F,0xF81F,0xF81F,
  0xF81F,0xF81F,0xF81F,0xF81F,0xF81F,0xF81F,0xF81F,0xF81F,0xF81F,0xF81F,0xF81F,0xF81F,
  0xF81F,0xF81F,0xF81F,0xF81F,0xF81F,0xF81F,0xF81F,0xF81F,0xF81F,0xF81F,0xF81F,0xF81F,
  0xF81F,0xF81F,0xF81F,0xF81F,0xF81F,0xF81F,0xF81F,0xF81F,0xF81F,0xF81F,0xF81F,0xF81F,
  0xF81F,0xF81F,0xF81F,0xF81F,0xF81F,0xF81F,0xF81F,0xF81F,0xF81F,0xF81F,0xF81F,0xF81F,
  0xF81F,0xF81F,0xF81F,0xF81F,0xF81F,0xF81F,0xF81F,0xF81F,0xF81F,0xF81F,0xF81F,0xF81F,
  0xF81F,0xF81F,0xF81F,0xF81F,0xF81F,0xF81F,0xF81F,0xF81F,0xF81F,0xF81F,0xF81F,0xF81F,
  0xF81F,0xF81F,0xF81F,0x0000,0xF81F,0xF81F,0xF81F,0xF81F,0xF81F,0xF81F,0xF81F,0x10A3,
  0x0000,0x0000,0x0000,0x0000,0x0000,0x0000,0x0000,0x0000,0xAD55,0xAD55,0xAD55,0xAD55,
  0xAD55,0xAD55,0xAD55,0xAD55,0x52AA,0x52AA,0x52AA,0x52AA,0x52AA,0x52AA,0x52AA,0x52AA,
  0x52AA,0x10A3,0x0000,0x0000,0x0000,0x0000,0x0000,0x0000,0x0000,0x0000,0x0000,0x0000,
  0x0000,0x0000,0x0000,0x0000,0x0000,0x0000,0x0000,0x0000,0x0000,0x0000,0x0000,0x0000,
  0x0000,0x0000,0x0000,0x52AA,0x52AA,0x52AA,0x52AA,0x52AA,0x52AA,0x52AA,0x52AA,0x52AA,
  0xAD55,0xAD55,0xAD55,0xAD55,0xAD55,0xAD55,0xAD55,0xAD55,0xAD55,0x0000,0x0000,0x0000,
  0x0000,0x0000,0x0000,0x0000,0x0000,0xF81F,0xF81F,0xF81F,0xF81F,0xF81F,0xF81F,0xF81F,
  0xF81F,0x10A3,0xF81F,0xF81F,0xF81F,0xF81F,0xF81F,0xF81F,0xF81F,0xF81F,0xF81F,0xF81F,
  0xF81F,0xF81F,0xF81F,0xF81F,0xF81F,0xF81F,0xF81F,0xF81F,0xF81F,0xF81F,0xF81F,0xF81F,
  0xF81F,0xF81F,0xF81F,0xF81F,0xF81F,0xF81F,0xF81F,0xF81F,0xF81F,0xF81F,0xF81F,0xF81F,
  0xF81F,0xF81F,0xF81F,0xF81F,0xF81F,0xF81F,0xF81F,0xF81F,0xF81F,0xF81F,0xF81F,0xF81F,
  0xF81F,0xF81F,0xF81F,0xF81F,0xF81F,0xF81F,0xF81F,0xF81F,0xF81F,0xF81F,0xF81F,0xF81F,
  0xF81F,0xF81F,0xF81F,0xF81F,0xF81F,0xF81F,0xF81F,0xF81F,0xF81F,0xF81F,0xF81F,0xF81F,
  0xF81F,0xF81F,0xF81F,0xF81F,0xF81F,0xF81F,0xF81F,0xF81F,0xF81F,0xF81F,0xF81F,0xF81F,
  0xF81F,0xF81F,0xF81F,0xF81F,0xF81F,0xF81F,0xF81F,0xF81F,0xF81F,0xF81F,0xF81F,0xF81F,
  0xF81F,0xF81F,0xF81F,0x0000,0x10A3,0x10A3,0x10A3,0x10A3,0x10A3,0x10A3,0x10A3,0x10A3,
  0x52AA,0x52AA,0x52AA,0x52AA,0x52AA,0x52AA,0x52AA,0x52AA,0xAD55,0xAD55,0xAD55,0xAD55,
  0xAD55,0xAD55,0xAD55,0xAD55,0xAD55,0xAD55,0xAD55,0xAD55,0xAD55,0xAD55,0xAD55,0xAD55,
  0xAD55,0x52AA,0x52AA,0x52AA,0x52AA,0x52AA,0x52AA,0x52AA,0x52AA,0x52AA,0x52AA,0x52AA,
  0x52AA,0x52AA,0x52AA,0x52AA,0x52AA,0x52AA,0x52AA,0x52AA,0x52AA,0x52AA,0x52AA,0x52AA,
  0x52AA,0x52AA,0x52AA,0xAD55,0xAD55,0xAD55,0xAD55,0xAD55,0xAD55,0xAD55,0xAD55,0xAD55,
  0xAD55,0xAD55,0xAD55,0xAD55,0xAD55,0xAD55,0xAD55,0xAD55,0xAD55,0x52AA,0x52AA,0x52AA,
  0x52AA,0x52AA,0x52AA,0x52AA,0x52AA,0x10A3,0x10A3,0x10A3,0x10A3,0x10A3,0x10A3,0x10A3,
  0x10A3,0x10A3,0x10A3,0xF81F,0xF81F,0xF81F,0xF81F,0xF81F,0xF81F,0xF81F,0xF81F,0xF81F,
  0xF81F,0xF81F,0xF81F,0xF81F,0xF81F,0xF81F,0xF81F,0xF81F,0xF81F,0xF81F,0xF81F,0xF81F,
  0xF81F,0xF81F,0xF81F,0xF81F,0xF81F,0xF81F,0xF81F,0xF81F,0xF81F,0xF81F,0xF81F,0xF81F,
  0xF81F,0xF81F,0xF81F,0xF81F,0xF81F,0xF81F,0xF81F,0xF81F,0xF81F,0xF81F,0xF81F,0xF81F,
  0xF81F,0xF81F,0xF81F,0xF81F,0xF81F,0xF81F,0xF81F,0xF81F,0xF81F,0xF81F,0xF81F,0xF81F,
  0xF81F,0xF81F,0xF81F,0xF81F,0xF81F,0xF81F,0xF81F,0xF81F,0xF81F,0xF81F,0xF81F,0xF81F,
  0xF81F,0xF81F,0xF81F,0xF81F,0xF81F,0xF81F,0xF81F,0xF81F,0xF81F,0xF81F,0xF81F,0xF81F,
  0xF81F,0xF81F,0xF81F,0xF81F,0xF81F,0xF81F,0xF81F,0xF81F,0xF81F,0xF81F,0xF81F,0xF81F,
  0xF81F,0xF81F,0xF81F,0x0000,0x0000,0x0000,0x0000,0x0000,0x0000,0x0000,0x0000,0x52AA,
  0x52AA,0x52AA,0x52AA,0x52AA,0x52AA,0x52AA,0x52AA,0x52AA,0xAD55,0xAD55,0xAD55,0xAD55,
  0xAD55,0xAD55,0xAD55,0xAD55,0xAD55,0xAD55,0xAD55,0xAD55,0xAD55,0xAD55,0xAD55,0xAD55,
  0xAD55,0x52AA,0x52AA,0x52AA,0x52AA,0x52AA,0x52AA,0x52AA,0x52AA,0x52AA,0x52AA,0x52AA,
  0x52AA,0x52AA,0x52AA,0x52AA,0x52AA,0x52AA,0x52AA,0x52AA,0x52AA,0x52AA,0x52AA,0x52AA,
  0x52AA,0x52AA,0x52AA,0xAD55,0xAD55,0xAD55,0xAD55,0xAD55,0xAD55,0xAD55,0xAD55,0xAD55,
  0xAD55,0xAD55,0xAD55,0xAD55,0xAD55,0xAD55,0xAD55,0xAD55,0xAD55,0x52AA,0x52AA,0x52AA,
  0x52AA,0x52AA,0x52AA,0x52AA,0x52AA,0x0000,0x0000,0x0000,0x0000,0x0000,0x0000,0x0000,
  0x0000,0x10A3,0x10A3,0xF81F,0xF81F,0xF81F,0xF81F,0xF81F,0xF81F,0xF81F,0xF81F,0xF81F,
  0xF81F,0xF81F,0xF81F,0xF81F,0xF81F,0xF81F,0xF81F,0xF81F,0xF81F,0xF81F,0xF81F,0xF81F,
  0xF81F,0xF81F,0xF81F,0xF81F,0xF81F,0xF81F,0xF81F,0xF81F,0xF81F,0xF81F,0xF81F,0xF81F,
  0xF81F,0xF81F,0xF81F,0xF81F,0xF81F,0xF81F,0xF81F,0xF81F,0xF81F,0xF81F,0xF81F,0xF81F,
  0xF81F,0xF81F,0xF81F,0xF81F,0xF81F,0xF81F,0xF81F,0xF81F,0xF81F,0xF81F,0xF81F,0xF81F,
  0xF81F,0xF81F,0xF81F,0xF81F,0xF81F,0xF81F,0xF81F,0xF81F,0xF81F,0xF81F,0xF81F,0xF81F,
  0xF81F,0xF81F,0xF81F,0xF81F,0xF81F,0xF81F,0xF81F,0xF81F,0xF81F,0xF81F,0xF81F,0xF81F,
  0xF81F,0xF81F,0xF81F,0xF81F,0xF81F,0xF81F,0xF81F,0xF81F,0xF81F,0xF81F,0xF81F,0xF81F,
  0xF81F,0xF81F,0xF81F,0x0000,0x0000,0x0000,0x0000,0x0000,0x0000,0x0000,0x0000,0x52AA,
  0x52AA,0x52AA,0x52AA,0x52AA,0x52AA,0x52AA,0x52AA,0x52AA,0xAD55,0xAD55,0xAD55,0xAD55,
  0xAD55,0xAD55,0xAD55,0xAD55,0xAD55,0xAD55,0xAD55,0xAD55,0xAD55,0xAD55,0xAD55,0xAD55,
  0xAD55,0xAD55,0x52AA,0x52AA,0x52AA,0x52AA,0x52AA,0x52AA,0x52AA,0x52AA,0x52AA,0x52AA,
  0x52AA,0x52AA,0x52AA,0x52AA,0x52AA,0x52AA,0x52AA,0x52AA,0x52AA,0x52AA,0x52AA,0x52AA,
  0x52AA,0x52AA,0x52AA,0xAD55,0xAD55,0xAD55,0xAD55,0xAD55,0xAD55,0xAD55,0xAD55,0xAD55,
  0xAD55,0xAD55,0xAD55,0xAD55,0xAD55,0xAD55,0xAD55,0xAD55,0xAD55,0x52AA,0x52AA,0x52AA,
  0x52AA,0x52AA,0x52AA,0x52AA,0x52AA,0x0000,0x0000,0x0000,0x0000,0x0000,0x0000,0x0000,
  0x0000,0x0000,0x10A3,0xF81F,0xF81F,0xF81F,0xF81F,0xF81F,0xF81F,0xF81F,0xF81F,0xF81F,
  0xF81F,0xF81F,0xF81F,0xF81F,0xF81F,0xF81F,0xF81F,0xF81F,0xF81F,0xF81F,0xF81F,0xF81F,
  0xF81F,0xF81F,0xF81F,0xF81F,0xF81F,0xF81F,0xF81F,0xF81F,0xF81F,0xF81F,0xF81F,0xF81F,
  0xF81F,0xF81F,0xF81F,0xF81F,0xF81F,0xF81F,0xF81F,0xF81F,0xF81F,0xF81F,0xF81F,0xF81F,
  0xF81F,0xF81F,0xF81F,0xF81F,0xF81F,0xF81F,0xF81F,0xF81F,0xF81F,0xF81F,0xF81F,0xF81F,
  0xF81F,0xF81F,0xF81F,0xF81F,0xF81F,0xF81F,0xF81F,0xF81F,0xF81F,0xF81F,0xF81F,0xF81F,
  0xF81F,0xF81F,0xF81F,0xF81F,0xF81F,0xF81F,0xF81F,0xF81F,0xF81F,0xF81F,0xF81F,0xF81F,
  0xF81F,0xF81F,0xF81F,0xF81F,0xF81F,0xF81F,0xF81F,0xF81F,0xF81F,0xF81F,0xF81F,0xF81F,
  0xF81F,0xF81F,0xF81F,0x0000,0x0000,0x0000,0x0000,0x0000,0x0000,0x0000,0x0000,0x52AA,
  0x52AA,0x52AA,0x52AA,0x52AA,0x52AA,0x52AA,0x52AA,0x52AA,0xAD55,0xAD55,0xAD55,0xAD55,
  0xAD55,0xAD55,0xAD55,0xAD55,0xAD55,0xAD55,0xAD55,0xAD55,0xAD55,0xAD55,0xAD55,0xAD55,
  0xAD55,0x52AA,0x52AA,0x52AA,0x52AA,0x52AA,0x52AA,0x52AA,0x52AA,0x52AA,0x52AA,0x52AA,
  0x52AA,0x52AA,0x52AA,0x52AA,0x52AA,0x52AA,0x52AA,0x52AA,0x52AA,0x52AA,0x52AA,0x52AA,
  0x52AA,0x52AA,0x52AA,0xAD55,0xAD55,0xAD55,0xAD55,0xAD55,0xAD55,0xAD55,0xAD55,0xAD55,
  0xAD55,0xAD55,0xAD55,0xAD55,0xAD55,0xAD55,0xAD55,0xAD55,0xAD55,0x52AA,0x52AA,0x52AA,
  0x52AA,0x52AA,0x52AA,0x52AA,0x52AA,0x0000,0x0000,0x0000,0x0000,0x0000,0x0000,0x0000,
  0x0000,0x0000,0x10A3,0xF81F,0xF81F,0xF81F,0xF81F,0xF81F,0xF81F,0xF81F,0xF81F,0xF81F,
  0xF81F,0xF81F,0xF81F,0xF81F,0xF81F,0xF81F,0xF81F,0xF81F,0xF81F,0xF81F,0xF81F,0xF81F,
  0xF81F,0xF81F,0xF81F,0xF81F,0xF81F,0xF81F,0xF81F,0xF81F,0xF81F,0xF81F,0xF81F,0xF81F,
  0xF81F,0xF81F,0xF81F,0xF81F,0xF81F,0xF81F,0xF81F,0xF81F,0xF81F,0xF81F,0xF81F,0xF81F,
  0xF81F,0xF81F,0xF81F,0xF81F,0xF81F,0xF81F,0xF81F,0xF81F,0xF81F,0xF81F,0xF81F,0xF81F,
  0xF81F,0xF81F,0xF81F,0xF81F,0xF81F,0xF81F,0xF81F,0xF81F,0xF81F,0xF81F,0xF81F,0xF81F,
  0xF81F,0xF81F,0xF81F,0xF81F,0xF81F,0xF81F,0xF81F,0xF81F,0xF81F,0xF81F,0xF81F,0xF81F,
  0xF81F,0xF81F,0xF81F,0xF81F,0xF81F,0xF81F,0xF81F,0xF81F,0xF81F,0xF81F,0xF81F,0xF81F,
  0xF81F,0xF81F,0xF81F,0x0000,0x0000,0x0000,0x0000,0x0000,0x0000,0x0000,0x0000,0x52AA,
  0x52AA,0x52AA,0x52AA,0x52AA,0x52AA,0x52AA,0x52AA,0x52AA,0xAD55,0xAD55,0xAD55,0xAD55,
  0xAD55,0xAD55,0xAD55,0xAD55,0xAD55,0xAD55,0xAD55,0xAD55,0xAD55,0xAD55,0xAD55,0xAD55,
  0xAD55,0x52AA,0x52AA,0x52AA,0x52AA,0x52AA,0x52AA,0x52AA,0x52AA,0x52AA,0x52AA,0x52AA,
  0x52AA,0x52AA,0x52AA,0x52AA,0x52AA,0x52AA,0x52AA,0x52AA,0x52AA,0x52AA,0x52AA,0x52AA,
  0x52AA,0x52AA,0x52AA,0xAD55,0xAD55,0xAD55,0xAD55,0xAD55,0xAD55,0xAD55,0xAD55,0xAD55,
  0xAD55,0xAD55,0xAD55,0xAD55,0xAD55,0xAD55,0xAD55,0xAD55,0x52AA,0x52AA,0x52AA,0x52AA,
  0x52AA,0x52AA,0x52AA,0x52AA,0x52AA,0x0000,0x0000,0x0000,0x0000,0x0000,0x0000,0x0000,
  0x0000,0x10A3,0x10A3,0xF81F,0xF81F,0xF81F,0xF81F,0xF81F,0xF81F,0xF81F,0xF81F,0xF81F,
  0xF81F,0xF81F,0xF81F,0xF81F,0xF81F,0xF81F,0xF81F,0xF81F,0xF81F,0xF81F,0xF81F,0xF81F,
  0xF81F,0xF81F,0xF81F,0xF81F,0xF81F,0xF81F,0xF81F,0xF81F,0xF81F,0xF81F,0xF81F,0xF81F,
  0xF81F,0xF81F,0xF81F,0xF81F,0xF81F,0xF81F,0xF81F,0xF81F,0xF81F,0xF81F,0xF81F,0xF81F,
  0xF81F,0xF81F,0xF81F,0xF81F,0xF81F,0xF81F,0xF81F,0xF81F,0xF81F,0xF81F,0xF81F,0xF81F,
  0xF81F,0xF81F,0xF81F,0xF81F,0xF81F,0xF81F,0xF81F,0xF81F,0xF81F,0xF81F,0xF81F,0xF81F,
  0xF81F,0xF81F,0xF81F,0xF81F,0xF81F,0xF81F,0xF81F,0xF81F,0xF81F,0xF81F,0xF81F,0xF81F,
  0xF81F,0xF81F,0xF81F,0xF81F,0xF81F,0xF81F,0xF81F,0xF81F,0xF81F,0xF81F,0xF81F,0xF81F,
  0xF81F,0xF81F,0xF81F,0x0000,0x0000,0x0000,0x0000,0x0000,0x0000,0x0000,0x0000,0x52AA,
  0x52AA,0x52AA,0x52AA,0x52AA,0x52AA,0x52AA,0x52AA,0x52AA,0xAD55,0xAD55,0xAD55,0xAD55,
  0xAD55,0xAD55,0xAD55,0xAD55,0xAD55,0xAD55,0xAD55,0xAD55,0xAD55,0xAD55,0xAD55,0xAD55,
  0xAD55,0xAD55,0x52AA,0x52AA,0x52AA,0x52AA,0x52AA,0x52AA,0x52AA,0x52AA,0x52AA,0x52AA,
  0x52AA,0x52AA,0x52AA,0x52AA,0x52AA,0x52AA,0x52AA,0x52AA,0x52AA,0x52AA,0x52AA,0x52AA,
  0x52AA,0x52AA,0x52AA,0xAD55,0xAD55,0xAD55,0xAD55,0xAD55,0xAD55,0xAD55,0xAD55,0xAD55,
  0xAD55,0xAD55,0xAD55,0xAD55,0xAD55,0xAD55,0xAD55,0xAD55,0xAD55,0x52AA,0x52AA,0x52AA,
  0x52AA,0x52AA,0x52AA,0x52AA,0x52AA,0x0000,0x0000,0x0000,0x0000,0x0000,0x0000,0x0000,
  0x0000,0x10A3,0x10A3,0xF81F,0xF81F,0xF81F,0xF81F,0xF81F,0xF81F,0xF81F,0xF81F,0xF81F,
  0xF81F,0xF81F,0xF81F,0xF81F,0xF81F,0xF81F,0xF81F,0xF81F,0xF81F,0xF81F,0xF81F,0xF81F,
  0xF81F,0xF81F,0xF81F,0xF81F,0xF81F,0xF81F,0xF81F,0xF81F,0xF81F,0xF81F,0xF81F,0xF81F,
  0xF81F,0xF81F,0xF81F,0xF81F,0xF81F,0xF81F,0xF81F,0xF81F,0xF81F,0xF81F,0xF81F,0xF81F,
  0xF81F,0xF81F,0xF81F,0xF81F,0xF81F,0xF81F,0xF81F,0xF81F,0xF81F,0xF81F,0xF81F,0xF81F,
  0xF81F,0xF81F,0xF81F,0xF81F,0xF81F,0xF81F,0xF81F,0xF81F,0xF81F,0xF81F,0xF81F,0xF81F,
  0xF81F,0xF81F,0xF81F,0xF81F,0xF81F,0xF81F,0xF81F,0xF81F,0xF81F,0xF81F,0xF81F,0xF81F,
  0xF81F,0xF81F,0xF81F,0xF81F,0xF81F,0xF81F,0xF81F,0xF81F,0xF81F,0xF81F,0xF81F,0xF81F,
  0xF81F,0xF81F,0xF81F,0x0000,0x0000,0x0000,0x0000,0x0000,0x0000,0x0000,0x0000,0x52AA,
  0x52AA,0x52AA,0x52AA,0x52AA,0x52AA,0x52AA,0x52AA,0x52AA,0xAD55,0xAD55,0xAD55,0xAD55,
  0xAD55,0xAD55,0xAD55,0xAD55,0xAD55,0xAD55,0xAD55,0xAD55,0xAD55,0xAD55,0xAD55,0xAD55,
  0xAD55,0xAD55,0x52AA,0x52AA,0x52AA,0x52AA,0x52AA,0x52AA,0x52AA,0x52AA,0x52AA,0x52AA,
  0x52AA,0x52AA,0x52AA,0x52AA,0x52AA,0x52AA,0x52AA,0x52AA,0x52AA,0x52AA,0x52AA,0x52AA,
  0x52AA,0x52AA,0x52AA,0xAD55,0xAD55,0xAD55,0xAD55,0xAD55,0xAD55,0xAD55,0xAD55,0xAD55,
  0xAD55,0xAD55,0xAD55,0xAD55,0xAD55,0xAD55,0xAD55,0xAD55,0xAD55,0x52AA,0x52AA,0x52AA,
  0x52AA,0x52AA,0x52AA,0x52AA,0x52AA,0x0000,0x0000,0x0000,0x0000,0x0000,0x0000,0x0000,
  0x0000,0x10A3,0x10A3,0xF81F,0xF81F,0xF81F,0xF81F,0xF81F,0xF81F,0xF81F,0xF81F,0xF81F,
  0xF81F,0xF81F,0xF81F,0xF81F,0xF81F,0xF81F,0xF81F,0xF81F,0xF81F,0xF81F,0xF81F,0xF81F,
  0xF81F,0xF81F,0xF81F,0xF81F,0xF81F,0xF81F,0xF81F,0xF81F,0xF81F,0xF81F,0xF81F,0xF81F,
  0xF81F,0xF81F,0xF81F,0xF81F,0xF81F,0xF81F,0xF81F,0xF81F,0xF81F,0xF81F,0xF81F,0xF81F,
  0xF81F,0xF81F,0xF81F,0xF81F,0xF81F,0xF81F,0xF81F,0xF81F,0xF81F,0xF81F,0xF81F,0xF81F,
  0xF81F,0xF81F,0xF81F,0xF81F,0xF81F,0xF81F,0xF81F,0xF81F,0xF81F,0xF81F,0xF81F,0xF81F,
  0xF81F,0xF81F,0xF81F,0xF81F,0xF81F,0xF81F,0xF81F,0xF81F,0xF81F,0xF81F,0xF81F,0xF81F,
  0xF81F,0xF81F,0xF81F,0xF81F,0xF81F,0xF81F,0xF81F,0xF81F,0xF81F,0xF81F,0xF81F,0xF81F,
  0xF81F,0xF81F,0xF81F,0x0000,0x0000,0x0000,0x0000,0x0000,0x0000,0x0000,0x0000,0x52AA,
  0x52AA,0x52AA,0x52AA,0x52AA,0x52AA,0x52AA,0x52AA,0x52AA,0xAD55,0xAD55,0xAD55,0xAD55,
  0xAD55,0xAD55,0xAD55,0xAD55,0xAD55,0xAD55,0xAD55,0xAD55,0xAD55,0xAD55,0xAD55,0xAD55,
  0xAD55,0x52AA,0x52AA,0x52AA,0x52AA,0x52AA,0x52AA,0x52AA,0x52AA,0x52AA,0x52AA,0x52AA,
  0x52AA,0x52AA,0x52AA,0x52AA,0x52AA,0x52AA,0x52AA,0x52AA,0x52AA,0x52AA,0x52AA,0x52AA,
  0x52AA,0x52AA,0x52AA,0xAD55,0xAD55,0xAD55,0xAD55,0xAD55,0xAD55,0xAD55,0xAD55,0xAD55,
  0xAD55,0xAD55,0xAD55,0xAD55,0xAD55,0xAD55,0xAD55,0xAD55,0xAD55,0x52AA,0x52AA,0x52AA,
  0x52AA,0x52AA,0x52AA,0x52AA,0x52AA,0x0000,0x0000,0x0000,0x0000,0x0000,0x0000,0x0000,
  0x0000,0x10A3,0x10A3,0xF81F,0xF81F,0xF81F,0xF81F,0xF81F,0xF81F,0xF81F,0xF81F,0xF81F,
  0xF81F,0xF81F,0xF81F,0xF81F,0xF81F,0xF81F,0xF81F,0xF81F,0xF81F,0xF81F,0xF81F,0xF81F,
  0xF81F,0xF81F,0xF81F,0xF81F,0xF81F,0xF81F,0xF81F,0xF81F,0xF81F,0xF81F,0xF81F,0xF81F,
  0xF81F,0xF81F,0xF81F,0xF81F,0xF81F,0xF81F,0xF81F,0xF81F,0xF81F,0xF81F,0xF81F,0xF81F,
  0xF81F,0xF81F,0xF81F,0xF81F,0xF81F,0xF81F,0xF81F,0xF81F,0xF81F,0xF81F,0xF81F,0xF81F,
  0xF81F,0xF81F,0xF81F,0xF81F,0xF81F,0xF81F,0xF81F,0xF81F,0xF81F,0xF81F,0xF81F,0xF81F,
  0xF81F,0xF81F,0xF81F,0xF81F,0xF81F,0xF81F,0xF81F,0xF81F,0xF81F,0xF81F,0xF81F,0xF81F,
  0xF81F,0xF81F,0xF81F,0xF81F,0xF81F,0xF81F,0xF81F,0xF81F,0xF81F,0xF81F,0xF81F,0xF81F,
  0xF81F,0xF81F,0xF81F,0x0000,0x0000,0x0000,0x0000,0x0000,0x0000,0x0000,0x0000,0x52AA,
  0x52AA,0x52AA,0x52AA,0x52AA,0x52AA,0x52AA,0x52AA,0x52AA,0xAD55,0xAD55,0xAD55,0xAD55,
  0xAD55,0xAD55,0xAD55,0xAD55,0xAD55,0xAD55,0xAD55,0xAD55,0xAD55,0xAD55,0xAD55,0xAD55,
  0xAD55,0xAD55,0x52AA,0x52AA,0x52AA,0x52AA,0x52AA,0x52AA,0x52AA,0x52AA,0x52AA,0x52AA,
  0x52AA,0x52AA,0x52AA,0x52AA,0x52AA,0x52AA,0x52AA,0x52AA,0x52AA,0x52AA,0x52AA,0x52AA,
  0x52AA,0x52AA,0x52AA,0xAD55,0xAD55,0xAD55,0xAD55,0xAD55,0xAD55,0xAD55,0xAD55,0xAD55,
  0xAD55,0xAD55,0xAD55,0xAD55,0xAD55,0xAD55,0xAD55,0xAD55,0xAD55,0x52AA,0x52AA,0x52AA,
  0x52AA,0x52AA,0x52AA,0x52AA,0x52AA,0x0000,0x0000,0x0000,0x0000,0x0000,0x0000,0x0000,
  0x0000,0x10A3,0x10A3,0xF81F,0xF81F,0xF81F,0xF81F,0xF81F,0xF81F,0xF81F,0xF81F,0xF81F,
  0xF81F,0xF81F,0xF81F,0xF81F,0xF81F,0xF81F,0xF81F,0xF81F,0xF81F,0xF81F,0xF81F,0xF81F,
  0xF81F,0xF81F,0xF81F,0xF81F,0xF81F,0xF81F,0xF81F,0xF81F,0xF81F,0xF81F,0xF81F,0xF81F,
  0xF81F,0xF81F,0xF81F,0xF81F,0xF81F,0xF81F,0xF81F,0xF81F,0xF81F,0xF81F,0xF81F,0xF81F,
  0xF81F,0xF81F,0xF81F,0xF81F,0xF81F,0xF81F,0xF81F,0xF81F,0xF81F,0xF81F,0xF81F,0xF81F,
  0xF81F,0xF81F,0xF81F,0xF81F,0xF81F,0xF81F,0xF81F,0xF81F,0xF81F,0xF81F,0xF81F,0xF81F,
  0xF81F,0xF81F,0xF81F,0xF81F,0xF81F,0xF81F,0xF81F,0xF81F,0xF81F,0xF81F,0xF81F,0xF81F,
  0xF81F,0xF81F,0xF81F,0xF81F,0xF81F,0xF81F,0xF81F,0xF81F,0xF81F,0xF81F,0xF81F,0xF81F,
  0xF81F,0xF81F,0xF81F,0x0000,0x0000,0x0000,0x0000,0x0000,0x0000,0x0000,0x0000,0xAD55,
  0xAD55,0xAD55,0xAD55,0xAD55,0xAD55,0xAD55,0xAD55,0xAD55,0xAD55,0xAD55,0xAD55,0xAD55,
  0xAD55,0xAD55,0xAD55,0xAD55,0xAD55,0xAD55,0xAD55,0xAD55,0xAD55,0xAD55,0xAD55,0xAD55,
  0xAD55,0xAD55,0xAD55,0xAD55,0xAD55,0xAD55,0xAD55,0xAD55,0xAD55,0xAD55,0xAD55,0xAD55,
  0xAD55,0xAD55,0xAD55,0xAD55,0xAD55,0xAD55,0xAD55,0xAD55,0xAD55,0xAD55,0xAD55,0xAD55,
  0xAD55,0xAD55,0xAD55,0xAD55,0xAD55,0xAD55,0xAD55,0xAD55,0xAD55,0xAD55,0xAD55,0xAD55,
  0xAD55,0xAD55,0xAD55,0xAD55,0xAD55,0xAD55,0xAD55,0xAD55,0xAD55,0xAD55,0xAD55,0xAD55,
  0xAD55,0xAD55,0xAD55,0xAD55,0xAD55,0x0000,0x0000,0x0000,0x0000,0x0000,0x0000,0x0000,
  0x0000,0x10A3,0x10A3,0xF81F,0xF81F,0xF81F,0xF81F,0xF81F,0xF81F,0xF81F,0xF81F,0xF81F,
  0xF81F,0xF81F,0xF81F,0xF81F,0xF81F,0xF81F,0xF81F,0xF81F,0xF81F,0xF81F,0xF81F,0xF81F,
  0xF81F,0xF81F,0xF81F,0xF81F,0xF81F,0xF81F,0xF81F,0xF81F,0xF81F,0xF81F,0xF81F,0xF81F,
  0xF81F,0xF81F,0xF81F,0xF81F,0xF81F,0xF81F,0xF81F,0xF81F,0xF81F,0xF81F,0xF81F,0xF81F,
  0xF81F,0xF81F,0xF81F,0xF81F,0xF81F,0xF81F,0xF81F,0xF81F,0xF81F,0xF81F,0xF81F,0xF81F,
  0xF81F,0xF81F,0xF81F,0xF81F,0xF81F,0xF81F,0xF81F,0xF81F,0xF81F,0xF81F,0xF81F,0xF81F,
  0xF81F,0xF81F,0xF81F,0xF81F,0xF81F,0xF81F,0xF81F,0xF81F,0xF81F,0xF81F,0xF81F,0xF81F,
  0xF81F,0xF81F,0xF81F,0xF81F,0xF81F,0xF81F,0xF81F,0xF81F,0xF81F,0xF81F,0xF81F,0xF81F,
  0xF81F,0xF81F,0xF81F,0x0000,0x0000,0x0000,0x0000,0x0000,0x0000,0x0000,0x0000,0xAD55,
  0xAD55,0xAD55,0xAD55,0xAD55,0xAD55,0xAD55,0xAD55,0xAD55,0xAD55,0xAD55,0xAD55,0xAD55,
  0xAD55,0xAD55,0xAD55,0xAD55,0xAD55,0xAD55,0xAD55,0xAD55,0xAD55,0xAD55,0xAD55,0xAD55,
  0xAD55,0xAD55,0xAD55,0xAD55,0xAD55,0xAD55,0xAD55,0xAD55,0xAD55,0xAD55,0xAD55,0xAD55,
  0xAD55,0xAD55,0xAD55,0xAD55,0xAD55,0xAD55,0xAD55,0xAD55,0xAD55,0xAD55,0xAD55,0xAD55,
  0xAD55,0xAD55,0xAD55,0xAD55,0xAD55,0xAD55,0xAD55,0xAD55,0xAD55,0xAD55,0xAD55,0xAD55,
  0xAD55,0xAD55,0xAD55,0xAD55,0xAD55,0xAD55,0xAD55,0xAD55,0xAD55,0xAD55,0xAD55,0xAD55,
  0xAD55,0xAD55,0xAD55,0xAD55,0xAD55,0x0000,0x0000,0x0000,0x0000,0x0000,0x0000,0x0000,
  0x0000,0x10A3,0x10A3,0xF81F,0xF81F,0xF81F,0xF81F,0xF81F,0xF81F,0xF81F,0xF81F,0xF81F,
  0xF81F,0xF81F,0xF81F,0xF81F,0xF81F,0xF81F,0xF81F,0xF81F,0xF81F,0xF81F,0xF81F,0xF81F,
  0xF81F,0xF81F,0xF81F,0xF81F,0xF81F,0xF81F,0xF81F,0xF81F,0xF81F,0xF81F,0xF81F,0xF81F,
  0xF81F,0xF81F,0xF81F,0xF81F,0xF81F,0xF81F,0xF81F,0xF81F,0xF81F,0xF81F,0xF81F,0xF81F,
  0xF81F,0xF81F,0xF81F,0xF81F,0xF81F,0xF81F,0xF81F,0xF81F,0xF81F,0xF81F,0xF81F,0xF81F,
  0xF81F,0xF81F,0xF81F,0xF81F,0xF81F,0xF81F,0xF81F,0xF81F,0xF81F,0xF81F,0xF81F,0xF81F,
  0xF81F,0xF81F,0xF81F,0xF81F,0xF81F,0xF81F,0xF81F,0xF81F,0xF81F,0xF81F,0xF81F,0xF81F,
  0xF81F,0xF81F,0xF81F,0xF81F,0xF81F,0xF81F,0xF81F,0xF81F,0xF81F,0xF81F,0xF81F,0xF81F,
  0xF81F,0xF81F,0xF81F,0x0000,0x0000,0x0000,0x0000,0x0000,0x0000,0x0000,0x0000,0xAD55,
  0xAD55,0xAD55,0xAD55,0xAD55,0xAD55,0xAD55,0xAD55,0xAD55,0xAD55,0xAD55,0xAD55,0xAD55,
  0xAD55,0xAD55,0xAD55,0xAD55,0xAD55,0xAD55,0xAD55,0xAD55,0xAD55,0xAD55,0xAD55,0xAD55,
  0xAD55,0xAD55,0xAD55,0xAD55,0xAD55,0xAD55,0xAD55,0xAD55,0xAD55,0xAD55,0xAD55,0xAD55,
  0xAD55,0xAD55,0xAD55,0xAD55,0xAD55,0xAD55,0xAD55,0xAD55,0xAD55,0xAD55,0xAD55,0xAD55,
  0xAD55,0xAD55,0xAD55,0xAD55,0xAD55,0xAD55,0xAD55,0xAD55,0xAD55,0xAD55,0xAD55,0xAD55,
  0xAD55,0xAD55,0xAD55,0xAD55,0xAD55,0xAD55,0xAD55,0xAD55,0xAD55,0xAD55,0xAD55,0xAD55,
  0xAD55,0xAD55,0xAD55,0xAD55,0xAD55,0x0000,0x0000,0x0000,0x0000,0x0000,0x0000,0x0000,
  0x0000,0x10A3,0x10A3,0xF81F,0xF81F,0xF81F,0xF81F,0xF81F,0xF81F,0xF81F,0xF81F,0xF81F,
  0xF81F,0xF81F,0xF81F,0xF81F,0xF81F,0xF81F,0xF81F,0xF81F,0xF81F,0xF81F,0xF81F,0xF81F,
  0xF81F,0xF81F,0xF81F,0xF81F,0xF81F,0xF81F,0xF81F,0xF81F,0xF81F,0xF81F,0xF81F,0xF81F,
  0xF81F,0xF81F,0xF81F,0xF81F,0xF81F,0xF81F,0xF81F,0xF81F,0xF81F,0xF81F,0xF81F,0xF81F,
  0xF81F,0xF81F,0xF81F,0xF81F,0xF81F,0xF81F,0xF81F,0xF81F,0xF81F,0xF81F,0xF81F,0xF81F,
  0xF81F,0xF81F,0xF81F,0xF81F,0xF81F,0xF81F,0xF81F,0xF81F,0xF81F,0xF81F,0xF81F,0xF81F,
  0xF81F,0xF81F,0xF81F,0xF81F,0xF81F,0xF81F,0xF81F,0xF81F,0xF81F,0xF81F,0xF81F,0xF81F,
  0xF81F,0xF81F,0xF81F,0xF81F,0xF81F,0xF81F,0xF81F,0xF81F,0xF81F,0xF81F,0xF81F,0xF81F,
  0xF81F,0xF81F,0xF81F,0x0000,0x0000,0x0000,0x0000,0x0000,0x0000,0x0000,0x0000,0xAD55,
  0xAD55,0xAD55,0xAD55,0xAD55,0xAD55,0xAD55,0xAD55,0xAD55,0xAD55,0xAD55,0xAD55,0xAD55,
  0xAD55,0xAD55,0xAD55,0xAD55,0xAD55,0xAD55,0xAD55,0xAD55,0xAD55,0xAD55,0xAD55,0xAD55,
  0xAD55,0xAD55,0xAD55,0xAD55,0xAD55,0xAD55,0xAD55,0xAD55,0xAD55,0xAD55,0xAD55,0xAD55,
  0xAD55,0xAD55,0xAD55,0xAD55,0xAD55,0xAD55,0xAD55,0xAD55,0xAD55,0xAD55,0xAD55,0xAD55,
  0xAD55,0xAD55,0xAD55,0xAD55,0xAD55,0xAD55,0xAD55,0xAD55,0xAD55,0xAD55,0xAD55,0xAD55,
  0xAD55,0xAD55,0xAD55,0xAD55,0xAD55,0xAD55,0xAD55,0xAD55,0xAD55,0xAD55,0xAD55,0xAD55,
  0xAD55,0xAD55,0xAD55,0xAD55,0xAD55,0x0000,0x0000,0x0000,0x0000,0x0000,0x0000,0x0000,
  0x0000,0x10A3,0x10A3,0xF81F,0xF81F,0xF81F,0xF81F,0xF81F,0xF81F,0xF81F,0xF81F,0xF81F,
  0xF81F,0xF81F,0xF81F,0xF81F,0xF81F,0xF81F,0xF81F,0xF81F,0xF81F,0xF81F,0xF81F,0xF81F,
  0xF81F,0xF81F,0xF81F,0xF81F,0xF81F,0xF81F,0xF81F,0xF81F,0xF81F,0xF81F,0xF81F,0xF81F,
  0xF81F,0xF81F,0xF81F,0xF81F,0xF81F,0xF81F,0xF81F,0xF81F,0xF81F,0xF81F,0xF81F,0xF81F,
  0xF81F,0xF81F,0xF81F,0xF81F,0xF81F,0xF81F,0xF81F,0xF81F,0xF81F,0xF81F,0xF81F,0xF81F,
  0xF81F,0xF81F,0xF81F,0xF81F,0xF81F,0xF81F,0xF81F,0xF81F,0xF81F,0xF81F,0xF81F,0xF81F,
  0xF81F,0xF81F,0xF81F,0xF81F,0xF81F,0xF81F,0xF81F,0xF81F,0xF81F,0xF81F,0xF81F,0xF81F,
  0xF81F,0xF81F,0xF81F,0xF81F,0xF81F,0xF81F,0xF81F,0xF81F,0xF81F,0xF81F,0xF81F,0xF81F,
  0xF81F,0xF81F,0xF81F,0x0000,0x0000,0x0000,0x0000,0x0000,0x0000,0x0000,0x0000,0xAD55,
  0xAD55,0xAD55,0xAD55,0xAD55,0xAD55,0xAD55,0xAD55,0xAD55,0xAD55,0xAD55,0xAD55,0xAD55,
  0xAD55,0xAD55,0xAD55,0xAD55,0xAD55,0xAD55,0xAD55,0xAD55,0xAD55,0xAD55,0xAD55,0xAD55,
  0xAD55,0xAD55,0xAD55,0xAD55,0xAD55,0xAD55,0xAD55,0xAD55,0xAD55,0xAD55,0xAD55,0xAD55,
  0xAD55,0xAD55,0xAD55,0xAD55,0xAD55,0xAD55,0xAD55,0xAD55,0xAD55,0xAD55,0xAD55,0xAD55,
  0xAD55,0xAD55,0xAD55,0xAD55,0xAD55,0xAD55,0xAD55,0xAD55,0xAD55,0xAD55,0xAD55,0xAD55,
  0xAD55,0xAD55,0xAD55,0xAD55,0xAD55,0xAD55,0xAD55,0xAD55,0xAD55,0xAD55,0xAD55,0xAD55,
  0xAD55,0xAD55,0xAD55,0xAD55,0xAD55,0x0000,0x0000,0x0000,0x0000,0x0000,0x0000,0x0000,
  0x0000,0x10A3,0x10A3,0xF81F,0xF81F,0xF81F,0xF81F,0xF81F,0xF81F,0xF81F,0xF81F,0xF81F,
  0xF81F,0xF81F,0xF81F,0xF81F,0xF81F,0xF81F,0xF81F,0xF81F,0xF81F,0xF81F,0xF81F,0xF81F,
  0xF81F,0xF81F,0xF81F,0xF81F,0xF81F,0xF81F,0xF81F,0xF81F,0xF81F,0xF81F,0xF81F,0xF81F,
  0xF81F,0xF81F,0xF81F,0xF81F,0xF81F,0xF81F,0xF81F,0xF81F,0xF81F,0xF81F,0xF81F,0xF81F,
  0xF81F,0xF81F,0xF81F,0xF81F,0xF81F,0xF81F,0xF81F,0xF81F,0xF81F,0xF81F,0xF81F,0xF81F,
  0xF81F,0xF81F,0xF81F,0xF81F,0xF81F,0xF81F,0xF81F,0xF81F,0xF81F,0xF81F,0xF81F,0xF81F,
  0xF81F,0xF81F,0xF81F,0xF81F,0xF81F,0xF81F,0xF81F,0xF81F,0xF81F,0xF81F,0xF81F,0xF81F,
  0xF81F,0xF81F,0xF81F,0xF81F,0xF81F,0xF81F,0xF81F,0xF81F,0xF81F,0xF81F,0xF81F,0xF81F,
  0xF81F,0xF81F,0xF81F,0x0000,0x0000,0x0000,0x0000,0x0000,0x0000,0x0000,0x0000,0xAD55,
  0xAD55,0xAD55,0xAD55,0xAD55,0xAD55,0xAD55,0xAD55,0xAD55,0xAD55,0xAD55,0xAD55,0xAD55,
  0xAD55,0xAD55,0xAD55,0xAD55,0xAD55,0xAD55,0xAD55,0xAD55,0xAD55,0xAD55,0xAD55,0xAD55,
  0xAD55,0xAD55,0xAD55,0xAD55,0xAD55,0xAD55,0xAD55,0xAD55,0xAD55,0xAD55,0xAD55,0xAD55,
  0xAD55,0xAD55,0xAD55,0xAD55,0xAD55,0xAD55,0xAD55,0xAD55,0xAD55,0xAD55,0xAD55,0xAD55,
  0xAD55,0xAD55,0xAD55,0xAD55,0xAD55,0xAD55,0xAD55,0xAD55,0xAD55,0xAD55,0xAD55,0xAD55,
  0xAD55,0xAD55,0xAD55,0xAD55,0xAD55,0xAD55,0xAD55,0xAD55,0xAD55,0xAD55,0xAD55,0xAD55,
  0xAD55,0xAD55,0xAD55,0xAD55,0xAD55,0x0000,0x0000,0x0000,0x0000,0x0000,0x0000,0x0000,
  0x0000,0x10A3,0x10A3,0xF81F,0xF81F,0xF81F,0xF81F,0xF81F,0xF81F,0xF81F,0xF81F,0xF81F,
  0xF81F,0xF81F,0xF81F,0xF81F,0xF81F,0xF81F,0xF81F,0xF81F,0xF81F,0xF81F,0xF81F,0xF81F,
  0xF81F,0xF81F,0xF81F,0xF81F,0xF81F,0xF81F,0xF81F,0xF81F,0xF81F,0xF81F,0xF81F,0xF81F,
  0xF81F,0xF81F,0xF81F,0xF81F,0xF81F,0xF81F,0xF81F,0xF81F,0xF81F,0xF81F,0xF81F,0xF81F,
  0xF81F,0xF81F,0xF81F,0xF81F,0xF81F,0xF81F,0xF81F,0xF81F,0xF81F,0xF81F,0xF81F,0xF81F,
  0xF81F,0xF81F,0xF81F,0xF81F,0xF81F,0xF81F,0xF81F,0xF81F,0xF81F,0xF81F,0xF81F,0xF81F,
  0xF81F,0xF81F,0xF81F,0xF81F,0xF81F,0xF81F,0xF81F,0xF81F,0xF81F,0xF81F,0xF81F,0xF81F,
  0xF81F,0xF81F,0xF81F,0xF81F,0xF81F,0xF81F,0xF81F,0xF81F,0xF81F,0xF81F,0xF81F,0xF81F,
  0xF81F,0xF81F,0xF81F,0x0000,0x0000,0x0000,0x0000,0x0000,0x0000,0x0000,0x0000,0xAD55,
  0xAD55,0xAD55,0xAD55,0xAD55,0xAD55,0xAD55,0xAD55,0xAD55,0xAD55,0xAD55,0xAD55,0xAD55,
  0xAD55,0xAD55,0xAD55,0xAD55,0xAD55,0xAD55,0xAD55,0xAD55,0xAD55,0xAD55,0xAD55,0xAD55,
  0xAD55,0xAD55,0xAD55,0xAD55,0xAD55,0xAD55,0xAD55,0xAD55,0xAD55,0xAD55,0xAD55,0xAD55,
  0xAD55,0xAD55,0xAD55,0xAD55,0xAD55,0xAD55,0xAD55,0xAD55,0xAD55,0xAD55,0xAD55,0xAD55,
  0xAD55,0xAD55,0xAD55,0xAD55,0xAD55,0xAD55,0xAD55,0xAD55,0xAD55,0xAD55,0xAD55,0xAD55,
  0xAD55,0xAD55,0xAD55,0xAD55,0xAD55,0xAD55,0xAD55,0xAD55,0xAD55,0xAD55,0xAD55,0xAD55,
  0xAD55,0xAD55,0xAD55,0xAD55,0xAD55,0x0000,0x0000,0x0000,0x0000,0x0000,0x0000,0x0000,
  0x0000,0x10A3,0x10A3,0xF81F,0xF81F,0xF81F,0xF81F,0xF81F,0xF81F,0xF81F,0xF81F,0xF81F,
  0xF81F,0xF81F,0xF81F,0xF81F,0xF81F,0xF81F,0xF81F,0xF81F,0xF81F,0xF81F,0xF81F,0xF81F,
  0xF81F,0xF81F,0xF81F,0xF81F,0xF81F,0xF81F,0xF81F,0xF81F,0xF81F,0xF81F,0xF81F,0xF81F,
  0xF81F,0xF81F,0xF81F,0xF81F,0xF81F,0xF81F,0xF81F,0xF81F,0xF81F,0xF81F,0xF81F,0xF81F,
  0xF81F,0xF81F,0xF81F,0xF81F,0xF81F,0xF81F,0xF81F,0xF81F,0xF81F,0xF81F,0xF81F,0xF81F,
  0xF81F,0xF81F,0xF81F,0xF81F,0xF81F,0xF81F,0xF81F,0xF81F,0xF81F,0xF81F,0xF81F,0xF81F,
  0xF81F,0xF81F,0xF81F,0xF81F,0xF81F,0xF81F,0xF81F,0xF81F,0xF81F,0xF81F,0xF81F,0xF81F,
  0xF81F,0xF81F,0xF81F,0xF81F,0xF81F,0xF81F,0xF81F,0xF81F,0xF81F,0xF81F,0xF81F,0xF81F,
  0xF81F,0xF81F,0xF81F,0x0000,0x0000,0x0000,0x0000,0x0000,0x0000,0x0000,0x0000,0xAD55,
  0xAD55,0xAD55,0xAD55,0xAD55,0xAD55,0xAD55,0xAD55,0xAD55,0xAD55,0xAD55,0xAD55,0xAD55,
  0xAD55,0xAD55,0xAD55,0xAD55,0xAD55,0xAD55,0xAD55,0xAD55,0xAD55,0xAD55,0xAD55,0xAD55,
  0xAD55,0xAD55,0xAD55,0xAD55,0xAD55,0xAD55,0xAD55,0xAD55,0xAD55,0xAD55,0xAD55,0xAD55,
  0xAD55,0xAD55,0xAD55,0xAD55,0xAD55,0xAD55,0xAD55,0xAD55,0xAD55,0xAD55,0xAD55,0xAD55,
  0xAD55,0xAD55,0xAD55,0xAD55,0xAD55,0xAD55,0xAD55,0xAD55,0xAD55,0xAD55,0xAD55,0xAD55,
  0xAD55,0xAD55,0xAD55,0xAD55,0xAD55,0xAD55,0xAD55,0xAD55,0xAD55,0xAD55,0xAD55,0xAD55,
  0xAD55,0xAD55,0xAD55,0xAD55,0xAD55,0x0000,0x0000,0x0000,0x0000,0x0000,0x0000,0x0000,
  0x0000,0x0000,0x10A3,0xF81F,0xF81F,0xF81F,0xF81F,0xF81F,0xF81F,0xF81F,0xF81F,0xF81F,
  0xF81F,0xF81F,0xF81F,0xF81F,0xF81F,0xF81F,0xF81F,0xF81F,0xF81F,0xF81F,0xF81F,0xF81F,
  0xF81F,0xF81F,0xF81F,0xF81F,0xF81F,0xF81F,0xF81F,0xF81F,0xF81F,0xF81F,0xF81F,0xF81F,
  0xF81F,0xF81F,0xF81F,0xF81F,0xF81F,0xF81F,0xF81F,0xF81F,0xF81F,0xF81F,0xF81F,0xF81F,
  0xF81F,0xF81F,0xF81F,0xF81F,0xF81F,0xF81F,0xF81F,0xF81F,0xF81F,0xF81F,0xF81F,0xF81F,
  0xF81F,0xF81F,0xF81F,0xF81F,0xF81F,0xF81F,0xF81F,0xF81F,0xF81F,0xF81F,0xF81F,0xF81F,
  0xF81F,0xF81F,0xF81F,0xF81F,0xF81F,0xF81F,0xF81F,0xF81F,0xF81F,0xF81F,0xF81F,0xF81F,
  0xF81F,0xF81F,0xF81F,0xF81F,0xF81F,0xF81F,0xF81F,0xF81F,0xF81F,0xF81F,0xF81F,0xF81F,
  0xF81F,0xF81F,0xF81F,0x10A3,0x10A3,0x10A3,0x10A3,0x10A3,0x10A3,0x10A3,0x10A3,0xAD55,
  0xAD55,0xAD55,0xAD55,0xAD55,0xAD55,0xAD55,0xAD55,0xAD55,0xAD55,0xAD55,0xAD55,0xAD55,
  0xAD55,0xAD55,0xAD55,0xAD55,0xAD55,0xAD55,0xAD55,0xAD55,0xAD55,0xAD55,0xAD55,0xAD55,
  0xAD55,0xAD55,0xAD55,0xAD55,0xAD55,0xAD55,0xAD55,0xAD55,0xAD55,0xAD55,0xAD55,0xAD55,
  0xAD55,0xAD55,0xAD55,0xAD55,0xAD55,0xAD55,0xAD55,0xAD55,0xAD55,0xAD55,0xAD55,0xAD55,
  0xAD55,0xAD55,0xAD55,0xAD55,0xAD55,0xAD55,0xAD55,0xAD55,0xAD55,0xAD55,0xAD55,0xAD55,
  0xAD55,0xAD55,0xAD55,0xAD55,0xAD55,0xAD55,0xAD55,0xAD55,0xAD55,0xAD55,0xAD55,0xAD55,
  0xAD55,0xAD55,0xAD55,0xAD55,0xAD55,0x10A3,0x10A3,0x10A3,0x10A3,0x10A3,0x10A3,0x10A3,
  0x10A3,0x10A3,0xF81F,0xF81F,0xF81F,0xF81F,0xF81F,0xF81F,0xF81F,0xF81F,0x10A3,0xF81F,
  0xF81F,0xF81F,0xF81F,0xF81F,0xF81F,0xF81F,0xF81F,0xF81F,0xF81F,0xF81F,0xF81F,0xF81F,
  0xF81F,0xF81F,0xF81F,0xF81F,0xF81F,0xF81F,0xF81F,0xF81F,0xF81F,0xF81F,0xF81F,0xF81F,
  0xF81F,0xF81F,0xF81F,0xF81F,0xF81F,0xF81F,0xF81F,0xF81F,0xF81F,0xF81F,0xF81F,0xF81F,
  0xF81F,0xF81F,0xF81F,0xF81F,0xF81F,0xF81F,0xF81F,0xF81F,0xF81F,0xF81F,0xF81F,0xF81F,
  0xF81F,0xF81F,0xF81F,0xF81F,0xF81F,0xF81F,0xF81F,0xF81F,0xF81F,0xF81F,0xF81F,0xF81F,
  0xF81F,0xF81F,0xF81F,0xF81F,0xF81F,0xF81F,0xF81F,0xF81F,0xF81F,0xF81F,0xF81F,0xF81F,
  0xF81F,0xF81F,0xF81F,0xF81F,0xF81F,0x0000,0x0000,0x0000,0x0000,0x0000,0x0000,0x0000,
  0x0000,0x0000,0x10A3,0x52AA,0x52AA,0x52AA,0x52AA,0x52AA,0x52AA,0x52AA,0x52AA,0xAD55,
  0xAD55,0xAD55,0xAD55,0xAD55,0xAD55,0xAD55,0xAD55,0xAD55,0xAD55,0xAD55,0xAD55,0xAD55,
  0xAD55,0xAD55,0xAD55,0xAD55,0xAD55,0xAD55,0xAD55,0xAD55,0xAD55,0xAD55,0xAD55,0xAD55,
  0xAD55,0xAD55,0xAD55,0xAD55,0xAD55,0xAD55,0xAD55,0xAD55,0xAD55,0xAD55,0xAD55,0xAD55,
  0xAD55,0xAD55,0xAD55,0xAD55,0xAD55,0xAD55,0xAD55,0xAD55,0xAD55,0xAD55,0xAD55,0xAD55,
  0xAD55,0xAD55,0xAD55,0xAD55,0xAD55,0xAD55,0xAD55,0xAD55,0xAD55,0xAD55,0xAD55,0xAD55,
  0xAD55,0xAD55,0xAD55,0xAD55,0xAD55,0xAD55,0xAD55,0xAD55,0xAD55,0xAD55,0xAD55,0xAD55,
  0xAD55,0xAD55,0xAD55,0xAD55,0xAD55,0x52AA,0x52AA,0x52AA,0x52AA,0x52AA,0x52AA,0x52AA,
  0x52AA,0x52AA,0x0000,0x0000,0x0000,0x0000,0x0000,0x0000,0x0000,0x0000,0x10A3,0xF81F,
  0xF81F,0xF81F,0xF81F,0xF81F,0xF81F,0xF81F,0xF81F,0xF81F,0xF81F,0xF81F,0xF81F,0xF81F,
  0xF81F,0xF81F,0xF81F,0xF81F,0xF81F,0xF81F,0xF81F,0xF81F,0xF81F,0xF81F,0xF81F,0xF81F,
  0xF81F,0xF81F,0xF81F,0xF81F,0xF81F,0xF81F,0xF81F,0xF81F,0xF81F,0xF81F,0xF81F,0xF81F,
  0xF81F,0xF81F,0xF81F,0xF81F,0xF81F,0xF81F,0xF81F,0xF81F,0xF81F,0xF81F,0xF81F,0xF81F,
  0xF81F,0xF81F,0xF81F,0xF81F,0xF81F,0xF81F,0xF81F,0xF81F,0xF81F,0xF81F,0xF81F,0xF81F,
  0xF81F,0xF81F,0xF81F,0xF81F,0xF81F,0xF81F,0xF81F,0xF81F,0xF81F,0xF81F,0xF81F,0xF81F,
  0xF81F,0xF81F,0xF81F,0xF81F,0xF81F,0xF81F,0x0000,0x0000,0x0000,0x0000,0x0000,0x0000,
  0x0000,0x0000,0x10A3,0x52AA,0x52AA,0x52AA,0x52AA,0x52AA,0x52AA,0x52AA,0x52AA,0xAD55,
  0xAD55,0xAD55,0xAD55,0xAD55,0xAD55,0xAD55,0xAD55,0xAD55,0xAD55,0xAD55,0xAD55,0xAD55,
  0xAD55,0xAD55,0xAD55,0xAD55,0xAD55,0xAD55,0xAD55,0xAD55,0xAD55,0xAD55,0xAD55,0xAD55,
  0xAD55,0xAD55,0xAD55,0xAD55,0xAD55,0xAD55,0xAD55,0xAD55,0xAD55,0xAD55,0xAD55,0xAD55,
  0xAD55,0xAD55,0xAD55,0xAD55,0xAD55,0xAD55,0xAD55,0xAD55,0xAD55,0xAD55,0xAD55,0xAD55,
  0xAD55,0xAD55,0xAD55,0xAD55,0xAD55,0xAD55,0xAD55,0xAD55,0xAD55,0xAD55,0xAD55,0xAD55,
  0xAD55,0xAD55,0xAD55,0xAD55,0xAD55,0xAD55,0xAD55,0xAD55,0xAD55,0xAD55,0xAD55,0xAD55,
  0xAD55,0xAD55,0xAD55,0xAD55,0xAD55,0x52AA,0x52AA,0x52AA,0x52AA,0x52AA,0x52AA,0x52AA,
  0x52AA,0x52AA,0x10A3,0x0000,0x0000,0x0000,0x0000,0x0000,0x0000,0x0000,0x10A3,0xF81F,
  0xF81F,0xF81F,0xF81F,0xF81F,0xF81F,0xF81F,0xF81F,0xF81F,0xF81F,0xF81F,0xF81F,0xF81F,
  0xF81F,0xF81F,0xF81F,0xF81F,0xF81F,0xF81F,0xF81F,0xF81F,0xF81F,0xF81F,0xF81F,0xF81F,
  0xF81F,0xF81F,0xF81F,0xF81F,0xF81F,0xF81F,0xF81F,0xF81F,0xF81F,0xF81F,0xF81F,0xF81F,
  0xF81F,0xF81F,0xF81F,0xF81F,0xF81F,0xF81F,0xF81F,0xF81F,0xF81F,0xF81F,0xF81F,0xF81F,
  0xF81F,0xF81F,0xF81F,0xF81F,0xF81F,0xF81F,0xF81F,0xF81F,0xF81F,0xF81F,0xF81F,0xF81F,
  0xF81F,0xF81F,0xF81F,0xF81F,0xF81F,0xF81F,0xF81F,0xF81F,0xF81F,0xF81F,0xF81F,0xF81F,
  0xF81F,0xF81F,0xF81F,0xF81F,0xF81F,0xF81F,0x0000,0x0000,0x0000,0x0000,0x0000,0x0000,
  0x0000,0x0000,0x10A3,0x52AA,0x52AA,0x52AA,0x52AA,0x52AA,0x52AA,0x52AA,0x52AA,0xAD55,
  0xAD55,0xAD55,0xAD55,0xAD55,0xAD55,0xAD55,0xAD55,0xAD55,0xAD55,0xAD55,0xAD55,0xAD55,
  0xAD55,0xAD55,0xAD55,0xAD55,0xAD55,0xAD55,0xAD55,0xAD55,0xAD55,0xAD55,0xAD55,0xAD55,
  0xAD55,0xAD55,0xAD55,0xAD55,0xAD55,0xAD55,0xAD55,0xAD55,0xAD55,0xAD55,0xAD55,0xAD55,
  0xAD55,0xAD55,0xAD55,0xAD55,0xAD55,0xAD55,0xAD55,0xAD55,0xAD55,0xAD55,0xAD55,0xAD55,
  0xAD55,0xAD55,0xAD55,0xAD55,0xAD55,0xAD55,0xAD55,0xAD55,0xAD55,0xAD55,0xAD55,0xAD55,
  0xAD55,0xAD55,0xAD55,0xAD55,0xAD55,0xAD55,0xAD55,0xAD55,0xAD55,0xAD55,0xAD55,0xAD55,
  0xAD55,0xAD55,0xAD55,0xAD55,0xAD55,0x52AA,0x52AA,0x52AA,0x52AA,0x52AA,0x52AA,0x52AA,
  0x52AA,0x10A3,0x10A3,0x0000,0x0000,0x0000,0x0000,0x0000,0x0000,0x0000,0xF81F,0xF81F,
  0xF81F,0xF81F,0xF81F,0xF81F,0xF81F,0xF81F,0xF81F,0xF81F,0xF81F,0xF81F,0xF81F,0xF81F,
  0xF81F,0xF81F,0xF81F,0xF81F,0xF81F,0xF81F,0xF81F,0xF81F,0xF81F,0xF81F,0xF81F,0xF81F,
  0xF81F,0xF81F,0xF81F,0xF81F,0xF81F,0xF81F,0xF81F,0xF81F,0xF81F,0xF81F,0xF81F,0xF81F,
  0xF81F,0xF81F,0xF81F,0xF81F,0xF81F,0xF81F,0xF81F,0xF81F,0xF81F,0xF81F,0xF81F,0xF81F,
  0xF81F,0xF81F,0xF81F,0xF81F,0xF81F,0xF81F,0xF81F,0xF81F,0xF81F,0xF81F,0xF81F,0xF81F,
  0xF81F,0xF81F,0xF81F,0xF81F,0xF81F,0xF81F,0xF81F,0xF81F,0xF81F,0xF81F,0xF81F,0xF81F,
  0xF81F,0xF81F,0xF81F,0xF81F,0xF81F,0xF81F,0x0000,0x0000,0x0000,0x0000,0x0000,0x0000,
  0x0000,0x0000,0x10A3,0x52AA,0x52AA,0x52AA,0x52AA,0x52AA,0x52AA,0x52AA,0x52AA,0xAD55,
  0xAD55,0xAD55,0xAD55,0xAD55,0xAD55,0xAD55,0xAD55,0xAD55,0xAD55,0xAD55,0xAD55,0xAD55,
  0xAD55,0xAD55,0xAD55,0xAD55,0xAD55,0xAD55,0xAD55,0xAD55,0xAD55,0xAD55,0xAD55,0xAD55,
  0xAD55,0xAD55,0xAD55,0xAD55,0xAD55,0xAD55,0xAD55,0xAD55,0xAD55,0xAD55,0xAD55,0xAD55,
  0xAD55,0xAD55,0xAD55,0xAD55,0xAD55,0xAD55,0xAD55,0xAD55,0xAD55,0xAD55,0xAD55,0xAD55,
  0xAD55,0xAD55,0xAD55,0xAD55,0xAD55,0xAD55,0xAD55,0xAD55,0xAD55,0xAD55,0xAD55,0xAD55,
  0xAD55,0xAD55,0xAD55,0xAD55,0xAD55,0xAD55,0xAD55,0xAD55,0xAD55,0xAD55,0xAD55,0xAD55,
  0xAD55,0xAD55,0xAD55,0xAD55,0xAD55,0x52AA,0x52AA,0x52AA,0x52AA,0x52AA,0x52AA,0x52AA,
  0x52AA,0x52AA,0x0000,0x0000,0x0000,0x0000,0x0000,0x0000,0x0000,0x0000,0xF81F,0xF81F,
  0xF81F,0xF81F,0xF81F,0xF81F,0xF81F,0xF81F,0xF81F,0xF81F,0xF81F,0xF81F,0xF81F,0xF81F,
  0xF81F,0xF81F,0xF81F,0xF81F,0xF81F,0xF81F,0xF81F,0xF81F,0xF81F,0xF81F,0xF81F,0xF81F,
  0xF81F,0xF81F,0xF81F,0xF81F,0xF81F,0xF81F,0xF81F,0xF81F,0xF81F,0xF81F,0xF81F,0xF81F,
  0xF81F,0xF81F,0xF81F,0xF81F,0xF81F,0xF81F,0xF81F,0xF81F,0xF81F,0xF81F,0xF81F,0xF81F,
  0xF81F,0xF81F,0xF81F,0xF81F,0xF81F,0xF81F,0xF81F,0xF81F,0xF81F,0xF81F,0xF81F,0xF81F,
  0xF81F,0xF81F,0xF81F,0xF81F,0xF81F,0xF81F,0xF81F,0xF81F,0xF81F,0xF81F,0xF81F,0xF81F,
  0xF81F,0xF81F,0xF81F,0xF81F,0xF81F,0xF81F,0x0000,0x0000,0x0000,0x0000,0x0000,0x0000,
  0x0000,0x0000,0x10A3,0x52AA,0x52AA,0x52AA,0x52AA,0x52AA,0x52AA,0x52AA,0x52AA,0xAD55,
  0xAD55,0xAD55,0xAD55,0xAD55,0xAD55,0xAD55,0xAD55,0xAD55,0xAD55,0xAD55,0xAD55,0xAD55,
  0xAD55,0xAD55,0xAD55,0xAD55,0xAD55,0xAD55,0xAD55,0xAD55,0xAD55,0xAD55,0xAD55,0xAD55,
  0xAD55,0xAD55,0xAD55,0xAD55,0xAD55,0xAD55,0xAD55,0xAD55,0xAD55,0xAD55,0xAD55,0xAD55,
  0xAD55,0xAD55,0xAD55,0xAD55,0xAD55,0xAD55,0xAD55,0xAD55,0xAD55,0xAD55,0xAD55,0xAD55,
  0xAD55,0xAD55,0xAD55,0xAD55,0xAD55,0xAD55,0xAD55,0xAD55,0xAD55,0xAD55,0xAD55,0xAD55,
  0xAD55,0xAD55,0xAD55,0xAD55,0xAD55,0xAD55,0xAD55,0xAD55,0xAD55,0xAD55,0xAD55,0xAD55,
  0xAD55,0xAD55,0xAD55,0xAD55,0xAD55,0x52AA,0x52AA,0x52AA,0x52AA,0x52AA,0x52AA,0x52AA,
  0x52AA,0x52AA,0x0000,0x0000,0x0000,0x0000,0x0000,0x0000,0x0000,0x0000,0xF81F,0xF81F,
  0xF81F,0xF81F,0xF81F,0xF81F,0xF81F,0xF81F,0xF81F,0xF81F,0xF81F,0xF81F,0xF81F,0xF81F,
  0xF81F,0xF81F,0xF81F,0xF81F,0xF81F,0xF81F,0xF81F,0xF81F,0xF81F,0xF81F,0xF81F,0xF81F,
  0xF81F,0xF81F,0xF81F,0xF81F,0xF81F,0xF81F,0xF81F,0xF81F,0xF81F,0xF81F,0xF81F,0xF81F,
  0xF81F,0xF81F,0xF81F,0xF81F,0xF81F,0xF81F,0xF81F,0xF81F,0xF81F,0xF81F,0xF81F,0xF81F,
  0xF81F,0xF81F,0xF81F,0xF81F,0xF81F,0xF81F,0xF81F,0xF81F,0xF81F,0xF81F,0xF81F,0xF81F,
  0xF81F,0xF81F,0xF81F,0xF81F,0xF81F,0xF81F,0xF81F,0xF81F,0xF81F,0xF81F,0xF81F,0xF81F,
  0xF81F,0xF81F,0xF81F,0xF81F,0xF81F,0xF81F,0x0000,0x0000,0x0000,0x0000,0x0000,0x0000,
  0x0000,0x0000,0x10A3,0x52AA,0x52AA,0x52AA,0x52AA,0x52AA,0x52AA,0x52AA,0x52AA,0xAD55,
  0xAD55,0xAD55,0xAD55,0xAD55,0xAD55,0xAD55,0xAD55,0xAD55,0xAD55,0xAD55,0xAD55,0xAD55,
  0xAD55,0xAD55,0xAD55,0xAD55,0xAD55,0xAD55,0xAD55,0xAD55,0xAD55,0xAD55,0xAD55,0xAD55,
  0xAD55,0xAD55,0xAD55,0xAD55,0xAD55,0xAD55,0xAD55,0xAD55,0xAD55,0xAD55,0xAD55,0xAD55,
  0xAD55,0xAD55,0xAD55,0xAD55,0xAD55,0xAD55,0xAD55,0xAD55,0xAD55,0xAD55,0xAD55,0xAD55,
  0xAD55,0xAD55,0xAD55,0xAD55,0xAD55,0xAD55,0xAD55,0xAD55,0xAD55,0xAD55,0xAD55,0xAD55,
  0xAD55,0xAD55,0xAD55,0xAD55,0xAD55,0xAD55,0xAD55,0xAD55,0xAD55,0xAD55,0xAD55,0xAD55,
  0xAD55,0xAD55,0xAD55,0xAD55,0xAD55,0x52AA,0x52AA,0x52AA,0x52AA,0x52AA,0x52AA,0x52AA,
  0x52AA,0x52AA,0x0000,0x0000,0x0000,0x0000,0x0000,0x0000,0x0000,0x0000,0xF81F,0xF81F,
  0xF81F,0xF81F,0xF81F,0xF81F,0xF81F,0xF81F,0xF81F,0xF81F,0xF81F,0xF81F,0xF81F,0xF81F,
  0xF81F,0xF81F,0xF81F,0xF81F,0xF81F,0xF81F,0xF81F,0xF81F,0xF81F,0xF81F,0xF81F,0xF81F,
  0xF81F,0xF81F,0xF81F,0xF81F,0xF81F,0xF81F,0xF81F,0xF81F,0xF81F,0xF81F,0xF81F,0xF81F,
  0xF81F,0xF81F,0xF81F,0xF81F,0xF81F,0xF81F,0xF81F,0xF81F,0xF81F,0xF81F,0xF81F,0xF81F,
  0xF81F,0xF81F,0xF81F,0xF81F,0xF81F,0xF81F,0xF81F,0xF81F,0xF81F,0xF81F,0xF81F,0xF81F,
  0xF81F,0xF81F,0xF81F,0xF81F,0xF81F,0xF81F,0xF81F,0xF81F,0xF81F,0xF81F,0xF81F,0xF81F,
  0xF81F,0xF81F,0xF81F,0xF81F,0xF81F,0xF81F,0x0000,0x0000,0x0000,0x0000,0x0000,0x0000,
  0x0000,0x0000,0x10A3,0x52AA,0x52AA,0x52AA,0x52AA,0x52AA,0x52AA,0x52AA,0x52AA,0xAD55,
  0xAD55,0xAD55,0xAD55,0xAD55,0xAD55,0xAD55,0xAD55,0xAD55,0xAD55,0xAD55,0xAD55,0xAD55,
  0xAD55,0xAD55,0xAD55,0xAD55,0xAD55,0xAD55,0xAD55,0xAD55,0xAD55,0xAD55,0xAD55,0xAD55,
  0xAD55,0xAD55,0xAD55,0xAD55,0xAD55,0xAD55,0xAD55,0xAD55,0xAD55,0xAD55,0xAD55,0xAD55,
  0xAD55,0xAD55,0xAD55,0xAD55,0xAD55,0xAD55,0xAD55,0xAD55,0xAD55,0xAD55,0xAD55,0xAD55,
  0xAD55,0xAD55,0xAD55,0xAD55,0xAD55,0xAD55,0xAD55,0xAD55,0xAD55,0xAD55,0xAD55,0xAD55,
  0xAD55,0xAD55,0xAD55,0xAD55,0xAD55,0xAD55,0xAD55,0xAD55,0xAD55,0xAD55,0xAD55,0xAD55,
  0xAD55,0xAD55,0xAD55,0xAD55,0xAD55,0x52AA,0x52AA,0x52AA,0x52AA,0x52AA,0x52AA,0x52AA,
  0x52AA,0x52AA,0x0000,0x0000,0x0000,0x0000,0x0000,0x0000,0x0000,0x0000,0xF81F,0xF81F,
  0xF81F,0xF81F,0xF81F,0xF81F,0xF81F,0xF81F,0xF81F,0xF81F,0xF81F,0xF81F,0xF81F,0xF81F,
  0xF81F,0xF81F,0xF81F,0xF81F,0xF81F,0xF81F,0xF81F,0xF81F,0xF81F,0xF81F,0xF81F,0xF81F,
  0xF81F,0xF81F,0xF81F,0xF81F,0xF81F,0xF81F,0xF81F,0xF81F,0xF81F,0xF81F,0xF81F,0xF81F,
  0xF81F,0xF81F,0xF81F,0xF81F,0xF81F,0xF81F,0xF81F,0xF81F,0xF81F,0xF81F,0xF81F,0xF81F,
  0xF81F,0xF81F,0xF81F,0xF81F,0xF81F,0xF81F,0xF81F,0xF81F,0xF81F,0xF81F,0xF81F,0xF81F,
  0xF81F,0xF81F,0xF81F,0xF81F,0xF81F,0xF81F,0xF81F,0xF81F,0xF81F,0xF81F,0xF81F,0xF81F,
  0xF81F,0xF81F,0xF81F,0xF81F,0xF81F,0xF81F,0x0000,0x0000,0x0000,0x0000,0x0000,0x0000,
  0x0000,0x0000,0x10A3,0x52AA,0x52AA,0x52AA,0x52AA,0x52AA,0x52AA,0x52AA,0x52AA,0xAD55,
  0xAD55,0xAD55,0xAD55,0xAD55,0xAD55,0xAD55,0xAD55,0xAD55,0xAD55,0xAD55,0xAD55,0xAD55,
  0xAD55,0xAD55,0xAD55,0xAD55,0xAD55,0xAD55,0xAD55,0xAD55,0xAD55,0xAD55,0xAD55,0xAD55,
  0xAD55,0xAD55,0xAD55,0xAD55,0xAD55,0xAD55,0xAD55,0xAD55,0xAD55,0xAD55,0xAD55,0xAD55,
  0xAD55,0xAD55,0xAD55,0xAD55,0xAD55,0xAD55,0xAD55,0xAD55,0xAD55,0xAD55,0xAD55,0xAD55,
  0xAD55,0xAD55,0xAD55,0xAD55,0xAD55,0xAD55,0xAD55,0xAD55,0xAD55,0xAD55,0xAD55,0xAD55,
  0xAD55,0xAD55,0xAD55,0xAD55,0xAD55,0xAD55,0xAD55,0xAD55,0xAD55,0xAD55,0xAD55,0xAD55,
  0xAD55,0xAD55,0xAD55,0xAD55,0xAD55,0x52AA,0x52AA,0x52AA,0x52AA,0x52AA,0x52AA,0x52AA,
  0x52AA,0x52AA,0x0000,0x0000,0x0000,0x0000,0x0000,0x0000,0x0000,0x0000,0xF81F,0xF81F,
  0xF81F,0xF81F,0xF81F,0xF81F,0xF81F,0xF81F,0xF81F,0xF81F,0xF81F,0xF81F,0xF81F,0xF81F,
  0xF81F,0xF81F,0xF81F,0xF81F,0xF81F,0xF81F,0xF81F,0xF81F,0xF81F,0xF81F,0xF81F,0xF81F,
  0xF81F,0xF81F,0xF81F,0xF81F,0xF81F,0xF81F,0xF81F,0xF81F,0xF81F,0xF81F,0xF81F,0xF81F,
  0xF81F,0xF81F,0xF81F,0xF81F,0xF81F,0xF81F,0xF81F,0xF81F,0xF81F,0xF81F,0xF81F,0xF81F,
  0xF81F,0xF81F,0xF81F,0xF81F,0xF81F,0xF81F,0xF81F,0xF81F,0xF81F,0xF81F,0xF81F,0xF81F,
  0xF81F,0xF81F,0xF81F,0xF81F,0xF81F,0xF81F,0xF81F,0xF81F,0xF81F,0xF81F,0xF81F,0xF81F,
  0xF81F,0xF81F,0xF81F,0xF81F,0xF81F,0xF81F,0x0000,0x0000,0x0000,0x0000,0x0000,0x0000,
  0x0000,0x0000,0x0000,0xAD55,0xAD55,0xAD55,0xAD55,0xAD55,0xAD55,0xAD55,0xAD55,0xAD55,
  0xAD55,0xAD55,0xAD55,0xAD55,0xAD55,0xAD55,0xAD55,0xAD55,0x10A3,0x0000,0x0000,0x0000,
  0x0000,0x0000,0x0000,0x0000,0xAD55,0xAD55,0xAD55,0xAD55,0xAD55,0xAD55,0xAD55,0xAD55,
  0xAD55,0xAD55,0xAD55,0xAD55,0xAD55,0xAD55,0xAD55,0xAD55,0xAD55,0xAD55,0x10A3,0x10A3,
  0x0000,0x0000,0x0000,0x0000,0x0000,0x0000,0x10A3,0xAD55,0xAD55,0xAD55,0xAD55,0xAD55,
  0xAD55,0xAD55,0xAD55,0xAD55,0xAD55,0xAD55,0xAD55,0xAD55,0xAD55,0xAD55,0xAD55,0xAD55,
  0x0000,0x0000,0x0000,0x0000,0x0000,0x0000,0x0000,0x0000,0x0000,0xAD55,0xAD55,0xAD55,
  0xAD55,0xAD55,0xAD55,0xAD55,0xAD55,0xAD55,0xAD55,0xAD55,0xAD55,0xAD55,0xAD55,0xAD55,
  0xAD55,0xAD55,0x10A3,0x0000,0x0000,0x0000,0x0000,0x0000,0x0000,0x0000,0xF81F,0xF81F,
  0xF81F,0xF81F,0xF81F,0xF81F,0xF81F,0xF81F,0xF81F,0xF81F,0xF81F,0xF81F,0xF81F,0xF81F,
  0xF81F,0xF81F,0xF81F,0xF81F,0xF81F,0xF81F,0xF81F,0xF81F,0xF81F,0xF81F,0xF81F,0xF81F,
  0xF81F,0xF81F,0xF81F,0xF81F,0xF81F,0xF81F,0xF81F,0xF81F,0xF81F,0xF81F,0xF81F,0xF81F,
  0xF81F,0xF81F,0xF81F,0xF81F,0xF81F,0xF81F,0xF81F,0xF81F,0xF81F,0xF81F,0xF81F,0xF81F,
  0xF81F,0xF81F,0xF81F,0xF81F,0xF81F,0xF81F,0xF81F,0xF81F,0xF81F,0xF81F,0xF81F,0xF81F,
  0xF81F,0xF81F,0xF81F,0xF81F,0xF81F,0xF81F,0xF81F,0xF81F,0xF81F,0xF81F,0xF81F,0xF81F,
  0xF81F,0xF81F,0xF81F,0xF81F,0xF81F,0xF81F,0x0000,0x0000,0x0000,0x0000,0x0000,0x0000,
  0x0000,0x0000,0x0000,0xAD55,0xAD55,0xAD55,0xAD55,0xAD55,0xAD55,0xAD55,0xAD55,0xAD55,
  0xAD55,0xAD55,0xAD55,0xAD55,0xAD55,0xAD55,0xAD55,0xAD55,0x10A3,0x0000,0x0000,0x0000,
  0x0000,0x0000,0x0000,0x0000,0xAD55,0xAD55,0xAD55,0xAD55,0xAD55,0xAD55,0xAD55,0xAD55,
  0xAD55,0xAD55,0xAD55,0xAD55,0xAD55,0xAD55,0xAD55,0xAD55,0xAD55,0xAD55,0x0000,0x0000,
  0x0000,0x0000,0x0000,0x0000,0x0000,0x0000,0x10A3,0xAD55,0xAD55,0xAD55,0xAD55,0xAD55,
  0xAD55,0xAD55,0xAD55,0xAD55,0xAD55,0xAD55,0xAD55,0xAD55,0xAD55,0xAD55,0xAD55,0xAD55,
  0x0000,0x0000,0x0000,0x0000,0x0000,0x0000,0x0000,0x0000,0x0000,0xAD55,0xAD55,0xAD55,
  0xAD55,0xAD55,0xAD55,0xAD55,0xAD55,0xAD55,0xAD55,0xAD55,0xAD55,0xAD55,0xAD55,0xAD55,
  0xAD55,0xAD55,0x10A3,0x0000,0x0000,0x0000,0x0000,0x0000,0x0000,0x0000,0xF81F,0xF81F,
  0xF81F,0xF81F,0xF81F,0xF81F,0xF81F,0xF81F,0xF81F,0xF81F,0xF81F,0xF81F,0xF81F,0xF81F,
  0xF81F,0xF81F,0xF81F,0xF81F,0xF81F,0xF81F,0xF81F,0xF81F,0xF81F,0xF81F,0xF81F,0xF81F,
  0xF81F,0xF81F,0xF81F,0xF81F,0xF81F,0xF81F,0xF81F,0xF81F,0xF81F,0xF81F,0xF81F,0xF81F,
  0xF81F,0xF81F,0xF81F,0xF81F,0xF81F,0xF81F,0xF81F,0xF81F,0xF81F,0xF81F,0xF81F,0xF81F,
  0xF81F,0xF81F,0xF81F,0xF81F,0xF81F,0xF81F,0xF81F,0xF81F,0xF81F,0xF81F,0xF81F,0xF81F,
  0xF81F,0xF81F,0xF81F,0xF81F,0xF81F,0xF81F,0xF81F,0xF81F,0xF81F,0xF81F,0xF81F,0xF81F,
  0xF81F,0xF81F,0xF81F,0xF81F,0xF81F,0xF81F,0x0000,0x0000,0x0000,0x0000,0x0000,0x0000,
  0x0000,0x0000,0x0000,0xAD55,0xAD55,0xAD55,0xAD55,0xAD55,0xAD55,0xAD55,0xAD55,0xAD55,
  0xAD55,0xAD55,0xAD55,0xAD55,0xAD55,0xAD55,0xAD55,0xAD55,0x10A3,0x0000,0x0000,0x0000,
  0x0000,0x0000,0x0000,0x0000,0xAD55,0xAD55,0xAD55,0xAD55,0xAD55,0xAD55,0xAD55,0xAD55,
  0xAD55,0xAD55,0xAD55,0xAD55,0xAD55,0xAD55,0xAD55,0xAD55,0xAD55,0xAD55,0x0000,0x0000,
  0x0000,0x0000,0x0000,0x0000,0x0000,0x0000,0x10A3,0xAD55,0xAD55,0xAD55,0xAD55,0xAD55,
  0xAD55,0xAD55,0xAD55,0xAD55,0xAD55,0xAD55,0xAD55,0xAD55,0xAD55,0xAD55,0xAD55,0xAD55,
  0x0000,0x0000,0x0000,0x0000,0x0000,0x0000,0x0000,0x0000,0x0000,0xAD55,0xAD55,0xAD55,
  0xAD55,0xAD55,0xAD55,0xAD55,0xAD55,0xAD55,0xAD55,0xAD55,0xAD55,0xAD55,0xAD55,0xAD55,
  0xAD55,0xAD55,0x10A3,0x0000,0x0000,0x0000,0x0000,0x0000,0x0000,0x0000,0xF81F,0xF81F,
  0xF81F,0xF81F,0xF81F,0xF81F,0xF81F,0xF81F,0xF81F,0xF81F,0xF81F,0xF81F,0xF81F,0xF81F,
  0xF81F,0xF81F,0xF81F,0xF81F,0xF81F,0xF81F,0xF81F,0xF81F,0xF81F,0xF81F,0xF81F,0xF81F,
  0xF81F,0xF81F,0xF81F,0xF81F,0xF81F,0xF81F,0xF81F,0xF81F,0xF81F,0xF81F,0xF81F,0xF81F,
  0xF81F,0xF81F,0xF81F,0xF81F,0xF81F,0xF81F,0xF81F,0xF81F,0xF81F,0xF81F,0xF81F,0xF81F,
  0xF81F,0xF81F,0xF81F,0xF81F,0xF81F,0xF81F,0xF81F,0xF81F,0xF81F,0xF81F,0xF81F,0xF81F,
  0xF81F,0xF81F,0xF81F,0xF81F,0xF81F,0xF81F,0xF81F,0xF81F,0xF81F,0xF81F,0xF81F,0xF81F,
  0xF81F,0xF81F,0xF81F,0xF81F,0xF81F,0xF81F,0x0000,0x0000,0x0000,0x0000,0x0000,0x0000,
  0x0000,0x0000,0x0000,0xAD55,0xAD55,0xAD55,0xAD55,0xAD55,0xAD55,0xAD55,0xAD55,0xAD55,
  0xAD55,0xAD55,0xAD55,0xAD55,0xAD55,0xAD55,0xAD55,0xAD55,0x10A3,0x0000,0x0000,0x0000,
  0x0000,0x0000,0x0000,0x0000,0xAD55,0xAD55,0xAD55,0xAD55,0xAD55,0xAD55,0xAD55,0xAD55,
  0xAD55,0xAD55,0xAD55,0xAD55,0xAD55,0xAD55,0xAD55,0xAD55,0xAD55,0xAD55,0x0000,0x0000,
  0x0000,0x0000,0x0000,0x0000,0x0000,0x0000,0x10A3,0xAD55,0xAD55,0xAD55,0xAD55,0xAD55,
  0xAD55,0xAD55,0xAD55,0xAD55,0xAD55,0xAD55,0xAD55,0xAD55,0xAD55,0xAD55,0xAD55,0xAD55,
  0x0000,0x0000,0x0000,0x0000,0x0000,0x0000,0x0000,0x0000,0x0000,0xAD55,0xAD55,0xAD55,
  0xAD55,0xAD55,0xAD55,0xAD55,0xAD55,0xAD55,0xAD55,0xAD55,0xAD55,0xAD55,0xAD55,0xAD55,
  0xAD55,0xAD55,0x10A3,0x0000,0x0000,0x0000,0x0000,0x0000,0x0000,0x0000,0xF81F,0xF81F,
  0xF81F,0xF81F,0xF81F,0xF81F,0xF81F,0xF81F,0xF81F,0xF81F,0xF81F,0xF81F,0xF81F,0xF81F,
  0xF81F,0xF81F,0xF81F,0xF81F,0xF81F,0xF81F,0xF81F,0xF81F,0xF81F,0xF81F,0xF81F,0xF81F,
  0xF81F,0xF81F,0xF81F,0xF81F,0xF81F,0xF81F,0xF81F,0xF81F,0xF81F,0xF81F,0xF81F,0xF81F,
  0xF81F,0xF81F,0xF81F,0xF81F,0xF81F,0xF81F,0xF81F,0xF81F,0xF81F,0xF81F,0xF81F,0xF81F,
  0xF81F,0xF81F,0xF81F,0xF81F,0xF81F,0xF81F,0xF81F,0xF81F,0xF81F,0xF81F,0xF81F,0xF81F,
  0xF81F,0xF81F,0xF81F,0xF81F,0xF81F,0xF81F,0xF81F,0xF81F,0xF81F,0xF81F,0xF81F,0xF81F,
  0xF81F,0xF81F,0xF81F,0xF81F,0xF81F,0xF81F,0x0000,0x0000,0x0000,0x0000,0x0000,0x0000,
  0x0000,0x0000,0x0000,0xAD55,0xAD55,0xAD55,0xAD55,0xAD55,0xAD55,0xAD55,0xAD55,0xAD55,
  0xAD55,0xAD55,0xAD55,0xAD55,0xAD55,0xAD55,0xAD55,0xAD55,0x10A3,0x0000,0x0000,0x0000,
  0x0000,0x0000,0x0000,0x0000,0xAD55,0xAD55,0xAD55,0xAD55,0xAD55,0xAD55,0xAD55,0xAD55,
  0xAD55,0xAD55,0xAD55,0xAD55,0xAD55,0xAD55,0xAD55,0xAD55,0xAD55,0xAD55,0x0000,0x0000,
  0x0000,0x0000,0x0000,0x0000,0x0000,0x0000,0x10A3,0xAD55,0xAD55,0xAD55,0xAD55,0xAD55,
  0xAD55,0xAD55,0xAD55,0xAD55,0xAD55,0xAD55,0xAD55,0xAD55,0xAD55,0xAD55,0xAD55,0xAD55,
  0x0000,0x0000,0x0000,0x0000,0x0000,0x0000,0x0000,0x0000,0x0000,0xAD55,0xAD55,0xAD55,
  0xAD55,0xAD55,0xAD55,0xAD55,0xAD55,0xAD55,0xAD55,0xAD55,0xAD55,0xAD55,0xAD55,0xAD55,
  0xAD55,0xAD55,0x10A3,0x0000,0x0000,0x0000,0x0000,0x0000,0x0000,0x0000,0xF81F,0xF81F,
  0xF81F,0xF81F,0xF81F,0xF81F,0xF81F,0xF81F,0xF81F,0xF81F,0xF81F,0xF81F,0xF81F,0xF81F,
  0xF81F,0xF81F,0xF81F,0xF81F,0xF81F,0xF81F,0xF81F,0xF81F,0xF81F,0xF81F,0xF81F,0xF81F,
  0xF81F,0xF81F,0xF81F,0xF81F,0xF81F,0xF81F,0xF81F,0xF81F,0xF81F,0xF81F,0xF81F,0xF81F,
  0xF81F,0xF81F,0xF81F,0xF81F,0xF81F,0xF81F,0xF81F,0xF81F,0xF81F,0xF81F,0xF81F,0xF81F,
  0xF81F,0xF81F,0xF81F,0xF81F,0xF81F,0xF81F,0xF81F,0xF81F,0xF81F,0xF81F,0xF81F,0xF81F,
  0xF81F,0xF81F,0xF81F,0x10A3,0xF81F,0xF81F,0xF81F,0xF81F,0xF81F,0xF81F,0xF81F,0xF81F,
  0xF81F,0xF81F,0xF81F,0xF81F,0xF81F,0xF81F,0x0000,0x0000,0x0000,0x0000,0x0000,0x0000,
  0x0000,0x0000,0x0000,0xAD55,0xAD55,0xAD55,0xAD55,0xAD55,0xAD55,0xAD55,0xAD55,0xAD55,
  0xAD55,0xAD55,0xAD55,0xAD55,0xAD55,0xAD55,0xAD55,0xAD55,0x10A3,0x0000,0x0000,0x0000,
  0x0000,0x0000,0x0000,0x0000,0xAD55,0xAD55,0xAD55,0xAD55,0xAD55,0xAD55,0xAD55,0xAD55,
  0xAD55,0xAD55,0xAD55,0xAD55,0xAD55,0xAD55,0xAD55,0xAD55,0xAD55,0xAD55,0x0000,0x0000,
  0x0000,0x0000,0x0000,0x0000,0x0000,0x0000,0x10A3,0xAD55,0xAD55,0xAD55,0xAD55,0xAD55,
  0xAD55,0xAD55,0xAD55,0xAD55,0xAD55,0xAD55,0xAD55,0xAD55,0xAD55,0xAD55,0xAD55,0xAD55,
  0x0000,0x0000,0x0000,0x0000,0x0000,0x0000,0x0000,0x0000,0x0000,0xAD55,0xAD55,0xAD55,
  0xAD55,0xAD55,0xAD55,0xAD55,0xAD55,0xAD55,0xAD55,0xAD55,0xAD55,0xAD55,0xAD55,0xAD55,
  0xAD55,0xAD55,0x10A3,0x0000,0x0000,0x0000,0x0000,0x0000,0x0000,0x0000,0xF81F,0xF81F,
  0xF81F,0xF81F,0xF81F,0xF81F,0xF81F,0xF81F,0xF81F,0xF81F,0xF81F,0xF81F,0xF81F,0xF81F,
  0xF81F,0xF81F,0xF81F,0xF81F,0xF81F,0xF81F,0xF81F,0xF81F,0xF81F,0xF81F,0xF81F,0xF81F,
  0xF81F,0xF81F,0xF81F,0xF81F,0xF81F,0xF81F,0xF81F,0xF81F,0xF81F,0xF81F,0xF81F,0xF81F,
  0xF81F,0xF81F,0xF81F,0xF81F,0xF81F,0xF81F,0xF81F,0xF81F,0xF81F,0xF81F,0xF81F,0xF81F,
  0xF81F,0xF81F,0xF81F,0xF81F,0xF81F,0xF81F,0xF81F,0xF81F,0xF81F,0xF81F,0xF81F,0xF81F,
  0xF81F,0xF81F,0xF81F,0x10A3,0x10A3,0x10A3,0x10A3,0x10A3,0x10A3,0xF81F,0xF81F,0xF81F,
  0xF81F,0xF81F,0xF81F,0xF81F,0xF81F,0xF81F,0x0000,0x0000,0x0000,0x0000,0x0000,0x0000,
  0x0000,0x0000,0x0000,0xAD55,0xAD55,0xAD55,0xAD55,0xAD55,0xAD55,0xAD55,0xAD55,0xAD55,
  0xAD55,0xAD55,0xAD55,0xAD55,0xAD55,0xAD55,0xAD55,0xAD55,0x10A3,0x0000,0x0000,0x0000,
  0x0000,0x0000,0x0000,0x0000,0xAD55,0xAD55,0xAD55,0xAD55,0xAD55,0xAD55,0xAD55,0xAD55,
  0xAD55,0xAD55,0xAD55,0xAD55,0xAD55,0xAD55,0xAD55,0xAD55,0xAD55,0xAD55,0x0000,0x0000,
  0x0000,0x0000,0x0000,0x0000,0x0000,0x0000,0x10A3,0xAD55,0xAD55,0xAD55,0xAD55,0xAD55,
  0xAD55,0xAD55,0xAD55,0xAD55,0xAD55,0xAD55,0xAD55,0xAD55,0xAD55,0xAD55,0xAD55,0xAD55,
  0x0000,0x0000,0x0000,0x0000,0x0000,0x0000,0x0000,0x0000,0x0000,0xAD55,0xAD55,0xAD55,
  0xAD55,0xAD55,0xAD55,0xAD55,0xAD55,0xAD55,0xAD55,0xAD55,0xAD55,0xAD55,0xAD55,0xAD55,
  0xAD55,0xAD55,0x10A3,0x0000,0x0000,0x0000,0x0000,0x0000,0x0000,0x0000,0xF81F,0xF81F,
  0xF81F,0xF81F,0xF81F,0xF81F,0xF81F,0xF81F,0xF81F,0xF81F,0x10A3,0x10A3,0x10A3,0x10A3,
  0x10A3,0xF81F,0xF81F,0xF81F,0xF81F,0xF81F,0xF81F,0xF81F,0xF81F,0xF81F,0xF81F,0xF81F,
  0xF81F,0xF81F,0xF81F,0xF81F,0xF81F,0xF81F,0xF81F,0xF81F,0xF81F,0xF81F,0xF81F,0xF81F,
  0xF81F,0xF81F,0xF81F,0xF81F,0xF81F,0xF81F,0xF81F,0xF81F,0xF81F,0xF81F,0xF81F,0xF81F,
  0xF81F,0xF81F,0xF81F,0xF81F,0xF81F,0xF81F,0xF81F,0xF81F,0xF81F,0xF81F,0xF81F,0xF81F,
  0xF81F,0xF81F,0xF81F,0x10A3,0x10A3,0x10A3,0x10A3,0x10A3,0x10A3,0x10A3,0x10A3,0x10A3,
  0x10A3,0x10A3,0x10A3,0x10A3,0x10A3,0x10A3,0x10A3,0x0000,0x0000,0x0000,0x0000,0x0000,
  0x0000,0x0000,0x0000,0xAD55,0xAD55,0xAD55,0xAD55,0xAD55,0xAD55,0xAD55,0xAD55,0xAD55,
  0xAD55,0xAD55,0xAD55,0xAD55,0xAD55,0xAD55,0xAD55,0xAD55,0x10A3,0x0000,0x0000,0x0000,
  0x0000,0x0000,0x0000,0x0000,0xAD55,0xAD55,0xAD55,0xAD55,0xAD55,0xAD55,0xAD55,0xAD55,
  0xAD55,0xAD55,0xAD55,0xAD55,0xAD55,0xAD55,0xAD55,0xAD55,0xAD55,0xAD55,0x0000,0x0000,
  0x0000,0x0000,0x0000,0x0000,0x0000,0x0000,0x0000,0xAD55,0xAD55,0xAD55,0xAD55,0xAD55,
  0xAD55,0xAD55,0xAD55,0xAD55,0xAD55,0xAD55,0xAD55,0xAD55,0xAD55,0xAD55,0xAD55,0xAD55,
  0x0000,0x0000,0x0000,0x0000,0x0000,0x0000,0x0000,0x0000,0x0000,0xAD55,0xAD55,0xAD55,
  0xAD55,0xAD55,0xAD55,0xAD55,0xAD55,0xAD55,0xAD55,0xAD55,0xAD55,0xAD55,0xAD55,0xAD55,
  0xAD55,0xAD55,0x10A3,0x0000,0x0000,0x0000,0x0000,0x0000,0x0000,0x10A3,0x10A3,0x10A3,
  0x10A3,0x10A3,0x10A3,0x10A3,0x10A3,0x10A3,0x10A3,0x10A3,0x10A3,0x10A3,0x10A3,0x10A3,
  0x10A3,0xF81F,0xF81F,0xF81F,0xF81F,0xF81F,0xF81F,0xF81F,0xF81F,0xF81F,0xF81F,0xF81F,
  0xF81F,0xF81F,0xF81F,0xF81F,0xF81F,0xF81F,0xF81F,0xF81F,0xF81F,0xF81F,0xF81F,0xF81F,
  0xF81F,0xF81F,0xF81F,0xF81F,0xF81F,0xF81F,0xF81F,0xF81F,0xF81F,0xF81F,0xF81F,0xF81F,
  0xF81F,0xF81F,0xF81F,0xF81F,0xF81F,0xF81F,0xF81F,0xF81F,0xF81F,0xF81F,0xF81F,0xF81F,
  0xF81F,0xF81F,0xF81F,0x10A3,0x10A3,0x10A3,0x10A3,0x10A3,0x10A3,0x10A3,0x10A3,0x10A3,
  0x10A3,0x10A3,0x10A3,0x10A3,0x10A3,0x10A3,0x10A3,0x10A3,0x10A3,0x10A3,0x10A3,0x10A3,
  0x10A3,0x0000,0x0000,0xAD55,0xAD55,0xAD55,0xAD55,0xAD55,0xAD55,0xAD55,0xAD55,0xAD55,
  0xAD55,0xAD55,0xAD55,0xAD55,0xAD55,0xAD55,0xAD55,0xAD55,0x10A3,0x0000,0x0000,0x0000,
  0x0000,0x0000,0x0000,0x0000,0xAD55,0xAD55,0xAD55,0xAD55,0xAD55,0xAD55,0xAD55,0xAD55,
  0xAD55,0xAD55,0xAD55,0xAD55,0xAD55,0xAD55,0xAD55,0xAD55,0xAD55,0xAD55,0x0000,0x0000,
  0x0000,0x0000,0x0000,0x0000,0x0000,0x10A3,0x10A3,0xAD55,0xAD55,0xAD55,0xAD55,0xAD55,
  0xAD55,0xAD55,0xAD55,0xAD55,0xAD55,0xAD55,0xAD55,0xAD55,0xAD55,0xAD55,0xAD55,0xAD55,
  0x0000,0x0000,0x0000,0x0000,0x0000,0x0000,0x0000,0x0000,0x0000,0xAD55,0xAD55,0xAD55,
  0xAD55,0xAD55,0xAD55,0xAD55,0xAD55,0xAD55,0xAD55,0xAD55,0xAD55,0xAD55,0xAD55,0xAD55,
  0xAD55,0xAD55,0x10A3,0x10A3,0x10A3,0x10A3,0x10A3,0x10A3,0x10A3,0x10A3,0x10A3,0x10A3,
  0x10A3,0x10A3,0x10A3,0x10A3,0x10A3,0x10A3,0x10A3,0x10A3,0x10A3,0x10A3,0x10A3,0x10A3,
  0x10A3,0xF81F,0xF81F,0xF81F,0xF81F,0xF81F,0xF81F,0xF81F,0xF81F,0xF81F,0xF81F,0xF81F,
  0xF81F,0xF81F,0xF81F,0xF81F,0xF81F,0xF81F,0xF81F,0xF81F,0xF81F,0xF81F,0xF81F,0xF81F,
  0xF81F,0xF81F,0xF81F,0xF81F,0xF81F,0xF81F,0xF81F,0xF81F,0xF81F,0xF81F,0xF81F,0xF81F,
  0xF81F,0xF81F,0xF81F,0xF81F,0xF81F,0xF81F,0xF81F,0xF81F,0xF81F,0xF81F,0xF81F,0xF81F,
  0xF81F,0xF81F,0xF81F,0x10A3,0x10A3,0x10A3,0x10A3,0x10A3,0x10A3,0x10A3,0x10A3,0x10A3,
  0x10A3,0x10A3,0x10A3,0x10A3,0x10A3,0x10A3,0x10A3,0x10A3,0x10A3,0x10A3,0x10A3,0x10A3,
  0x10A3,0x0000,0x0000,0xAD55,0xAD55,0xAD55,0xAD55,0xAD55,0xAD55,0xAD55,0xAD55,0xAD55,
  0xFDBA,0xFDBA,0xFDBA,0xFDBA,0xFDBA,0xFDBA,0xFDBA,0xAD55,0xAD55,0xAD55,0xAD55,0xAD55,
  0xAD55,0xAD55,0xAD55,0xAD55,0xAD55,0xAD55,0xAD55,0xAD55,0xAD55,0xAD55,0xAD55,0xAD55,
  0xAD55,0xAD55,0x10A3,0x10A3,0x10A3,0x10A3,0x10A3,0x10A3,0x0000,0x10A3,0xAD55,0xAD55,
  0xAD55,0xAD55,0xAD55,0xAD55,0xAD55,0xAD55,0xAD55,0x10A3,0x10A3,0x10A3,0x10A3,0x10A3,
  0x10A3,0x10A3,0x10A3,0xAD55,0xAD55,0xAD55,0xAD55,0xAD55,0xAD55,0xAD55,0xAD55,0xAD55,
  0xAD55,0xAD55,0xAD55,0xAD55,0xAD55,0xAD55,0xAD55,0xAD55,0xAD55,0xFDBA,0xFDBA,0xFDBA,
  0xFDBA,0xFDBA,0xFDBA,0xFDBA,0xFDBA,0xAD55,0xAD55,0xAD55,0xAD55,0xAD55,0xAD55,0xAD55,
  0xAD55,0xAD55,0x10A3,0x10A3,0x10A3,0x10A3,0x10A3,0x10A3,0x10A3,0x10A3,0x10A3,0x10A3,
  0x10A3,0x10A3,0x10A3,0x10A3,0x10A3,0x10A3,0x10A3,0x10A3,0x10A3,0x10A3,0x10A3,0x10A3,
  0x10A3,0xF81F,0xF81F,0xF81F,0xF81F,0xF81F,0xF81F,0xF81F,0xF81F,0xF81F,0xF81F,0xF81F,
  0xF81F,0xF81F,0xF81F,0xF81F,0xF81F,0xF81F,0xF81F,0xF81F,0xF81F,0xF81F,0xF81F,0xF81F,
  0xF81F,0xF81F,0xF81F,0xF81F,0xF81F,0xF81F,0xF81F,0xF81F,0xF81F,0xF81F,0xF81F,0xF81F,
  0xF81F,0xF81F,0xF81F,0xF81F,0xF81F,0xF81F,0xF81F,0xF81F,0xF81F,0xF81F,0xF81F,0xF81F,
  0xF81F,0xF81F,0xF81F,0xF81F,0xF81F,0xF81F,0xF81F,0xF81F,0xF81F,0x10A3,0x10A3,0x10A3,
  0x10A3,0x10A3,0x10A3,0x10A3,0x10A3,0x10A3,0x10A3,0x10A3,0x10A3,0x10A3,0x10A3,0x10A3,
  0x10A3,0x0000,0x0000,0xAD55,0xAD55,0xAD55,0xAD55,0xAD55,0xAD55,0xAD55,0xAD55,0xFDBA,
  0xFDBA,0xFDBA,0xFDBA,0xFDBA,0xFDBA,0xFDBA,0xFDBA,0xFDBA,0xAD55,0xAD55,0xAD55,0xAD55,
  0xAD55,0xAD55,0xAD55,0xAD55,0xAD55,0xAD55,0xAD55,0xAD55,0xAD55,0xAD55,0xAD55,0xAD55,
  0xAD55,0xAD55,0x0000,0x0000,0x0000,0x0000,0x0000,0x0000,0x0000,0x10A3,0xAD55,0xAD55,
  0xAD55,0xAD55,0xAD55,0xAD55,0xAD55,0xAD55,0xAD55,0x0000,0x0000,0x0000,0x0000,0x0000,
  0x0000,0x0000,0x0000,0xAD55,0xAD55,0xAD55,0xAD55,0xAD55,0xAD55,0xAD55,0xAD55,0xAD55,
  0xAD55,0xAD55,0xAD55,0xAD55,0xAD55,0xAD55,0xAD55,0xAD55,0xAD55,0xFDBA,0xFDBA,0xFDBA,
  0xFDBA,0xFDBA,0xFDBA,0xFDBA,0xFDBA,0xAD55,0xAD55,0xAD55,0xAD55,0xAD55,0xAD55,0xAD55,
  0xAD55,0xAD55,0x10A3,0x10A3,0x10A3,0x10A3,0x10A3,0x10A3,0x10A3,0x10A3,0x10A3,0x10A3,
  0x10A3,0x10A3,0x10A3,0x10A3,0x10A3,0x10A3,0x10A3,0x10A3,0xF81F,0xF81F,0xF81F,0xF81F,
  0xF81F,0xF81F,0xF81F,0xF81F,0xF81F,0xF81F,0xF81F,0xF81F,0xF81F,0xF81F,0xF81F,0xF81F,
  0xF81F,0xF81F,0xF81F,0xF81F,0xF81F,0xF81F,0xF81F,0xF81F,0xF81F,0xF81F,0xF81F,0xF81F,
  0xF81F,0xF81F,0xF81F,0xF81F,0xF81F,0xF81F,0xF81F,0xF81F,0xF81F,0xF81F,0xF81F,0xF81F,
  0xF81F,0xF81F,0xF81F,0xF81F,0xF81F,0xF81F,0xF81F,0xF81F,0xF81F,0xF81F,0xF81F,0xF81F,
  0xF81F,0xF81F,0xF81F,0xF81F,0xF81F,0xF81F,0xF81F,0xF81F,0xF81F,0xF81F,0xF81F,0xF81F,
  0xF81F,0x10A3,0x10A3,0x10A3,0x10A3,0x10A3,0x10A3,0x10A3,0x10A3,0x10A3,0x10A3,0x10A3,
  0x10A3,0x0000,0x0000,0xAD55,0xAD55,0xAD55,0xAD55,0xAD55,0xAD55,0xAD55,0xAD55,0xFDBA,
  0xFDBA,0xFDBA,0xFDBA,0xFDBA,0xFDBA,0xFDBA,0xFDBA,0xFDBA,0xAD55,0xAD55,0xAD55,0xAD55,
  0xAD55,0xAD55,0xAD55,0xAD55,0xAD55,0xAD55,0xAD55,0xAD55,0xAD55,0xAD55,0xAD55,0xAD55,
  0xAD55,0x0000,0x0000,0x0000,0x0000,0x0000,0x0000,0x0000,0x0000,0x10A3,0xAD55,0xAD55,
  0xAD55,0xAD55,0xAD55,0xAD55,0xAD55,0xAD55,0xAD55,0x0000,0x0000,0x0000,0x0000,0x0000,
  0x0000,0x0000,0x0000,0xAD55,0xAD55,0xAD55,0xAD55,0xAD55,0xAD55,0xAD55,0xAD55,0xAD55,
  0xAD55,0xAD55,0xAD55,0xAD55,0xAD55,0xAD55,0xAD55,0xAD55,0xAD55,0xFDBA,0xFDBA,0xFDBA,
  0xFDBA,0xFDBA,0xFDBA,0xFDBA,0xFDBA,0xAD55,0xAD55,0xAD55,0xAD55,0xAD55,0xAD55,0xAD55,
  0xAD55,0xAD55,0x10A3,0x10A3,0x10A3,0x10A3,0x10A3,0x10A3,0x10A3,0x10A3,0x10A3,0x10A3,
  0x10A3,0x10A3,0x10A3,0xF81F,0xF81F,0xF81F,0xF81F,0xF81F,0xF81F,0xF81F,0xF81F,0xF81F,
  0xF81F,0xF81F,0xF81F,0xF81F,0xF81F,0xF81F,0xF81F,0xF81F,0xF81F,0xF81F,0xF81F,0xF81F,
  0xF81F,0xF81F,0xF81F,0xF81F,0xF81F,0xF81F,0xF81F,0xF81F,0xF81F,0xF81F,0xF81F,0xF81F,
  0xF81F,0xF81F,0xF81F,0xF81F,0xF81F,0xF81F,0xF81F,0xF81F,0xF81F,0xF81F,0xF81F,0xF81F,
  0xF81F,0xF81F,0xF81F,0xF81F,0xF81F,0xF81F,0xF81F,0xF81F,0xF81F,0xF81F,0xF81F,0xF81F,
  0xF81F,0xF81F,0xF81F,0xF81F,0xF81F,0xF81F,0xF81F,0xF81F,0xF81F,0xF81F,0xF81F,0xF81F,
  0xF81F,0xF81F,0xF81F,0xF81F,0xF81F,0xF81F,0x0000,0x0000,0x0000,0x0000,0x0000,0x0000,
  0x10A3,0x0000,0x0000,0xAD55,0xAD55,0xAD55,0xAD55,0xAD55,0xAD55,0xAD55,0xAD55,0xFDBA,
  0xFDBA,0xFDBA,0xFDBA,0xFDBA,0xFDBA,0xFDBA,0xFDBA,0xFDBA,0xAD55,0xAD55,0xAD55,0xAD55,
  0xAD55,0xAD55,0xAD55,0xAD55,0xAD55,0xAD55,0xAD55,0xAD55,0xAD55,0xAD55,0xAD55,0xAD55,
  0xAD55,0x0000,0x0000,0x0000,0x0000,0x0000,0x0000,0x0000,0x0000,0x10A3,0xAD55,0xAD55,
  0xAD55,0xAD55,0xAD55,0xAD55,0xAD55,0xAD55,0xAD55,0x0000,0x0000,0x0000,0x0000,0x0000,
  0x0000,0x0000,0x0000,0xAD55,0xAD55,0xAD55,0xAD55,0xAD55,0xAD55,0xAD55,0xAD55,0xAD55,
  0xAD55,0xAD55,0xAD55,0xAD55,0xAD55,0xAD55,0xAD55,0xAD55,0xFDBA,0xFDBA,0xFDBA,0xFDBA,
  0xFDBA,0xFDBA,0xFDBA,0xFDBA,0xFDBA,0xAD55,0xAD55,0xAD55,0xAD55,0xAD55,0xAD55,0xAD55,
  0xAD55,0xAD55,0x10A3,0x10A3,0x0000,0x0000,0x0000,0x0000,0x0000,0x0000,0xF81F,0xF81F,
  0xF81F,0xF81F,0xF81F,0xF81F,0xF81F,0xF81F,0xF81F,0xF81F,0xF81F,0xF81F,0xF81F,0xF81F,
  0xF81F,0xF81F,0xF81F,0xF81F,0xF81F,0xF81F,0xF81F,0xF81F,0xF81F,0xF81F,0xF81F,0xF81F,
  0xF81F,0xF81F,0xF81F,0xF81F,0xF81F,0xF81F,0xF81F,0xF81F,0xF81F,0xF81F,0xF81F,0xF81F,
  0xF81F,0xF81F,0xF81F,0xF81F,0xF81F,0xF81F,0xF81F,0xF81F,0xF81F,0xF81F,0xF81F,0xF81F,
  0xF81F,0xF81F,0xF81F,0xF81F,0xF81F,0xF81F,0xF81F,0xF81F,0xF81F,0xF81F,0xF81F,0xF81F,
  0xF81F,0xF81F,0xF81F,0xF81F,0xF81F,0xF81F,0xF81F,0xF81F,0xF81F,0xF81F,0xF81F,0xF81F,
  0xF81F,0xF81F,0xF81F,0xF81F,0xF81F,0xF81F,0x0000,0x0000,0x0000,0x0000,0x0000,0x0000,
  0x0000,0x0000,0x0000,0xAD55,0xAD55,0xAD55,0xAD55,0xAD55,0xAD55,0xAD55,0xAD55,0xFDBA,
  0xFDBA,0xFDBA,0xFDBA,0xFDBA,0xFDBA,0xFDBA,0xFDBA,0xFDBA,0xAD55,0xAD55,0xAD55,0xAD55,
  0xAD55,0xAD55,0xAD55,0xAD55,0xAD55,0xAD55,0xAD55,0xAD55,0xAD55,0xAD55,0xAD55,0xAD55,
  0xAD55,0x0000,0x0000,0x0000,0x0000,0x0000,0x0000,0x0000,0x0000,0x10A3,0xAD55,0xAD55,
  0xAD55,0xAD55,0xAD55,0xAD55,0xAD55,0xAD55,0xAD55,0x0000,0x0000,0x0000,0x0000,0x0000,
  0x0000,0x0000,0x0000,0xAD55,0xAD55,0xAD55,0xAD55,0xAD55,0xAD55,0xAD55,0xAD55,0xAD55,
  0xAD55,0xAD55,0xAD55,0xAD55,0xAD55,0xAD55,0xAD55,0xAD55,0xAD55,0xFDBA,0xFDBA,0xFDBA,
  0xFDBA,0xFDBA,0xFDBA,0xFDBA,0xFDBA,0xAD55,0xAD55,0xAD55,0xAD55,0xAD55,0xAD55,0xAD55,
  0xAD55,0xAD55,0x10A3,0x0000,0x0000,0x0000,0x0000,0x0000,0x0000,0x0000,0xF81F,0xF81F,
  0xF81F,0xF81F,0xF81F,0xF81F,0xF81F,0xF81F,0xF81F,0xF81F,0xF81F,0xF81F,0xF81F,0xF81F,
  0xF81F,0xF81F,0xF81F,0xF81F,0xF81F,0xF81F,0xF81F,0xF81F,0xF81F,0xF81F,0xF81F,0xF81F,
  0xF81F,0xF81F,0xF81F,0xF81F,0xF81F,0xF81F,0xF81F,0xF81F,0xF81F,0xF81F,0xF81F,0xF81F,
  0xF81F,0xF81F,0xF81F,0xF81F,0xF81F,0xF81F,0xF81F,0xF81F,0xF81F,0xF81F,0xF81F,0xF81F,
  0xF81F,0xF81F,0xF81F,0xF81F,0xF81F,0xF81F,0xF81F,0xF81F,0xF81F,0xF81F,0xF81F,0xF81F,
  0xF81F,0xF81F,0xF81F,0xF81F,0xF81F,0xF81F,0xF81F,0xF81F,0xF81F,0xF81F,0xF81F,0xF81F,
  0xF81F,0xF81F,0xF81F,0xF81F,0xF81F,0xF81F,0x0000,0x0000,0x0000,0x0000,0x0000,0x0000,
  0x0000,0x0000,0x0000,0xAD55,0xAD55,0xAD55,0xAD55,0xAD55,0xAD55,0xAD55,0xAD55,0xFDBA,
  0xFDBA,0xFDBA,0xFDBA,0xFDBA,0xFDBA,0xFDBA,0xFDBA,0xFDBA,0xAD55,0xAD55,0xAD55,0xAD55,
  0xAD55,0xAD55,0xAD55,0xAD55,0xAD55,0xAD55,0xAD55,0xAD55,0xAD55,0xAD55,0xAD55,0xAD55,
  0xAD55,0x0000,0x0000,0x0000,0x0000,0x0000,0x0000,0x0000,0x0000,0x10A3,0xAD55,0xAD55,
  0xAD55,0xAD55,0xAD55,0xAD55,0xAD55,0xAD55,0xAD55,0x0000,0x0000,0x0000,0x0000,0x0000,
  0x0000,0x0000,0x0000,0xAD55,0xAD55,0xAD55,0xAD55,0xAD55,0xAD55,0xAD55,0xAD55,0xAD55,
  0xAD55,0xAD55,0xAD55,0xAD55,0xAD55,0xAD55,0xAD55,0xAD55,0xAD55,0xFDBA,0xFDBA,0xFDBA,
  0xFDBA,0xFDBA,0xFDBA,0xFDBA,0xFDBA,0xAD55,0xAD55,0xAD55,0xAD55,0xAD55,0xAD55,0xAD55,
  0xAD55,0xAD55,0x10A3,0x0000,0x0000,0x0000,0x0000,0x0000,0x0000,0x0000,0xF81F,0xF81F,
  0xF81F,0xF81F,0xF81F,0xF81F,0xF81F,0xF81F,0xF81F,0xF81F,0xF81F,0xF81F,0xF81F,0xF81F,
  0xF81F,0xF81F,0xF81F,0xF81F,0xF81F,0xF81F,0xF81F,0xF81F,0xF81F,0xF81F,0xF81F,0xF81F,
  0xF81F,0xF81F,0xF81F,0xF81F,0xF81F,0xF81F,0xF81F,0xF81F,0xF81F,0xF81F,0xF81F,0xF81F,
  0xF81F,0xF81F,0xF81F,0xF81F,0xF81F,0xF81F,0xF81F,0xF81F,0xF81F,0xF81F,0xF81F,0xF81F,
  0xF81F,0xF81F,0xF81F,0xF81F,0xF81F,0xF81F,0xF81F,0xF81F,0xF81F,0xF81F,0xF81F,0xF81F,
  0xF81F,0xF81F,0xF81F,0xF81F,0xF81F,0xF81F,0xF81F,0xF81F,0xF81F,0xF81F,0xF81F,0xF81F,
  0xF81F,0xF81F,0xF81F,0xF81F,0xF81F,0xF81F,0x0000,0x0000,0x0000,0x0000,0x0000,0x0000,
  0x10A3,0x0000,0x0000,0xAD55,0xAD55,0xAD55,0xAD55,0xAD55,0xAD55,0xAD55,0xAD55,0xFDBA,
  0xFDBA,0xFDBA,0xFDBA,0xFDBA,0xFDBA,0xFDBA,0xFDBA,0xFDBA,0xAD55,0xAD55,0xAD55,0xAD55,
  0xAD55,0xAD55,0xAD55,0xAD55,0xAD55,0xAD55,0xAD55,0xAD55,0xAD55,0xAD55,0xAD55,0xAD55,
  0xAD55,0xAD55,0x0000,0x0000,0x0000,0x0000,0x0000,0x0000,0x0000,0x10A3,0xAD55,0xAD55,
  0xAD55,0xAD55,0xAD55,0xAD55,0xAD55,0xAD55,0xAD55,0x0000,0x0000,0x0000,0x0000,0x0000,
  0x0000,0x0000,0x0000,0xAD55,0xAD55,0xAD55,0xAD55,0xAD55,0xAD55,0xAD55,0xAD55,0xAD55,
  0xAD55,0xAD55,0xAD55,0xAD55,0xAD55,0xAD55,0xAD55,0xAD55,0xAD55,0xFDBA,0xFDBA,0xFDBA,
  0xFDBA,0xFDBA,0xFDBA,0xFDBA,0xFDBA,0xAD55,0xAD55,0xAD55,0xAD55,0xAD55,0xAD55,0xAD55,
  0xAD55,0xAD55,0x10A3,0x10A3,0x0000,0x0000,0x0000,0x0000,0x0000,0x0000,0xF81F,0xF81F,
  0xF81F,0xF81F,0xF81F,0xF81F,0xF81F,0xF81F,0xF81F,0xF81F,0xF81F,0xF81F,0xF81F,0xF81F,
  0xF81F,0xF81F,0xF81F,0xF81F,0xF81F,0xF81F,0xF81F,0xF81F,0xF81F,0xF81F,0xF81F,0xF81F,
  0xF81F,0xF81F,0xF81F,0xF81F,0xF81F,0xF81F,0xF81F,0xF81F,0xF81F,0xF81F,0xF81F,0xF81F,
  0xF81F,0xF81F,0xF81F,0xF81F,0xF81F,0xF81F,0xF81F,0xF81F,0xF81F,0xF81F,0xF81F,0xF81F,
  0xF81F,0xF81F,0xF81F,0xF81F,0xF81F,0xF81F,0xF81F,0xF81F,0xF81F,0xF81F,0xF81F,0xF81F,
  0xF81F,0xF81F,0xF81F,0xF81F,0xF81F,0xF81F,0xF81F,0xF81F,0xF81F,0xF81F,0xF81F,0xF81F,
  0xF81F,0xF81F,0xF81F,0xF81F,0xF81F,0xF81F,0x0000,0x10A3,0x10A3,0x10A3,0x10A3,0x10A3,
  0x10A3,0x0000,0x0000,0xAD55,0xAD55,0xAD55,0xAD55,0xAD55,0xAD55,0xAD55,0xAD55,0xFDBA,
  0xFDBA,0xFDBA,0xFDBA,0xFDBA,0xFDBA,0xFDBA,0xFDBA,0xFDBA,0xAD55,0xAD55,0xAD55,0xAD55,
  0xAD55,0xAD55,0xAD55,0xAD55,0xAD55,0xAD55,0xAD55,0xAD55,0xAD55,0xAD55,0xAD55,0xAD55,
  0xAD55,0x0000,0x0000,0x0000,0x0000,0x0000,0x0000,0x0000,0x0000,0x10A3,0xAD55,0xAD55,
  0xAD55,0xAD55,0xAD55,0xAD55,0xAD55,0xAD55,0xAD55,0x0000,0x0000,0x0000,0x0000,0x0000,
  0x0000,0x0000,0x0000,0xAD55,0xAD55,0xAD55,0xAD55,0xAD55,0xAD55,0xAD55,0xAD55,0xAD55,
  0xAD55,0xAD55,0xAD55,0xAD55,0xAD55,0xAD55,0xAD55,0xAD55,0xAD55,0xFDBA,0xFDBA,0xFDBA,
  0xFDBA,0xFDBA,0xFDBA,0xFDBA,0xFDBA,0xAD55,0xAD55,0xAD55,0xAD55,0xAD55,0xAD55,0xAD55,
  0xAD55,0xAD55,0x10A3,0x10A3,0x10A3,0x10A3,0x10A3,0x10A3,0x10A3,0x0000,0xF81F,0xF81F,
  0xF81F,0xF81F,0xF81F,0xF81F,0xF81F,0xF81F,0xF81F,0xF81F,0xF81F,0xF81F,0xF81F,0xF81F,
  0xF81F,0xF81F,0xF81F,0xF81F,0xF81F,0xF81F,0xF81F,0xF81F,0xF81F,0xF81F,0xF81F,0xF81F,
  0xF81F,0xF81F,0xF81F,0xF81F,0xF81F,0xF81F,0xF81F,0xF81F,0xF81F,0xF81F,0xF81F,0xF81F,
  0xF81F,0xF81F,0xF81F,0xF81F,0xF81F,0xF81F,0xF81F,0xF81F,0xF81F,0xF81F,0xF81F,0xF81F,
  0xF81F,0xF81F,0xF81F,0xF81F,0xF81F,0xF81F,0xF81F,0xF81F,0xF81F,0xF81F,0xF81F,0xF81F,
  0xF81F,0xF81F,0xF81F,0xF81F,0xF81F,0xF81F,0xF81F,0xF81F,0xF81F,0x10A3,0x10A3,0x10A3,
  0x10A3,0x10A3,0x10A3,0x10A3,0x10A3,0x10A3,0x10A3,0x10A3,0x10A3,0x10A3,0x10A3,0x10A3,
  0x10A3,0x10A3,0xAD55,0xAD55,0xAD55,0xAD55,0xAD55,0xAD55,0xAD55,0xAD55,0xAD55,0xAD55,
  0xAD55,0xAD55,0xAD55,0xFDBA,0xAD55,0xAD55,0xAD55,0xAD55,0xAD55,0xAD55,0xAD55,0xAD55,
  0xAD55,0xAD55,0xAD55,0xAD55,0xAD55,0xAD55,0xAD55,0xAD55,0xAD55,0xAD55,0xAD55,0xAD55,
  0xAD55,0xAD55,0xAD55,0xAD55,0xAD55,0xAD55,0xAD55,0xAD55,0xAD55,0xAD55,0xAD55,0xAD55,
  0xAD55,0xAD55,0xAD55,0xAD55,0xAD55,0xAD55,0xAD55,0xAD55,0xAD55,0xAD55,0xAD55,0xAD55,
  0xAD55,0xAD55,0xAD55,0xAD55,0xAD55,0xAD55,0xAD55,0xAD55,0xAD55,0xAD55,0xAD55,0xAD55,
  0xAD55,0xAD55,0xAD55,0xAD55,0xAD55,0xAD55,0xAD55,0xAD55,0xAD55,0xAD55,0xAD55,0xFDBA,
  0xFDBA,0xFDBA,0xAD55,0xAD55,0xAD55,0xAD55,0xAD55,0xAD55,0xAD55,0xAD55,0xAD55,0xAD55,
  0xAD55,0xAD55,0x10A3,0x10A3,0x10A3,0x10A3,0x10A3,0x10A3,0x10A3,0x10A3,0x10A3,0x10A3,
  0x10A3,0x10A3,0x10A3,0x10A3,0x10A3,0x10A3,0x10A3,0x10A3,0xF81F,0xF81F,0xF81F,0xF81F,
  0xF81F,0xF81F,0xF81F,0xF81F,0xF81F,0xF81F,0xF81F,0xF81F,0xF81F,0xF81F,0xF81F,0xF81F,
  0xF81F,0xF81F,0xF81F,0xF81F,0xF81F,0xF81F,0xF81F,0xF81F,0xF81F,0xF81F,0xF81F,0xF81F,
  0xF81F,0xF81F,0xF81F,0xF81F,0xF81F,0xF81F,0xF81F,0xF81F,0xF81F,0xF81F,0xF81F,0xF81F,
  0xF81F,0xF81F,0xF81F,0xF81F,0xF81F,0xF81F,0xF81F,0xF81F,0xF81F,0xF81F,0xF81F,0xF81F,
  0xF81F,0xF81F,0xF81F,0x10A3,0x10A3,0x10A3,0x10A3,0x10A3,0x10A3,0x10A3,0x10A3,0x10A3,
  0x10A3,0x10A3,0x10A3,0x10A3,0x10A3,0x10A3,0x10A3,0x10A3,0x10A3,0x10A3,0x10A3,0x10A3,
  0x10A3,0x52AA,0x52AA,0xAD55,0xAD55,0xAD55,0xAD55,0xAD55,0xAD55,0xAD55,0xAD55,0xAD55,
  0xAD55,0xAD55,0xAD55,0xAD55,0xAD55,0xAD55,0xAD55,0xAD55,0xAD55,0xAD55,0xAD55,0xAD55,
  0xAD55,0xAD55,0xAD55,0xAD55,0xAD55,0xAD55,0xAD55,0xAD55,0xAD55,0xAD55,0xAD55,0xAD55,
  0xAD55,0xAD55,0xAD55,0xAD55,0xAD55,0xAD55,0xAD55,0xAD55,0xAD55,0xAD55,0xAD55,0xAD55,
  0xAD55,0xAD55,0xAD55,0xAD55,0xAD55,0xAD55,0xAD55,0xAD55,0xAD55,0xAD55,0xAD55,0xAD55,
  0xAD55,0xAD55,0xAD55,0xAD55,0xAD55,0xAD55,0xAD55,0xAD55,0xAD55,0xAD55,0xAD55,0xAD55,
  0xAD55,0xAD55,0xAD55,0xAD55,0xAD55,0xAD55,0xAD55,0xAD55,0xAD55,0xAD55,0xAD55,0xAD55,
  0xAD55,0xAD55,0xAD55,0xAD55,0xAD55,0xAD55,0xAD55,0xAD55,0xAD55,0xAD55,0xAD55,0xAD55,
  0xAD55,0xAD55,0x52AA,0x10A3,0x10A3,0x10A3,0x10A3,0x10A3,0x10A3,0x10A3,0x10A3,0x10A3,
  0x10A3,0x10A3,0x10A3,0x10A3,0x10A3,0x10A3,0x10A3,0x10A3,0x10A3,0x10A3,0x10A3,0x10A3,
  0x10A3,0xF81F,0xF81F,0xF81F,0xF81F,0xF81F,0xF81F,0xF81F,0xF81F,0xF81F,0xF81F,0xF81F,
  0xF81F,0xF81F,0xF81F,0xF81F,0xF81F,0xF81F,0xF81F,0xF81F,0xF81F,0xF81F,0xF81F,0xF81F,
  0xF81F,0xF81F,0xF81F,0xF81F,0xF81F,0xF81F,0xF81F,0xF81F,0xF81F,0xF81F,0xF81F,0xF81F,
  0xF81F,0xF81F,0xF81F,0xF81F,0xF81F,0xF81F,0xF81F,0xF81F,0xF81F,0xF81F,0xF81F,0xF81F,
  0xF81F,0xF81F,0xF81F,0x10A3,0x10A3,0x10A3,0x10A3,0x10A3,0x10A3,0x10A3,0x10A3,0x10A3,
  0x10A3,0x10A3,0x10A3,0x10A3,0x10A3,0x10A3,0x10A3,0x10A3,0x10A3,0x10A3,0x10A3,0x10A3,
  0x10A3,0x52AA,0x52AA,0xAD55,0xAD55,0xAD55,0xAD55,0xAD55,0xAD55,0xAD55,0xAD55,0xAD55,
  0xAD55,0xAD55,0xAD55,0xAD55,0xAD55,0xAD55,0xAD55,0xAD55,0xAD55,0xAD55,0xAD55,0xAD55,
  0xAD55,0xAD55,0xAD55,0xAD55,0xAD55,0xAD55,0xAD55,0xAD55,0xAD55,0xAD55,0xAD55,0xAD55,
  0xAD55,0xAD55,0xAD55,0xAD55,0xAD55,0xAD55,0xAD55,0xAD55,0xAD55,0xAD55,0xAD55,0xAD55,
  0xAD55,0xAD55,0xAD55,0xAD55,0xAD55,0xAD55,0xAD55,0xAD55,0xAD55,0xAD55,0xAD55,0xAD55,
  0xAD55,0xAD55,0xAD55,0xAD55,0xAD55,0xAD55,0xAD55,0xAD55,0xAD55,0xAD55,0xAD55,0xAD55,
  0xAD55,0xAD55,0xAD55,0xAD55,0xAD55,0xAD55,0xAD55,0xAD55,0xAD55,0xAD55,0xAD55,0xAD55,
  0xAD55,0xAD55,0xAD55,0xAD55,0xAD55,0xAD55,0xAD55,0xAD55,0xAD55,0xAD55,0xAD55,0xAD55,
  0xAD55,0xAD55,0x52AA,0x10A3,0x10A3,0x10A3,0x10A3,0x10A3,0x10A3,0x10A3,0x10A3,0x10A3,
  0x10A3,0x10A3,0x10A3,0x10A3,0x10A3,0x10A3,0x10A3,0x10A3,0x10A3,0x10A3,0x10A3,0x10A3,
  0x10A3,0xF81F,0xF81F,0xF81F,0xF81F,0xF81F,0xF81F,0xF81F,0xF81F,0xF81F,0xF81F,0xF81F,
  0xF81F,0xF81F,0xF81F,0xF81F,0xF81F,0xF81F,0xF81F,0xF81F,0xF81F,0xF81F,0xF81F,0xF81F,
  0xF81F,0xF81F,0xF81F,0xF81F,0xF81F,0xF81F,0xF81F,0xF81F,0xF81F,0xF81F,0xF81F,0xF81F,
  0xF81F,0xF81F,0xF81F,0xF81F,0xF81F,0xF81F,0xF81F,0xF81F,0xF81F,0xF81F,0xF81F,0xF81F,
  0xF81F,0xF81F,0xF81F,0x10A3,0x10A3,0x10A3,0x10A3,0x10A3,0x10A3,0x10A3,0x10A3,0x10A3,
  0x10A3,0x10A3,0x10A3,0x10A3,0x10A3,0x10A3,0x10A3,0x52AA,0x52AA,0x52AA,0x52AA,0x52AA,
  0x52AA,0x52AA,0x52AA,0xAD55,0xAD55,0xAD55,0xAD55,0xAD55,0xAD55,0xAD55,0xAD55,0xAD55,
  0xAD55,0xAD55,0xAD55,0xAD55,0xAD55,0xAD55,0xAD55,0xAD55,0xAD55,0xAD55,0xAD55,0xAD55,
  0xAD55,0xAD55,0xAD55,0xAD55,0xAD55,0xAD55,0xAD55,0xAD55,0xAD55,0xAD55,0xAD55,0xAD55,
  0xAD55,0xAD55,0xAD55,0xAD55,0xAD55,0xAD55,0xAD55,0xAD55,0xAD55,0xAD55,0xAD55,0xAD55,
  0xAD55,0xAD55,0xAD55,0xAD55,0xAD55,0xAD55,0xAD55,0xAD55,0xAD55,0xAD55,0xAD55,0xAD55,
  0xAD55,0xAD55,0xAD55,0xAD55,0xAD55,0xAD55,0xAD55,0xAD55,0xAD55,0xAD55,0xAD55,0xAD55,
  0xAD55,0xAD55,0xAD55,0xAD55,0xAD55,0xAD55,0xAD55,0xAD55,0xAD55,0xAD55,0xAD55,0xAD55,
  0xAD55,0xAD55,0xAD55,0xAD55,0xAD55,0xAD55,0xAD55,0xAD55,0xAD55,0xAD55,0xAD55,0xAD55,
  0xAD55,0xAD55,0x52AA,0x52AA,0x52AA,0x52AA,0x52AA,0x52AA,0x52AA,0x10A3,0x10A3,0x10A3,
  0x10A3,0x10A3,0x10A3,0x10A3,0x10A3,0x10A3,0x10A3,0x10A3,0x10A3,0x10A3,0x10A3,0x10A3,
  0x10A3,0xF81F,0xF81F,0xF81F,0xF81F,0xF81F,0xF81F,0xF81F,0xF81F,0xF81F,0xF81F,0xF81F,
  0xF81F,0xF81F,0xF81F,0xF81F,0xF81F,0xF81F,0xF81F,0xF81F,0xF81F,0xF81F,0xF81F,0xF81F,
  0xF81F,0xF81F,0xF81F,0xF81F,0xF81F,0xF81F,0xF81F,0xF81F,0xF81F,0xF81F,0xF81F,0xF81F,
  0xF81F,0xF81F,0xF81F,0xF81F,0xF81F,0xF81F,0xF81F,0xF81F,0xF81F,0xF81F,0xF81F,0xF81F,
  0xF81F,0xF81F,0xF81F,0x10A3,0x10A3,0x10A3,0x10A3,0x10A3,0x10A3,0x10A3,0x10A3,0x10A3,
  0x10A3,0x10A3,0x0000,0x0000,0x0000,0x0000,0x52AA,0x52AA,0x52AA,0x52AA,0x52AA,0x52AA,
  0x52AA,0x52AA,0x52AA,0xAD55,0xAD55,0xAD55,0xAD55,0xAD55,0xAD55,0xAD55,0xAD55,0xAD55,
  0xAD55,0xAD55,0xAD55,0xAD55,0xAD55,0xAD55,0xAD55,0xAD55,0xAD55,0xAD55,0xAD55,0xAD55,
  0xAD55,0xAD55,0xAD55,0xAD55,0xAD55,0xAD55,0xAD55,0xAD55,0xAD55,0xAD55,0xAD55,0xAD55,
  0xAD55,0xAD55,0xAD55,0xAD55,0xAD55,0xAD55,0xAD55,0xAD55,0xAD55,0xAD55,0xAD55,0xAD55,
  0xAD55,0xAD55,0xAD55,0xAD55,0xAD55,0xAD55,0xAD55,0xAD55,0xAD55,0xAD55,0xAD55,0xAD55,
  0xAD55,0xAD55,0xAD55,0xAD55,0xAD55,0xAD55,0xAD55,0xAD55,0xAD55,0xAD55,0xAD55,0xAD55,
  0xAD55,0xAD55,0xAD55,0xAD55,0xAD55,0xAD55,0xAD55,0xAD55,0xAD55,0xAD55,0xAD55,0xAD55,
  0xAD55,0xAD55,0xAD55,0xAD55,0xAD55,0xAD55,0xAD55,0xAD55,0xAD55,0xAD55,0xAD55,0xAD55,
  0xAD55,0xAD55,0x52AA,0x52AA,0x52AA,0x52AA,0x52AA,0x52AA,0x52AA,0x52AA,0x10A3,0x0000,
  0x0000,0x0000,0x10A3,0x10A3,0x10A3,0x10A3,0x10A3,0x10A3,0x10A3,0x10A3,0x10A3,0x10A3,
  0x10A3,0xF81F,0xF81F,0xF81F,0xF81F,0xF81F,0xF81F,0xF81F,0xF81F,0xF81F,0xF81F,0xF81F,
  0xF81F,0xF81F,0xF81F,0xF81F,0xF81F,0xF81F,0xF81F,0xF81F,0xF81F,0xF81F,0xF81F,0xF81F,
  0xF81F,0xF81F,0xF81F,0xF81F,0xF81F,0xF81F,0xF81F,0xF81F,0xF81F,0xF81F,0xF81F,0xF81F,
  0xF81F,0xF81F,0xF81F,0xF81F,0xF81F,0xF81F,0xF81F,0xF81F,0xF81F,0xF81F,0xF81F,0xF81F,
  0xF81F,0xF81F,0xF81F,0x10A3,0xF81F,0xF81F,0xF81F,0xF81F,0xF81F,0x10A3,0x0000,0x0000,
  0x0000,0x0000,0x0000,0x0000,0x0000,0x0000,0x52AA,0x52AA,0x52AA,0x52AA,0x52AA,0x52AA,
  0x52AA,0x52AA,0x52AA,0xAD55,0xAD55,0xAD55,0xAD55,0xAD55,0xAD55,0xAD55,0xAD55,0xAD55,
  0xAD55,0xAD55,0xAD55,0xAD55,0xAD55,0xAD55,0xAD55,0xAD55,0xAD55,0xAD55,0xAD55,0xAD55,
  0xAD55,0xAD55,0xAD55,0xAD55,0xAD55,0xAD55,0xAD55,0xAD55,0xAD55,0xAD55,0xAD55,0xAD55,
  0xAD55,0xAD55,0xAD55,0xAD55,0xAD55,0xAD55,0xAD55,0xAD55,0xAD55,0xAD55,0xAD55,0xAD55,
  0xAD55,0xAD55,0xAD55,0xAD55,0xAD55,0xAD55,0xAD55,0xAD55,0xAD55,0xAD55,0xAD55,0xAD55,
  0xAD55,0xAD55,0xAD55,0xAD55,0xAD55,0xAD55,0xAD55,0xAD55,0xAD55,0xAD55,0xAD55,0xAD55,
  0xAD55,0xAD55,0xAD55,0xAD55,0xAD55,0xAD55,0xAD55,0xAD55,0xAD55,0xAD55,0xAD55,0xAD55,
  0xAD55,0xAD55,0xAD55,0xAD55,0xAD55,0xAD55,0xAD55,0xAD55,0xAD55,0xAD55,0xAD55,0xAD55,
  0xAD55,0xAD55,0x52AA,0x52AA,0x52AA,0x52AA,0x52AA,0x52AA,0x52AA,0x52AA,0x10A3,0x0000,
  0x0000,0x0000,0x0000,0x0000,0x0000,0x0000,0x0000,0x52AA,0xF81F,0xF81F,0xF81F,0xF81F,
  0xF81F,0xF81F,0xF81F,0xF81F,0xF81F,0xF81F,0xF81F,0xF81F,0xF81F,0xF81F,0xF81F,0xF81F,
  0xF81F,0xF81F,0xF81F,0xF81F,0xF81F,0xF81F,0xF81F,0xF81F,0xF81F,0xF81F,0xF81F,0xF81F,
  0xF81F,0xF81F,0xF81F,0xF81F,0xF81F,0xF81F,0xF81F,0xF81F,0xF81F,0xF81F,0xF81F,0xF81F,
  0xF81F,0xF81F,0xF81F,0xF81F,0xF81F,0xF81F,0xF81F,0xF81F,0xF81F,0xF81F,0xF81F,0xF81F,
  0xF81F,0xF81F,0xF81F,0xF81F,0xF81F,0xF81F,0xF81F,0xF81F,0xF81F,0x10A3,0x0000,0x0000,
  0x0000,0x0000,0x0000,0x0000,0x0000,0x0000,0x52AA,0x52AA,0x52AA,0x52AA,0x52AA,0x52AA,
  0x52AA,0x52AA,0x52AA,0xAD55,0xAD55,0xAD55,0xAD55,0xAD55,0xAD55,0xAD55,0xAD55,0xAD55,
  0xAD55,0xAD55,0xAD55,0xAD55,0xAD55,0xAD55,0xAD55,0xAD55,0xAD55,0xAD55,0xAD55,0xAD55,
  0xAD55,0xAD55,0xAD55,0xAD55,0xAD55,0xAD55,0xAD55,0xAD55,0xAD55,0xAD55,0xAD55,0xAD55,
  0xAD55,0xAD55,0xAD55,0xAD55,0xAD55,0xAD55,0xAD55,0xAD55,0xAD55,0xAD55,0xAD55,0xAD55,
  0xAD55,0xAD55,0xAD55,0xAD55,0xAD55,0xAD55,0xAD55,0xAD55,0xAD55,0xAD55,0xAD55,0xAD55,
  0xAD55,0xAD55,0xAD55,0xAD55,0xAD55,0xAD55,0xAD55,0xAD55,0xAD55,0xAD55,0xAD55,0xAD55,
  0xAD55,0xAD55,0xAD55,0xAD55,0xAD55,0xAD55,0xAD55,0xAD55,0xAD55,0xAD55,0xAD55,0xAD55,
  0xAD55,0xAD55,0xAD55,0xAD55,0xAD55,0xAD55,0xAD55,0xAD55,0xAD55,0xAD55,0xAD55,0xAD55,
  0xAD55,0xAD55,0x52AA,0x52AA,0x52AA,0x52AA,0x52AA,0x52AA,0x52AA,0x52AA,0x10A3,0x0000,
  0x0000,0x0000,0x0000,0x0000,0x0000,0x0000,0x0000,0x52AA,0xF81F,0xF81F,0xF81F,0xF81F,
  0xF81F,0xF81F,0xF81F,0xF81F,0xF81F,0xF81F,0xF81F,0xF81F,0xF81F,0xF81F,0xF81F,0xF81F,
  0xF81F,0xF81F,0xF81F,0xF81F,0xF81F,0xF81F,0xF81F,0xF81F,0xF81F,0xF81F,0xF81F,0xF81F,
  0xF81F,0xF81F,0xF81F,0xF81F,0xF81F,0xF81F,0xF81F,0xF81F,0xF81F,0xF81F,0xF81F,0xF81F,
  0xF81F,0xF81F,0xF81F,0xF81F,0xF81F,0xF81F,0xF81F,0xF81F,0xF81F,0xF81F,0xF81F,0xF81F,
  0xF81F,0xF81F,0xF81F,0xF81F,0xF81F,0xF81F,0xF81F,0xF81F,0xF81F,0x10A3,0x0000,0x0000,
  0x0000,0x0000,0x0000,0x0000,0x0000,0x0000,0x52AA,0x52AA,0x52AA,0x52AA,0x52AA,0x52AA,
  0x52AA,0x52AA,0x52AA,0xAD55,0xAD55,0xAD55,0xAD55,0xAD55,0xAD55,0xAD55,0xAD55,0xAD55,
  0xAD55,0xAD55,0xAD55,0xAD55,0xAD55,0xAD55,0xAD55,0xAD55,0xAD55,0xAD55,0xAD55,0xAD55,
  0xAD55,0xAD55,0xAD55,0xAD55,0xAD55,0xAD55,0xAD55,0xAD55,0xAD55,0xAD55,0xAD55,0xAD55,
  0xAD55,0xAD55,0xAD55,0xAD55,0xAD55,0xAD55,0xAD55,0xAD55,0xAD55,0xAD55,0xAD55,0xAD55,
  0xAD55,0xAD55,0xAD55,0xAD55,0xAD55,0xAD55,0xAD55,0xAD55,0xAD55,0xAD55,0xAD55,0xAD55,
  0xAD55,0xAD55,0xAD55,0xAD55,0xAD55,0xAD55,0xAD55,0xAD55,0xAD55,0xAD55,0xAD55,0xAD55,
  0xAD55,0xAD55,0xAD55,0xAD55,0xAD55,0xAD55,0xAD55,0xAD55,0xAD55,0xAD55,0xAD55,0xAD55,
  0xAD55,0xAD55,0xAD55,0xAD55,0xAD55,0xAD55,0xAD55,0xAD55,0xAD55,0xAD55,0xAD55,0xAD55,
  0xAD55,0xAD55,0x52AA,0x52AA,0x52AA,0x52AA,0x52AA,0x52AA,0x52AA,0x52AA,0x10A3,0x0000,
  0x0000,0x0000,0x0000,0x0000,0x0000,0x0000,0x0000,0x52AA,0xF81F,0xF81F,0xF81F,0xF81F,
  0xF81F,0xF81F,0xF81F,0xF81F,0xF81F,0xF81F,0xF81F,0xF81F,0xF81F,0xF81F,0xF81F,0xF81F,
  0xF81F,0xF81F,0xF81F,0xF81F,0xF81F,0xF81F,0xF81F,0xF81F,0xF81F,0xF81F,0xF81F,0xF81F,
  0xF81F,0xF81F,0xF81F,0xF81F,0xF81F,0xF81F,0xF81F,0xF81F,0xF81F,0xF81F,0xF81F,0xF81F,
  0xF81F,0xF81F,0xF81F,0xF81F,0xF81F,0xF81F,0xF81F,0xF81F,0xF81F,0xF81F,0xF81F,0xF81F,
  0xF81F,0xF81F,0xF81F,0xF81F,0xF81F,0xF81F,0xF81F,0xF81F,0xF81F,0x10A3,0x0000,0x0000,
  0x0000,0x0000,0x0000,0x0000,0x0000,0x0000,0x52AA,0x52AA,0x52AA,0x52AA,0x52AA,0x52AA,
  0x52AA,0x52AA,0x52AA,0xAD55,0xAD55,0xAD55,0xAD55,0xAD55,0xAD55,0xAD55,0xAD55,0xAD55,
  0xAD55,0xAD55,0xAD55,0xAD55,0xAD55,0xAD55,0xAD55,0xAD55,0xAD55,0xAD55,0xAD55,0xAD55,
  0xAD55,0xAD55,0xAD55,0xAD55,0xAD55,0xAD55,0xAD55,0xAD55,0xAD55,0xAD55,0xAD55,0xAD55,
  0xAD55,0xAD55,0xAD55,0xAD55,0xAD55,0xAD55,0xAD55,0xAD55,0xAD55,0xAD55,0xAD55,0xAD55,
  0xAD55,0xAD55,0xAD55,0xAD55,0xAD55,0xAD55,0xAD55,0xAD55,0xAD55,0xAD55,0xAD55,0xAD55,
  0xAD55,0xAD55,0xAD55,0xAD55,0xAD55,0xAD55,0xAD55,0xAD55,0xAD55,0xAD55,0xAD55,0xAD55,
  0xAD55,0xAD55,0xAD55,0xAD55,0xAD55,0xAD55,0xAD55,0xAD55,0xAD55,0xAD55,0xAD55,0xAD55,
  0xAD55,0xAD55,0xAD55,0xAD55,0xAD55,0xAD55,0xAD55,0xAD55,0xAD55,0xAD55,0xAD55,0xAD55,
  0xAD55,0xAD55,0x52AA,0x52AA,0x52AA,0x52AA,0x52AA,0x52AA,0x52AA,0x52AA,0x10A3,0x0000,
  0x0000,0x0000,0x0000,0x0000,0x0000,0x0000,0x0000,0x52AA,0xF81F,0xF81F,0xF81F,0xF81F,
  0xF81F,0xF81F,0xF81F,0xF81F,0xF81F,0xF81F,0xF81F,0xF81F,0xF81F,0xF81F,0xF81F,0xF81F,
  0xF81F,0xF81F,0xF81F,0xF81F,0xF81F,0xF81F,0xF81F,0xF81F,0xF81F,0xF81F,0xF81F,0xF81F,
  0xF81F,0xF81F,0xF81F,0xF81F,0xF81F,0xF81F,0xF81F,0xF81F,0xF81F,0xF81F,0xF81F,0xF81F,
  0xF81F,0xF81F,0xF81F,0xF81F,0xF81F,0xF81F,0xF81F,0xF81F,0xF81F,0xF81F,0xF81F,0xF81F,
  0xF81F,0xF81F,0xF81F,0xF81F,0xF81F,0xF81F,0xF81F,0xF81F,0xF81F,0x10A3,0x0000,0x0000,
  0x0000,0x0000,0x0000,0x0000,0x0000,0x0000,0x52AA,0x52AA,0x52AA,0x52AA,0x52AA,0x52AA,
  0x52AA,0x52AA,0x52AA,0xAD55,0xAD55,0xAD55,0xAD55,0xAD55,0xAD55,0xAD55,0xAD55,0xAD55,
  0xAD55,0xAD55,0xAD55,0xAD55,0xAD55,0xAD55,0xAD55,0xAD55,0xAD55,0xAD55,0xAD55,0xAD55,
  0xAD55,0xAD55,0xAD55,0xAD55,0xAD55,0xAD55,0xAD55,0xAD55,0xAD55,0xAD55,0xAD55,0xAD55,
  0xAD55,0xAD55,0xAD55,0xAD55,0xAD55,0xAD55,0xAD55,0xAD55,0xAD55,0xAD55,0xAD55,0xAD55,
  0xAD55,0xAD55,0xAD55,0xAD55,0xAD55,0xAD55,0xAD55,0xAD55,0xAD55,0xAD55,0xAD55,0xAD55,
  0xAD55,0xAD55,0xAD55,0xAD55,0xAD55,0xAD55,0xAD55,0xAD55,0xAD55,0xAD55,0xAD55,0xAD55,
  0xAD55,0xAD55,0xAD55,0xAD55,0xAD55,0xAD55,0xAD55,0xAD55,0xAD55,0xAD55,0xAD55,0xAD55,
  0xAD55,0xAD55,0xAD55,0xAD55,0xAD55,0xAD55,0xAD55,0xAD55,0xAD55,0xAD55,0xAD55,0xAD55,
  0xAD55,0xAD55,0x52AA,0x52AA,0x52AA,0x52AA,0x52AA,0x52AA,0x52AA,0x52AA,0x10A3,0x0000,
  0x0000,0x0000,0x0000,0x0000,0x0000,0x0000,0x0000,0x52AA,0xF81F,0xF81F,0xF81F,0xF81F,
  0xF81F,0xF81F,0xF81F,0xF81F,0xF81F,0xF81F,0xF81F,0xF81F,0xF81F,0xF81F,0xF81F,0xF81F,
  0xF81F,0xF81F,0xF81F,0xF81F,0xF81F,0xF81F,0xF81F,0xF81F,0xF81F,0xF81F,0xF81F,0xF81F,
  0xF81F,0xF81F,0xF81F,0xF81F,0xF81F,0xF81F,0xF81F,0xF81F,0xF81F,0xF81F,0xF81F,0xF81F,
  0xF81F,0xF81F,0xF81F,0xF81F,0xF81F,0xF81F,0xF81F,0xF81F,0xF81F,0xF81F,0xF81F,0xF81F,
  0xF81F,0xF81F,0xF81F,0xF81F,0xF81F,0xF81F,0xF81F,0xF81F,0xF81F,0x10A3,0x0000,0x0000,
  0x0000,0x0000,0x0000,0x0000,0x0000,0x0000,0x52AA,0x52AA,0x52AA,0x52AA,0x52AA,0x52AA,
  0x52AA,0x52AA,0x52AA,0xAD55,0xAD55,0xAD55,0xAD55,0xAD55,0xAD55,0xAD55,0xAD55,0xAD55,
  0xAD55,0xAD55,0xAD55,0xAD55,0xAD55,0xAD55,0xAD55,0xAD55,0xAD55,0xAD55,0xAD55,0xAD55,
  0xAD55,0xAD55,0xAD55,0xAD55,0xAD55,0xAD55,0xAD55,0xAD55,0xAD55,0xAD55,0xAD55,0xAD55,
  0xAD55,0xAD55,0xAD55,0xAD55,0xAD55,0xAD55,0xAD55,0xAD55,0xAD55,0xAD55,0xAD55,0xAD55,
  0xAD55,0xAD55,0xAD55,0xAD55,0xAD55,0xAD55,0xAD55,0xAD55,0xAD55,0xAD55,0xAD55,0xAD55,
  0xAD55,0xAD55,0xAD55,0xAD55,0xAD55,0xAD55,0xAD55,0xAD55,0xAD55,0xAD55,0xAD55,0xAD55,
  0xAD55,0xAD55,0xAD55,0xAD55,0xAD55,0xAD55,0xAD55,0xAD55,0xAD55,0xAD55,0xAD55,0xAD55,
  0xAD55,0xAD55,0xAD55,0xAD55,0xAD55,0xAD55,0xAD55,0xAD55,0xAD55,0xAD55,0xAD55,0xAD55,
  0xAD55,0xAD55,0x52AA,0x52AA,0x52AA,0x52AA,0x52AA,0x52AA,0x52AA,0x52AA,0x10A3,0x0000,
  0x0000,0x0000,0x0000,0x0000,0x0000,0x0000,0x0000,0x52AA,0xF81F,0xF81F,0xF81F,0xF81F,
  0xF81F,0xF81F,0xF81F,0xF81F,0xF81F,0xF81F,0xF81F,0xF81F,0xF81F,0xF81F,0xF81F,0xF81F,
  0xF81F,0xF81F,0xF81F,0xF81F,0xF81F,0xF81F,0xF81F,0xF81F,0xF81F,0xF81F,0xF81F,0xF81F,
  0xF81F,0xF81F,0xF81F,0xF81F,0xF81F,0xF81F,0xF81F,0xF81F,0xF81F,0xF81F,0xF81F,0xF81F,
  0xF81F,0xF81F,0xF81F,0xF81F,0xF81F,0xF81F,0xF81F,0xF81F,0xF81F,0xF81F,0xF81F,0xF81F,
  0xF81F,0xF81F,0xF81F,0xF81F,0xF81F,0xF81F,0xF81F,0xF81F,0xF81F,0x10A3,0x0000,0x0000,
  0x0000,0x0000,0x0000,0x0000,0x0000,0x0000,0x52AA,0x52AA,0x52AA,0x52AA,0x52AA,0x52AA,
  0x52AA,0x52AA,0x52AA,0xAD55,0xAD55,0xAD55,0xAD55,0xAD55,0xAD55,0xAD55,0xAD55,0xAD55,
  0xAD55,0xAD55,0xAD55,0xAD55,0xAD55,0xAD55,0xAD55,0xAD55,0xAD55,0xAD55,0xAD55,0xAD55,
  0xAD55,0xAD55,0xAD55,0xAD55,0xAD55,0xAD55,0xAD55,0xAD55,0xAD55,0xAD55,0xAD55,0xAD55,
  0xAD55,0xAD55,0xAD55,0xAD55,0xAD55,0xAD55,0xAD55,0xAD55,0xAD55,0xAD55,0xAD55,0xAD55,
  0xAD55,0xAD55,0xAD55,0xAD55,0xAD55,0xAD55,0xAD55,0xAD55,0xAD55,0xAD55,0xAD55,0xAD55,
  0xAD55,0xAD55,0xAD55,0xAD55,0xAD55,0xAD55,0xAD55,0xAD55,0xAD55,0xAD55,0xAD55,0xAD55,
  0xAD55,0xAD55,0xAD55,0xAD55,0xAD55,0xAD55,0xAD55,0xAD55,0xAD55,0xAD55,0xAD55,0xAD55,
  0xAD55,0xAD55,0xAD55,0xAD55,0xAD55,0xAD55,0xAD55,0xAD55,0xAD55,0xAD55,0xAD55,0xAD55,
  0xAD55,0xAD55,0x52AA,0x52AA,0x52AA,0x52AA,0x52AA,0x52AA,0x52AA,0x52AA,0x10A3,0x0000,
  0x0000,0x0000,0x0000,0x0000,0x0000,0x0000,0x0000,0x52AA,0xF81F,0xF81F,0xF81F,0xF81F,
  0xF81F,0xF81F,0xF81F,0xF81F,0xF81F,0xF81F,0xF81F,0xF81F,0xF81F,0xF81F,0xF81F,0xF81F,
  0xF81F,0xF81F,0xF81F,0xF81F,0xF81F,0xF81F,0xF81F,0xF81F,0xF81F,0xF81F,0xF81F,0xF81F,
  0xF81F,0xF81F,0xF81F,0xF81F,0xF81F,0xF81F,0xF81F,0xF81F,0xF81F,0xF81F,0xF81F,0xF81F,
  0xF81F,0xF81F,0xF81F,0xF81F,0xF81F,0xF81F,0xF81F,0xF81F,0xF81F,0xF81F,0xF81F,0xF81F,
  0xF81F,0xF81F,0xF81F,0xF81F,0xF81F,0xF81F,0xF81F,0xF81F,0xF81F,0x10A3,0x0000,0x0000,
  0x0000,0x0000,0x0000,0x0000,0x0000,0x0000,0x52AA,0x52AA,0x52AA,0x52AA,0x52AA,0x52AA,
  0x52AA,0x52AA,0x52AA,0xAD55,0xAD55,0xAD55,0xAD55,0xAD55,0xAD55,0xAD55,0xAD55,0xAD55,
  0xAD55,0xAD55,0xAD55,0xAD55,0xAD55,0xAD55,0xAD55,0xAD55,0xAD55,0xAD55,0xAD55,0xAD55,
  0xAD55,0xAD55,0xAD55,0xAD55,0xAD55,0xAD55,0xAD55,0xAD55,0xAD55,0xAD55,0xAD55,0xAD55,
  0xAD55,0xAD55,0xAD55,0xAD55,0xAD55,0xAD55,0xAD55,0xAD55,0xAD55,0xAD55,0xAD55,0xAD55,
  0xAD55,0xAD55,0xAD55,0xAD55,0xAD55,0xAD55,0xAD55,0xAD55,0xAD55,0xAD55,0xAD55,0xAD55,
  0xAD55,0xAD55,0xAD55,0xAD55,0xAD55,0xAD55,0xAD55,0xAD55,0xAD55,0xAD55,0xAD55,0xAD55,
  0xAD55,0xAD55,0xAD55,0xAD55,0xAD55,0xAD55,0xAD55,0xAD55,0xAD55,0xAD55,0xAD55,0xAD55,
  0xAD55,0xAD55,0xAD55,0xAD55,0xAD55,0xAD55,0xAD55,0xAD55,0xAD55,0xAD55,0xAD55,0xAD55,
  0xAD55,0xAD55,0x52AA,0x52AA,0x52AA,0x52AA,0x52AA,0x52AA,0x52AA,0x52AA,0x10A3,0x0000,
  0x0000,0x0000,0x0000,0x0000,0x0000,0x0000,0x0000,0x52AA,0xF81F,0xF81F,0xF81F,0xF81F,
  0xF81F,0xF81F,0xF81F,0xF81F,0xF81F,0xF81F,0xF81F,0xF81F,0xF81F,0xF81F,0xF81F,0xF81F,
  0xF81F,0xF81F,0xF81F,0xF81F,0xF81F,0xF81F,0xF81F,0xF81F,0xF81F,0xF81F,0xF81F,0xF81F,
  0xF81F,0xF81F,0xF81F,0xF81F,0xF81F,0xF81F,0xF81F,0xF81F,0xF81F,0xF81F,0xF81F,0xF81F,
  0xF81F,0xF81F,0xF81F,0xF81F,0xF81F,0xF81F,0xF81F,0xF81F,0xF81F,0xF81F,0xF81F,0xF81F,
  0xF81F,0xF81F,0xF81F,0xF81F,0xF81F,0xF81F,0xF81F,0xF81F,0xF81F,0x10A3,0x0000,0x0000,
  0x0000,0x0000,0x0000,0x0000,0x0000,0x0000,0x52AA,0x52AA,0x52AA,0x52AA,0x52AA,0x52AA,
  0x52AA,0x52AA,0x52AA,0xAD55,0xAD55,0xAD55,0xAD55,0xAD55,0xAD55,0xAD55,0xAD55,0xAD55,
  0xAD55,0xAD55,0xAD55,0xAD55,0xAD55,0xAD55,0xAD55,0xAD55,0xAD55,0xAD55,0xAD55,0xAD55,
  0xAD55,0xAD55,0xAD55,0xAD55,0xAD55,0xAD55,0xAD55,0xAD55,0xAD55,0xAD55,0xAD55,0xAD55,
  0xAD55,0xAD55,0xAD55,0xAD55,0xAD55,0xAD55,0xAD55,0xAD55,0xAD55,0xAD55,0xAD55,0xAD55,
  0xAD55,0xAD55,0xAD55,0xAD55,0xAD55,0xAD55,0xAD55,0xAD55,0xAD55,0xAD55,0xAD55,0xAD55,
  0xAD55,0xAD55,0xAD55,0xAD55,0xAD55,0xAD55,0xAD55,0xAD55,0xAD55,0xAD55,0xAD55,0xAD55,
  0xAD55,0xAD55,0xAD55,0xAD55,0xAD55,0xAD55,0xAD55,0xAD55,0xAD55,0xAD55,0xAD55,0xAD55,
  0xAD55,0xAD55,0xAD55,0xAD55,0xAD55,0xAD55,0xAD55,0xAD55,0xAD55,0xAD55,0xAD55,0xAD55,
  0xAD55,0xAD55,0x52AA,0x52AA,0x52AA,0x52AA,0x52AA,0x52AA,0x52AA,0x52AA,0x10A3,0x0000,
  0x0000,0x0000,0x0000,0x0000,0x0000,0x0000,0x0000,0x52AA,0xF81F,0xF81F,0xF81F,0xF81F,
  0xF81F,0xF81F,0xF81F,0xF81F,0xF81F,0xF81F,0xF81F,0xF81F,0xF81F,0xF81F,0xF81F,0xF81F,
  0xF81F,0xF81F,0xF81F,0xF81F,0xF81F,0xF81F,0xF81F,0xF81F,0xF81F,0xF81F,0xF81F,0xF81F,
  0xF81F,0xF81F,0xF81F,0xF81F,0xF81F,0xF81F,0xF81F,0xF81F,0xF81F,0xF81F,0xF81F,0xF81F,
  0xF81F,0xF81F,0xF81F,0xF81F,0xF81F,0xF81F,0xF81F,0xF81F,0xF81F,0xF81F,0xF81F,0xF81F,
  0xF81F,0xF81F,0xF81F,0xF81F,0xF81F,0xF81F,0xF81F,0xF81F,0xF81F,0x10A3,0x0000,0x0000,
  0x0000,0x0000,0x0000,0x0000,0x0000,0x0000,0x52AA,0x52AA,0x52AA,0x52AA,0x52AA,0x52AA,
  0x52AA,0x52AA,0x52AA,0xAD55,0xAD55,0xAD55,0xAD55,0xAD55,0xAD55,0xAD55,0xAD55,0xAD55,
  0xAD55,0xAD55,0xAD55,0xAD55,0xAD55,0xAD55,0xAD55,0xAD55,0xAD55,0xAD55,0xAD55,0xAD55,
  0xAD55,0xAD55,0xAD55,0xAD55,0xAD55,0xAD55,0xAD55,0xAD55,0xAD55,0xAD55,0xAD55,0xAD55,
  0xAD55,0xAD55,0xAD55,0xAD55,0xAD55,0xAD55,0xAD55,0xAD55,0xAD55,0xAD55,0xAD55,0xAD55,
  0xAD55,0xAD55,0xAD55,0xAD55,0xAD55,0xAD55,0xAD55,0xAD55,0xAD55,0xAD55,0xAD55,0xAD55,
  0xAD55,0xAD55,0xAD55,0xAD55,0xAD55,0xAD55,0xAD55,0xAD55,0xAD55,0xAD55,0xAD55,0xAD55,
  0xAD55,0xAD55,0xAD55,0xAD55,0xAD55,0xAD55,0xAD55,0xAD55,0xAD55,0xAD55,0xAD55,0xAD55,
  0xAD55,0xAD55,0xAD55,0xAD55,0xAD55,0xAD55,0xAD55,0xAD55,0xAD55,0xAD55,0xAD55,0xAD55,
  0xAD55,0xAD55,0x52AA,0x52AA,0x52AA,0x52AA,0x52AA,0x52AA,0x52AA,0x52AA,0x10A3,0x0000,
  0x0000,0x0000,0x0000,0x0000,0x0000,0x0000,0x0000,0x52AA,0xF81F,0xF81F,0xF81F,0xF81F,
  0xF81F,0xF81F,0xF81F,0xF81F,0xF81F,0xF81F,0xF81F,0xF81F,0xF81F,0xF81F,0xF81F,0xF81F,
  0xF81F,0xF81F,0xF81F,0xF81F,0xF81F,0xF81F,0xF81F,0xF81F,0xF81F,0xF81F,0xF81F,0xF81F,
  0xF81F,0xF81F,0xF81F,0xF81F,0xF81F,0xF81F,0xF81F,0xF81F,0xF81F,0xF81F,0xF81F,0xF81F,
  0xF81F,0xF81F,0xF81F,0xF81F,0xF81F,0xF81F,0xF81F,0xF81F,0xF81F,0xF81F,0xF81F,0xF81F,
  0xF81F,0xF81F,0xF81F,0xF81F,0xF81F,0xF81F,0xF81F,0xF81F,0xF81F,0x10A3,0x0000,0x0000,
  0x0000,0x0000,0x0000,0x0000,0x0000,0x0000,0x52AA,0x52AA,0x52AA,0x52AA,0x52AA,0x52AA,
  0x52AA,0x52AA,0x52AA,0xAD55,0xAD55,0xAD55,0xAD55,0xAD55,0xAD55,0xAD55,0xAD55,0xAD55,
  0xAD55,0xAD55,0xAD55,0xAD55,0xAD55,0xAD55,0xAD55,0xAD55,0xAD55,0xAD55,0xAD55,0xAD55,
  0xAD55,0xAD55,0xAD55,0xAD55,0xAD55,0xAD55,0xAD55,0xAD55,0xAD55,0xAD55,0xAD55,0xAD55,
  0xAD55,0xAD55,0xAD55,0xAD55,0xAD55,0xAD55,0xAD55,0xAD55,0xAD55,0xAD55,0xAD55,0xAD55,
  0xAD55,0xAD55,0xAD55,0xAD55,0xAD55,0xAD55,0xAD55,0xAD55,0xAD55,0xAD55,0xAD55,0xAD55,
  0xAD55,0xAD55,0xAD55,0xAD55,0xAD55,0xAD55,0xAD55,0xAD55,0xAD55,0xAD55,0xAD55,0xAD55,
  0xAD55,0xAD55,0xAD55,0xAD55,0xAD55,0xAD55,0xAD55,0xAD55,0xAD55,0xAD55,0xAD55,0xAD55,
  0xAD55,0xAD55,0xAD55,0xAD55,0xAD55,0xAD55,0xAD55,0xAD55,0xAD55,0xAD55,0xAD55,0xAD55,
  0xAD55,0xAD55,0x52AA,0x52AA,0x52AA,0x52AA,0x52AA,0x52AA,0x52AA,0x52AA,0x10A3,0x0000,
  0x0000,0x0000,0x0000,0x0000,0x0000,0x0000,0x0000,0x52AA,0xF81F,0xF81F,0xF81F,0xF81F,
  0xF81F,0xF81F,0xF81F,0xF81F,0xF81F,0xF81F,0xF81F,0xF81F,0xF81F,0xF81F,0xF81F,0xF81F,
  0xF81F,0xF81F,0xF81F,0xF81F,0xF81F,0xF81F,0xF81F,0xF81F,0xF81F,0xF81F,0xF81F,0xF81F,
  0xF81F,0xF81F,0xF81F,0xF81F,0xF81F,0xF81F,0xF81F,0xF81F,0xF81F,0xF81F,0xF81F,0xF81F,
  0xF81F,0xF81F,0xF81F,0xF81F,0xF81F,0xF81F,0xF81F,0xF81F,0xF81F,0xF81F,0xF81F,0xF81F,
  0xF81F,0xF81F,0xF81F,0xF81F,0xF81F,0xF81F,0xF81F,0xF81F,0xF81F,0x10A3,0x0000,0x0000,
  0x0000,0x0000,0x0000,0x0000,0x0000,0x0000,0x52AA,0x52AA,0x52AA,0x52AA,0x52AA,0x52AA,
  0x52AA,0x52AA,0x52AA,0xAD55,0xAD55,0xAD55,0xAD55,0xAD55,0xAD55,0xAD55,0xAD55,0xAD55,
  0xAD55,0xAD55,0xAD55,0xAD55,0xAD55,0xAD55,0xAD55,0xAD55,0xAD55,0xAD55,0xAD55,0xAD55,
  0xAD55,0xAD55,0xAD55,0xAD55,0xAD55,0xAD55,0xAD55,0xAD55,0xAD55,0xAD55,0xAD55,0xAD55,
  0xAD55,0xAD55,0xAD55,0xAD55,0xAD55,0xAD55,0xAD55,0xAD55,0xAD55,0xAD55,0xAD55,0xAD55,
  0xAD55,0xAD55,0xAD55,0xAD55,0xAD55,0xAD55,0xAD55,0xAD55,0xAD55,0xAD55,0xAD55,0xAD55,
  0xAD55,0xAD55,0xAD55,0xAD55,0xAD55,0xAD55,0xAD55,0xAD55,0xAD55,0xAD55,0xAD55,0xAD55,
  0xAD55,0xAD55,0xAD55,0xAD55,0xAD55,0xAD55,0xAD55,0xAD55,0xAD55,0xAD55,0xAD55,0xAD55,
  0xAD55,0xAD55,0xAD55,0xAD55,0xAD55,0xAD55,0xAD55,0xAD55,0xAD55,0xAD55,0xAD55,0xAD55,
  0xAD55,0xAD55,0x52AA,0x52AA,0x52AA,0x52AA,0x52AA,0x52AA,0x52AA,0x52AA,0x10A3,0x0000,
  0x0000,0x0000,0x0000,0x0000,0x0000,0x0000,0x0000,0x52AA,0xF81F,0xF81F,0xF81F,0xF81F,
  0xF81F,0xF81F,0xF81F,0xF81F,0xF81F,0xF81F,0xF81F,0xF81F,0xF81F,0xF81F,0xF81F,0xF81F,
  0xF81F,0xF81F,0xF81F,0xF81F,0xF81F,0xF81F,0xF81F,0xF81F,0xF81F,0xF81F,0xF81F,0xF81F,
  0xF81F,0xF81F,0xF81F,0xF81F,0xF81F,0xF81F,0xF81F,0xF81F,0xF81F,0xF81F,0xF81F,0xF81F,
  0xF81F,0xF81F,0xF81F,0xF81F,0xF81F,0xF81F,0xF81F,0xF81F,0xF81F,0xF81F,0xF81F,0xF81F,
  0xF81F,0xF81F,0xF81F,0xF81F,0xF81F,0xF81F,0xF81F,0xF81F,0xF81F,0x10A3,0x0000,0x0000,
  0x0000,0x0000,0x0000,0x0000,0x0000,0x0000,0x52AA,0x52AA,0x52AA,0x52AA,0x52AA,0x52AA,
  0x52AA,0x52AA,0xAD55,0xAD55,0xAD55,0xAD55,0xAD55,0xAD55,0xAD55,0xAD55,0xAD55,0xAD55,
  0xAD55,0xAD55,0xAD55,0xAD55,0xAD55,0xAD55,0xAD55,0xAD55,0xAD55,0xAD55,0xAD55,0xAD55,
  0xAD55,0xAD55,0xAD55,0xAD55,0xAD55,0xAD55,0xAD55,0xAD55,0xAD55,0xAD55,0xAD55,0xAD55,
  0xAD55,0xAD55,0xAD55,0xAD55,0xAD55,0xAD55,0xAD55,0xAD55,0xAD55,0xAD55,0xAD55,0xAD55,
  0xAD55,0xAD55,0xAD55,0xAD55,0xAD55,0xAD55,0xAD55,0xAD55,0xAD55,0xAD55,0xAD55,0xAD55,
  0xAD55,0xAD55,0xAD55,0xAD55,0xAD55,0xAD55,0xAD55,0xAD55,0xAD55,0xAD55,0xAD55,0xAD55,
  0xAD55,0xAD55,0xAD55,0xAD55,0xAD55,0xAD55,0xAD55,0xAD55,0xAD55,0xAD55,0xAD55,0xAD55,
  0xAD55,0xAD55,0xAD55,0xAD55,0xAD55,0xAD55,0xAD55,0xAD55,0xAD55,0xAD55,0xAD55,0xAD55,
  0xAD55,0xAD55,0x52AA,0x52AA,0x52AA,0x52AA,0x52AA,0x52AA,0x52AA,0x52AA,0x10A3,0x0000,
  0x0000,0x0000,0x0000,0x0000,0x0000,0x0000,0x0000,0x52AA,0xF81F,0xF81F,0xF81F,0xF81F,
  0xF81F,0xF81F,0xF81F,0xF81F,0xF81F,0xF81F,0xF81F,0xF81F,0xF81F,0xF81F,0xF81F,0xF81F,
  0xF81F,0xF81F,0xF81F,0xF81F,0xF81F,0xF81F,0xF81F,0xF81F,0xF81F,0xF81F,0xF81F,0xF81F,
  0xF81F,0xF81F,0xF81F,0xF81F,0xF81F,0xF81F,0xF81F,0xF81F,0xF81F,0xF81F,0xF81F,0xF81F,
  0xF81F,0xF81F,0xF81F,0xF81F,0xF81F,0xF81F,0xF81F,0xF81F,0xF81F,0xF81F,0xF81F,0xF81F,
  0xF81F,0xF81F,0xF81F,0xF81F,0xF81F,0xF81F,0xF81F,0xF81F,0xF81F,0x10A3,0x0000,0x0000,
  0x0000,0x0000,0x0000,0x0000,0x0000,0x0000,0xAD55,0xAD55,0xAD55,0xAD55,0xAD55,0xAD55,
  0xAD55,0xAD55,0xAD55,0xAD55,0xAD55,0xAD55,0xAD55,0xAD55,0xAD55,0xAD55,0xAD55,0xAD55,
  0xAD55,0xAD55,0xAD55,0xAD55,0xAD55,0xAD55,0xAD55,0xAD55,0xAD55,0xAD55,0xAD55,0xAD55,
  0xAD55,0xAD55,0xAD55,0xAD55,0xAD55,0xAD55,0xAD55,0xAD55,0xAD55,0xAD55,0xAD55,0xAD55,
  0xAD55,0xAD55,0xAD55,0xAD55,0xAD55,0xAD55,0xAD55,0xAD55,0xAD55,0xAD55,0xAD55,0xAD55,
  0xAD55,0xAD55,0xAD55,0xAD55,0xAD55,0xAD55,0xAD55,0xAD55,0xAD55,0xAD55,0xAD55,0xAD55,
  0xAD55,0xAD55,0xAD55,0xAD55,0xAD55,0xAD55,0xAD55,0xAD55,0xAD55,0xAD55,0xAD55,0xAD55,
  0xAD55,0xAD55,0xAD55,0xAD55,0xAD55,0xAD55,0xAD55,0xAD55,0xAD55,0xAD55,0xAD55,0xAD55,
  0xAD55,0xAD55,0xAD55,0xAD55,0xAD55,0xAD55,0xAD55,0xAD55,0xAD55,0xAD55,0xAD55,0xAD55,
  0xAD55,0xAD55,0xAD55,0xAD55,0xAD55,0xAD55,0xAD55,0xAD55,0xAD55,0xAD55,0x10A3,0x0000,
  0x0000,0x0000,0x0000,0x0000,0x0000,0x0000,0x0000,0x52AA,0xF81F,0xF81F,0xF81F,0xF81F,
  0xF81F,0xF81F,0xF81F,0xF81F,0xF81F,0xF81F,0xF81F,0xF81F,0xF81F,0xF81F,0xF81F,0xF81F,
  0xF81F,0xF81F,0xF81F,0xF81F,0xF81F,0xF81F,0xF81F,0xF81F,0xF81F,0xF81F,0xF81F,0xF81F,
  0xF81F,0xF81F,0xF81F,0xF81F,0xF81F,0xF81F,0xF81F,0xF81F,0xF81F,0xF81F,0xF81F,0xF81F,
  0xF81F,0xF81F,0xF81F,0xF81F,0xF81F,0xF81F,0xF81F,0xF81F,0xF81F,0xF81F,0xF81F,0xF81F,
  0xF81F,0xF81F,0xF81F,0xF81F,0xF81F,0xF81F,0xF81F,0xF81F,0xF81F,0x10A3,0x0000,0x0000,
  0x0000,0x0000,0x0000,0x0000,0x0000,0x0000,0xAD55,0xAD55,0xAD55,0xAD55,0xAD55,0xAD55,
  0xAD55,0xAD55,0xAD55,0xAD55,0xAD55,0xAD55,0xAD55,0xAD55,0xAD55,0xAD55,0xAD55,0xAD55,
  0xAD55,0xAD55,0xAD55,0xAD55,0xAD55,0xAD55,0xAD55,0xAD55,0xAD55,0xAD55,0xAD55,0xAD55,
  0xAD55,0xAD55,0xAD55,0xAD55,0xAD55,0xAD55,0xAD55,0xAD55,0xAD55,0xAD55,0xAD55,0xAD55,
  0xAD55,0xAD55,0xAD55,0xAD55,0xAD55,0xAD55,0xAD55,0xAD55,0xAD55,0xAD55,0xAD55,0xAD55,
  0xAD55,0xAD55,0xAD55,0xAD55,0xAD55,0xAD55,0xAD55,0xAD55,0xAD55,0xAD55,0xAD55,0xAD55,
  0xAD55,0xAD55,0xAD55,0xAD55,0xAD55,0xAD55,0xAD55,0xAD55,0xAD55,0xAD55,0xAD55,0xAD55,
  0xAD55,0xAD55,0xAD55,0xAD55,0xAD55,0xAD55,0xAD55,0xAD55,0xAD55,0xAD55,0xAD55,0xAD55,
  0xAD55,0xAD55,0xAD55,0xAD55,0xAD55,0xAD55,0xAD55,0xAD55,0xAD55,0xAD55,0xAD55,0xAD55,
  0xAD55,0xAD55,0xAD55,0xAD55,0xAD55,0xAD55,0xAD55,0xAD55,0xAD55,0xAD55,0x10A3,0x0000,
  0x0000,0x0000,0x0000,0x0000,0x0000,0x0000,0x0000,0x52AA,0xF81F,0xF81F,0xF81F,0xF81F,
  0xF81F,0xF81F,0xF81F,0xF81F,0xF81F,0xF81F,0xF81F,0xF81F,0xF81F,0xF81F,0xF81F,0xF81F,
  0xF81F,0xF81F,0xF81F,0xF81F,0xF81F,0xF81F,0xF81F,0xF81F,0xF81F,0xF81F,0xF81F,0xF81F,
  0xF81F,0xF81F,0xF81F,0xF81F,0xF81F,0xF81F,0xF81F,0xF81F,0xF81F,0xF81F,0xF81F,0xF81F,
  0xF81F,0xF81F,0xF81F,0xF81F,0xF81F,0xF81F,0xF81F,0xF81F,0xF81F,0xF81F,0xF81F,0xF81F,
  0xF81F,0xF81F,0xF81F,0xF81F,0xF81F,0xF81F,0xF81F,0xF81F,0xF81F,0x10A3,0x0000,0x0000,
  0x0000,0x0000,0x0000,0x0000,0x0000,0x0000,0xAD55,0xAD55,0xAD55,0xAD55,0xAD55,0xAD55,
  0xAD55,0xAD55,0xAD55,0xAD55,0xAD55,0xAD55,0xAD55,0xAD55,0xAD55,0xAD55,0xAD55,0xAD55,
  0xAD55,0xAD55,0xAD55,0xAD55,0xAD55,0xAD55,0xAD55,0xAD55,0xAD55,0xAD55,0xAD55,0xAD55,
  0xAD55,0xAD55,0xAD55,0xAD55,0xAD55,0xAD55,0xAD55,0xAD55,0xAD55,0xAD55,0xAD55,0xAD55,
  0xAD55,0xAD55,0xAD55,0xAD55,0xAD55,0xAD55,0xAD55,0xAD55,0xAD55,0xAD55,0xAD55,0xAD55,
  0xAD55,0xAD55,0xAD55,0xAD55,0xAD55,0xAD55,0xAD55,0xAD55,0xAD55,0xAD55,0xAD55,0xAD55,
  0xAD55,0xAD55,0xAD55,0xAD55,0xAD55,0xAD55,0xAD55,0xAD55,0xAD55,0xAD55,0xAD55,0xAD55,
  0xAD55,0xAD55,0xAD55,0xAD55,0xAD55,0xAD55,0xAD55,0xAD55,0xAD55,0xAD55,0xAD55,0xAD55,
  0xAD55,0xAD55,0xAD55,0xAD55,0xAD55,0xAD55,0xAD55,0xAD55,0xAD55,0xAD55,0xAD55,0xAD55,
  0xAD55,0xAD55,0xAD55,0xAD55,0xAD55,0xAD55,0xAD55,0xAD55,0xAD55,0xAD55,0x10A3,0x0000,
  0x0000,0x0000,0x0000,0x0000,0x0000,0x0000,0x0000,0x52AA,0xF81F,0xF81F,0xF81F,0xF81F,
  0xF81F,0xF81F,0xF81F,0xF81F,0xF81F,0xF81F,0xF81F,0xF81F,0xF81F,0xF81F,0xF81F,0xF81F,
  0xF81F,0xF81F,0xF81F,0xF81F,0xF81F,0xF81F,0xF81F,0xF81F,0xF81F,0xF81F,0xF81F,0xF81F,
  0xF81F,0xF81F,0xF81F,0xF81F,0xF81F,0xF81F,0xF81F,0xF81F,0xF81F,0xF81F,0xF81F,0xF81F,
  0xF81F,0xF81F,0xF81F,0xF81F,0xF81F,0xF81F,0xF81F,0xF81F,0xF81F,0xF81F,0xF81F,0xF81F,
  0xF81F,0xF81F,0xF81F,0xF81F,0xF81F,0xF81F,0xF81F,0xF81F,0xF81F,0x10A3,0x0000,0x0000,
  0x0000,0x0000,0x0000,0x0000,0x0000,0x0000,0xAD55,0xAD55,0xAD55,0xAD55,0xAD55,0xAD55,
  0xAD55,0xAD55,0xAD55,0xAD55,0xAD55,0xAD55,0xAD55,0xAD55,0xAD55,0xAD55,0xAD55,0xAD55,
  0xAD55,0xAD55,0xAD55,0xAD55,0xAD55,0xAD55,0xAD55,0xAD55,0xAD55,0xAD55,0xAD55,0xAD55,
  0xAD55,0xAD55,0xAD55,0xAD55,0xAD55,0xAD55,0xAD55,0xAD55,0xAD55,0xAD55,0xAD55,0xAD55,
  0xAD55,0xAD55,0xAD55,0xAD55,0xAD55,0xAD55,0xAD55,0xAD55,0xAD55,0xAD55,0xAD55,0xAD55,
  0xAD55,0xAD55,0xAD55,0xAD55,0xAD55,0xAD55,0xAD55,0xAD55,0xAD55,0xAD55,0xAD55,0xAD55,
  0xAD55,0xAD55,0xAD55,0xAD55,0xAD55,0xAD55,0xAD55,0xAD55,0xAD55,0xAD55,0xAD55,0xAD55,
  0xAD55,0xAD55,0xAD55,0xAD55,0xAD55,0xAD55,0xAD55,0xAD55,0xAD55,0xAD55,0xAD55,0xAD55,
  0xAD55,0xAD55,0xAD55,0xAD55,0xAD55,0xAD55,0xAD55,0xAD55,0xAD55,0xAD55,0xAD55,0xAD55,
  0xAD55,0xAD55,0xAD55,0xAD55,0xAD55,0xAD55,0xAD55,0xAD55,0xAD55,0xAD55,0x10A3,0x0000,
  0x0000,0x0000,0x0000,0x0000,0x0000,0x0000,0x0000,0x52AA,0xF81F,0xF81F,0xF81F,0xF81F,
  0xF81F,0xF81F,0xF81F,0xF81F,0xF81F,0xF81F,0xF81F,0xF81F,0xF81F,0xF81F,0xF81F,0xF81F,
  0xF81F,0xF81F,0xF81F,0xF81F,0xF81F,0xF81F,0xF81F,0xF81F,0xF81F,0xF81F,0xF81F,0xF81F,
  0xF81F,0xF81F,0xF81F,0xF81F,0xF81F,0xF81F,0xF81F,0xF81F,0xF81F,0xF81F,0xF81F,0xF81F,
  0xF81F,0xF81F,0xF81F,0xF81F,0xF81F,0xF81F,0xF81F,0xF81F,0xF81F,0xF81F,0xF81F,0xF81F,
  0xF81F,0xF81F,0xF81F,0xF81F,0xF81F,0xF81F,0xF81F,0xF81F,0xF81F,0x10A3,0x0000,0x0000,
  0x0000,0x0000,0x0000,0x0000,0x0000,0x0000,0xAD55,0xAD55,0xAD55,0xAD55,0xAD55,0xAD55,
  0xAD55,0xAD55,0xAD55,0xAD55,0xAD55,0xAD55,0xAD55,0xAD55,0xAD55,0xAD55,0xAD55,0xAD55,
  0xAD55,0xAD55,0xAD55,0xAD55,0xAD55,0xAD55,0xAD55,0xAD55,0xAD55,0xAD55,0xAD55,0xAD55,
  0xAD55,0xAD55,0xAD55,0xAD55,0xAD55,0xAD55,0xAD55,0xAD55,0xAD55,0xAD55,0xAD55,0xAD55,
  0xAD55,0xAD55,0xAD55,0xAD55,0xAD55,0xAD55,0xAD55,0xAD55,0xAD55,0xAD55,0xAD55,0xAD55,
  0xAD55,0xAD55,0xAD55,0xAD55,0xAD55,0xAD55,0xAD55,0xAD55,0xAD55,0xAD55,0xAD55,0xAD55,
  0xAD55,0xAD55,0xAD55,0xAD55,0xAD55,0xAD55,0xAD55,0xAD55,0xAD55,0xAD55,0xAD55,0xAD55,
  0xAD55,0xAD55,0xAD55,0xAD55,0xAD55,0xAD55,0xAD55,0xAD55,0xAD55,0xAD55,0xAD55,0xAD55,
  0xAD55,0xAD55,0xAD55,0xAD55,0xAD55,0xAD55,0xAD55,0xAD55,0xAD55,0xAD55,0xAD55,0xAD55,
  0xAD55,0xAD55,0xAD55,0xAD55,0xAD55,0xAD55,0xAD55,0xAD55,0xAD55,0xAD55,0x10A3,0x0000,
  0x0000,0x0000,0x0000,0x0000,0x0000,0x0000,0x0000,0x52AA,0xF81F,0xF81F,0xF81F,0xF81F,
  0xF81F,0xF81F,0xF81F,0xF81F,0xF81F,0xF81F,0xF81F,0xF81F,0xF81F,0xF81F,0xF81F,0xF81F,
  0xF81F,0xF81F,0xF81F,0xF81F,0xF81F,0xF81F,0xF81F,0xF81F,0xF81F,0xF81F,0xF81F,0xF81F,
  0xF81F,0xF81F,0xF81F,0xF81F,0xF81F,0xF81F,0xF81F,0xF81F,0xF81F,0xF81F,0xF81F,0xF81F,
  0xF81F,0xF81F,0xF81F,0xF81F,0xF81F,0xF81F,0xF81F,0xF81F,0xF81F,0xF81F,0xF81F,0xF81F,
  0xF81F,0xF81F,0xF81F,0xF81F,0xF81F,0xF81F,0xF81F,0xF81F,0xF81F,0x10A3,0x0000,0x0000,
  0x0000,0x0000,0x0000,0x0000,0x0000,0x0000,0xAD55,0xAD55,0xAD55,0xAD55,0xAD55,0xAD55,
  0xAD55,0xAD55,0xAD55,0xAD55,0xAD55,0xAD55,0xAD55,0xAD55,0xAD55,0xAD55,0xAD55,0xAD55,
  0xAD55,0xAD55,0xAD55,0xAD55,0xAD55,0xAD55,0xAD55,0xAD55,0xAD55,0xAD55,0xAD55,0xAD55,
  0xAD55,0xAD55,0xAD55,0xAD55,0xAD55,0xAD55,0xAD55,0xAD55,0xAD55,0xAD55,0xAD55,0xAD55,
  0xAD55,0xAD55,0xAD55,0xAD55,0xAD55,0xAD55,0xAD55,0xAD55,0xAD55,0xAD55,0xAD55,0xAD55,
  0xAD55,0xAD55,0xAD55,0xAD55,0xAD55,0xAD55,0xAD55,0xAD55,0xAD55,0xAD55,0xAD55,0xAD55,
  0xAD55,0xAD55,0xAD55,0xAD55,0xAD55,0xAD55,0xAD55,0xAD55,0xAD55,0xAD55,0xAD55,0xAD55,
  0xAD55,0xAD55,0xAD55,0xAD55,0xAD55,0xAD55,0xAD55,0xAD55,0xAD55,0xAD55,0xAD55,0xAD55,
  0xAD55,0xAD55,0xAD55,0xAD55,0xAD55,0xAD55,0xAD55,0xAD55,0xAD55,0xAD55,0xAD55,0xAD55,
  0xAD55,0xAD55,0xAD55,0xAD55,0xAD55,0xAD55,0xAD55,0xAD55,0xAD55,0xAD55,0x10A3,0x0000,
  0x0000,0x0000,0x0000,0x0000,0x0000,0x0000,0x0000,0x52AA,0xF81F,0xF81F,0xF81F,0xF81F,
  0xF81F,0xF81F,0xF81F,0xF81F,0xF81F,0xF81F,0xF81F,0xF81F,0xF81F,0xF81F,0xF81F,0xF81F,
  0xF81F,0xF81F,0xF81F,0xF81F,0xF81F,0xF81F,0xF81F,0xF81F,0xF81F,0xF81F,0xF81F,0xF81F,
  0xF81F,0xF81F,0xF81F,0xF81F,0xF81F,0xF81F,0xF81F,0xF81F,0xF81F,0xF81F,0xF81F,0xF81F,
  0xF81F,0xF81F,0xF81F,0xF81F,0xF81F,0xF81F,0xF81F,0xF81F,0xF81F,0xF81F,0xF81F,0xF81F,
  0xF81F,0xF81F,0xF81F,0xF81F,0xF81F,0xF81F,0xF81F,0xF81F,0xF81F,0x10A3,0x0000,0x0000,
  0x0000,0x0000,0x0000,0x0000,0x0000,0x0000,0xAD55,0xAD55,0xAD55,0xAD55,0xAD55,0xAD55,
  0xAD55,0xAD55,0xAD55,0xAD55,0xAD55,0xAD55,0xAD55,0xAD55,0xAD55,0xAD55,0xAD55,0xAD55,
  0xAD55,0xAD55,0xAD55,0xAD55,0xAD55,0xAD55,0xAD55,0xAD55,0xAD55,0xAD55,0xAD55,0xAD55,
  0xAD55,0xAD55,0xAD55,0xAD55,0xAD55,0xAD55,0xAD55,0xAD55,0xAD55,0xAD55,0xAD55,0xAD55,
  0xAD55,0xAD55,0xAD55,0xAD55,0xAD55,0xAD55,0xAD55,0xAD55,0xAD55,0xAD55,0xAD55,0xAD55,
  0xAD55,0xAD55,0xAD55,0xAD55,0xAD55,0xAD55,0xAD55,0xAD55,0xAD55,0xAD55,0xAD55,0xAD55,
  0xAD55,0xAD55,0xAD55,0xAD55,0xAD55,0xAD55,0xAD55,0xAD55,0xAD55,0xAD55,0xAD55,0xAD55,
  0xAD55,0xAD55,0xAD55,0xAD55,0xAD55,0xAD55,0xAD55,0xAD55,0xAD55,0xAD55,0xAD55,0xAD55,
  0xAD55,0xAD55,0xAD55,0xAD55,0xAD55,0xAD55,0xAD55,0xAD55,0xAD55,0xAD55,0xAD55,0xAD55,
  0xAD55,0xAD55,0xAD55,0xAD55,0xAD55,0xAD55,0xAD55,0xAD55,0xAD55,0xAD55,0x10A3,0x0000,
  0x0000,0x0000,0x0000,0x0000,0x0000,0x0000,0x0000,0x52AA,0xF81F,0xF81F,0xF81F,0xF81F,
  0xF81F,0xF81F,0xF81F,0xF81F,0xF81F,0xF81F,0xF81F,0xF81F,0xF81F,0xF81F,0xF81F,0xF81F,
  0xF81F,0xF81F,0xF81F,0xF81F,0xF81F,0xF81F,0xF81F,0xF81F,0xF81F,0xF81F,0xF81F,0xF81F,
  0xF81F,0xF81F,0xF81F,0xF81F,0xF81F,0xF81F,0xF81F,0xF81F,0xF81F,0xF81F,0xF81F,0xF81F,
  0xF81F,0xF81F,0xF81F,0xF81F,0xF81F,0xF81F,0xF81F,0xF81F,0xF81F,0xF81F,0xF81F,0xF81F,
  0xF81F,0xF81F,0xF81F,0xF81F,0xF81F,0xF81F,0xF81F,0xF81F,0xF81F,0x10A3,0x0000,0x0000,
  0x0000,0x0000,0x0000,0x0000,0x0000,0x0000,0xAD55,0xAD55,0xAD55,0xAD55,0xAD55,0xAD55,
  0xAD55,0xAD55,0xAD55,0xAD55,0xAD55,0xAD55,0xAD55,0xAD55,0xAD55,0xAD55,0xAD55,0xAD55,
  0xAD55,0xAD55,0xAD55,0xAD55,0xAD55,0xAD55,0xAD55,0xAD55,0xAD55,0xAD55,0xAD55,0xAD55,
  0xAD55,0xAD55,0xAD55,0xAD55,0xAD55,0xAD55,0xAD55,0xAD55,0xAD55,0xAD55,0xAD55,0xAD55,
  0xAD55,0xAD55,0xAD55,0xAD55,0xAD55,0xAD55,0xAD55,0xAD55,0xAD55,0xAD55,0xAD55,0xAD55,
  0xAD55,0xAD55,0xAD55,0xAD55,0xAD55,0xAD55,0xAD55,0xAD55,0xAD55,0xAD55,0xAD55,0xAD55,
  0xAD55,0xAD55,0xAD55,0xAD55,0xAD55,0xAD55,0xAD55,0xAD55,0xAD55,0xAD55,0xAD55,0xAD55,
  0xAD55,0xAD55,0xAD55,0xAD55,0xAD55,0xAD55,0xAD55,0xAD55,0xAD55,0xAD55,0xAD55,0xAD55,
  0xAD55,0xAD55,0xAD55,0xAD55,0xAD55,0xAD55,0xAD55,0xAD55,0xAD55,0xAD55,0xAD55,0xAD55,
  0xAD55,0xAD55,0xAD55,0xAD55,0xAD55,0xAD55,0xAD55,0xAD55,0xAD55,0xAD55,0x10A3,0x0000,
  0x0000,0x0000,0x0000,0x0000,0x0000,0x0000,0x0000,0x52AA,0xF81F,0xF81F,0xF81F,0xF81F,
  0xF81F,0xF81F,0xF81F,0xF81F,0xF81F,0xF81F,0xF81F,0xF81F,0xF81F,0xF81F,0xF81F,0xF81F,
  0xF81F,0xF81F,0xF81F,0xF81F,0xF81F,0xF81F,0xF81F,0xF81F,0xF81F,0xF81F,0xF81F,0xF81F,
  0xF81F,0xF81F,0xF81F,0xF81F,0xF81F,0xF81F,0xF81F,0xF81F,0xF81F,0xF81F,0xF81F,0xF81F,
  0xF81F,0xF81F,0xF81F,0xF81F,0xF81F,0xF81F,0xF81F,0xF81F,0xF81F,0xF81F,0xF81F,0xF81F,
  0xF81F,0xF81F,0xF81F,0xF81F,0xF81F,0xF81F,0xF81F,0xF81F,0xF81F,0x10A3,0x0000,0x0000,
  0x0000,0x0000,0x0000,0x0000,0x0000,0x0000,0xAD55,0xAD55,0xAD55,0xAD55,0xAD55,0xAD55,
  0xAD55,0xAD55,0xAD55,0xAD55,0xAD55,0xAD55,0xAD55,0xAD55,0xAD55,0xAD55,0xAD55,0xAD55,
  0xAD55,0xAD55,0xAD55,0xAD55,0xAD55,0xAD55,0xAD55,0xAD55,0xAD55,0xAD55,0xAD55,0xAD55,
  0xAD55,0xAD55,0xAD55,0xAD55,0xAD55,0xAD55,0xAD55,0xAD55,0xAD55,0xAD55,0xAD55,0xAD55,
  0xAD55,0xAD55,0xAD55,0xAD55,0xAD55,0xAD55,0xAD55,0xAD55,0xAD55,0xAD55,0xAD55,0xAD55,
  0xAD55,0xAD55,0xAD55,0xAD55,0xAD55,0xAD55,0xAD55,0xAD55,0xAD55,0xAD55,0xAD55,0xAD55,
  0xAD55,0xAD55,0xAD55,0xAD55,0xAD55,0xAD55,0xAD55,0xAD55,0xAD55,0xAD55,0xAD55,0xAD55,
  0xAD55,0xAD55,0xAD55,0xAD55,0xAD55,0xAD55,0xAD55,0xAD55,0xAD55,0xAD55,0xAD55,0xAD55,
  0xAD55,0xAD55,0xAD55,0xAD55,0xAD55,0xAD55,0xAD55,0xAD55,0xAD55,0xAD55,0xAD55,0xAD55,
  0xAD55,0xAD55,0xAD55,0xAD55,0xAD55,0xAD55,0xAD55,0xAD55,0xAD55,0xAD55,0x10A3,0x0000,
  0x0000,0x0000,0x0000,0x0000,0x0000,0x0000,0x0000,0x52AA,0xF81F,0xF81F,0xF81F,0xF81F,
  0xF81F,0xF81F,0xF81F,0xF81F,0xF81F,0xF81F,0xF81F,0xF81F,0xF81F,0xF81F,0xF81F,0xF81F,
  0xF81F,0xF81F,0xF81F,0xF81F,0xF81F,0xF81F,0xF81F,0xF81F,0xF81F,0xF81F,0xF81F,0xF81F,
  0xF81F,0xF81F,0xF81F,0xF81F,0xF81F,0xF81F,0xF81F,0xF81F,0xF81F,0xF81F,0xF81F,0xF81F,
  0xF81F,0xF81F,0xF81F,0xF81F,0xF81F,0xF81F,0xF81F,0xF81F,0xF81F,0xF81F,0xF81F,0xF81F,
  0xF81F,0xF81F,0xF81F,0xF81F,0xF81F,0xF81F,0xF81F,0xF81F,0xF81F,0x10A3,0x0000,0x0000,
  0x0000,0x0000,0x0000,0x0000,0x0000,0x0000,0xAD55,0xAD55,0xAD55,0xAD55,0xAD55,0xAD55,
  0xAD55,0xAD55,0xAD55,0xAD55,0xAD55,0xAD55,0xAD55,0xAD55,0xAD55,0xAD55,0xAD55,0xAD55,
  0xAD55,0xAD55,0xAD55,0xAD55,0xAD55,0xAD55,0xAD55,0xAD55,0xAD55,0xAD55,0xAD55,0xAD55,
  0xAD55,0xAD55,0xAD55,0xAD55,0xAD55,0xAD55,0xAD55,0xAD55,0xAD55,0xAD55,0xAD55,0xAD55,
  0xAD55,0xAD55,0xAD55,0xAD55,0xAD55,0xAD55,0xAD55,0xAD55,0xAD55,0xAD55,0xAD55,0xAD55,
  0xAD55,0xAD55,0xAD55,0xAD55,0xAD55,0xAD55,0xAD55,0xAD55,0xAD55,0xAD55,0xAD55,0xAD55,
  0xAD55,0xAD55,0xAD55,0xAD55,0xAD55,0xAD55,0xAD55,0xAD55,0xAD55,0xAD55,0xAD55,0xAD55,
  0xAD55,0xAD55,0xAD55,0xAD55,0xAD55,0xAD55,0xAD55,0xAD55,0xAD55,0xAD55,0xAD55,0xAD55,
  0xAD55,0xAD55,0xAD55,0xAD55,0xAD55,0xAD55,0xAD55,0xAD55,0xAD55,0xAD55,0xAD55,0xAD55,
  0xAD55,0xAD55,0xAD55,0xAD55,0xAD55,0xAD55,0xAD55,0xAD55,0xAD55,0xAD55,0x10A3,0x0000,
  0x0000,0x0000,0x0000,0x0000,0x0000,0x0000,0x0000,0x52AA,0xF81F,0xF81F,0xF81F,0xF81F,
  0xF81F,0xF81F,0xF81F,0xF81F,0xF81F,0xF81F,0xF81F,0xF81F,0xF81F,0xF81F,0xF81F,0xF81F,
  0xF81F,0xF81F,0xF81F,0xF81F,0xF81F,0xF81F,0xF81F,0xF81F,0xF81F,0xF81F,0xF81F,0xF81F,
  0xF81F,0xF81F,0xF81F,0xF81F,0xF81F,0xF81F,0xF81F,0xF81F,0xF81F,0xF81F,0xF81F,0xF81F,
  0xF81F,0xF81F,0xF81F,0xF81F,0xF81F,0xF81F,0xF81F,0xF81F,0xF81F,0xF81F,0xF81F,0xF81F,
  0xF81F,0xF81F,0xF81F,0xF81F,0xF81F,0xF81F,0xF81F,0xF81F,0xF81F,0x10A3,0x0000,0x0000,
  0x0000,0x0000,0x0000,0x0000,0x0000,0x0000,0xAD55,0xAD55,0xAD55,0xAD55,0xAD55,0xAD55,
  0xAD55,0xAD55,0xAD55,0xAD55,0xAD55,0xAD55,0xAD55,0xAD55,0xAD55,0xAD55,0xAD55,0xAD55,
  0xAD55,0xAD55,0xAD55,0xAD55,0xAD55,0xAD55,0xAD55,0xAD55,0xAD55,0xAD55,0xAD55,0xAD55,
  0xAD55,0xAD55,0xAD55,0xAD55,0xAD55,0xAD55,0xAD55,0xAD55,0xAD55,0xAD55,0xAD55,0xAD55,
  0xAD55,0xAD55,0xAD55,0xAD55,0xAD55,0xAD55,0xAD55,0xAD55,0xAD55,0xAD55,0xAD55,0xAD55,
  0xAD55,0xAD55,0xAD55,0xAD55,0xAD55,0xAD55,0xAD55,0xAD55,0xAD55,0xAD55,0xAD55,0xAD55,
  0xAD55,0xAD55,0xAD55,0xAD55,0xAD55,0xAD55,0xAD55,0xAD55,0xAD55,0xAD55,0xAD55,0xAD55,
  0xAD55,0xAD55,0xAD55,0xAD55,0xAD55,0xAD55,0xAD55,0xAD55,0xAD55,0xAD55,0xAD55,0xAD55,
  0xAD55,0xAD55,0xAD55,0xAD55,0xAD55,0xAD55,0xAD55,0xAD55,0xAD55,0xAD55,0xAD55,0xAD55,
  0xAD55,0xAD55,0xAD55,0xAD55,0xAD55,0xAD55,0xAD55,0xAD55,0xAD55,0xAD55,0x10A3,0x0000,
  0x0000,0x0000,0x0000,0x0000,0x0000,0x0000,0x0000,0x52AA,0xF81F,0xF81F,0xF81F,0xF81F,
  0xF81F,0xF81F,0xF81F,0xF81F,0xF81F,0xF81F,0xF81F,0xF81F,0xF81F,0xF81F,0xF81F,0xF81F,
  0xF81F,0xF81F,0xF81F,0xF81F,0xF81F,0xF81F,0xF81F,0xF81F,0xF81F,0xF81F,0xF81F,0xF81F,
  0xF81F,0xF81F,0xF81F,0xF81F,0xF81F,0xF81F,0xF81F,0xF81F,0xF81F,0xF81F,0xF81F,0xF81F,
  0xF81F,0xF81F,0xF81F,0xF81F,0xF81F,0xF81F,0xF81F,0xF81F,0xF81F,0xF81F,0xF81F,0xF81F,
  0xF81F,0xF81F,0xF81F,0xF81F,0xF81F,0xF81F,0xF81F,0xF81F,0xF81F,0x10A3,0x0000,0x0000,
  0x0000,0x0000,0x0000,0x0000,0x0000,0x0000,0xAD55,0xAD55,0xAD55,0xAD55,0xAD55,0xAD55,
  0xAD55,0xAD55,0xAD55,0xAD55,0xAD55,0xAD55,0xAD55,0xAD55,0xAD55,0xAD55,0xAD55,0xAD55,
  0xAD55,0xAD55,0xAD55,0xAD55,0xAD55,0xAD55,0xAD55,0xAD55,0xAD55,0xAD55,0xAD55,0xAD55,
  0xAD55,0xAD55,0xAD55,0xAD55,0xAD55,0xAD55,0xAD55,0xAD55,0xAD55,0xAD55,0xAD55,0xAD55,
  0xAD55,0xAD55,0xAD55,0xAD55,0xAD55,0xAD55,0xAD55,0xAD55,0xAD55,0xAD55,0xAD55,0xAD55,
  0xAD55,0xAD55,0xAD55,0xAD55,0xAD55,0xAD55,0xAD55,0xAD55,0xAD55,0xAD55,0xAD55,0xAD55,
  0xAD55,0xAD55,0xAD55,0xAD55,0xAD55,0xAD55,0xAD55,0xAD55,0xAD55,0xAD55,0xAD55,0xAD55,
  0xAD55,0xAD55,0xAD55,0xAD55,0xAD55,0xAD55,0xAD55,0xAD55,0xAD55,0xAD55,0xAD55,0xAD55,
  0xAD55,0xAD55,0xAD55,0xAD55,0xAD55,0xAD55,0xAD55,0xAD55,0xAD55,0xAD55,0xAD55,0xAD55,
  0xAD55,0xAD55,0xAD55,0xAD55,0xAD55,0xAD55,0xAD55,0xAD55,0xAD55,0xAD55,0x10A3,0x0000,
  0x0000,0x0000,0x0000,0x0000,0x0000,0x0000,0x0000,0x52AA,0xF81F,0xF81F,0xF81F,0xF81F,
  0xF81F,0xF81F,0xF81F,0xF81F,0xF81F,0xF81F,0xF81F,0xF81F,0xF81F,0xF81F,0xF81F,0xF81F,
  0xF81F,0xF81F,0xF81F,0xF81F,0xF81F,0xF81F,0xF81F,0xF81F,0xF81F,0xF81F,0xF81F,0xF81F,
  0xF81F,0xF81F,0xF81F,0xF81F,0xF81F,0xF81F,0xF81F,0xF81F,0xF81F,0xF81F,0xF81F,0xF81F,
  0xF81F,0xF81F,0xF81F,0xF81F,0xF81F,0xF81F,0xF81F,0xF81F,0xF81F,0xF81F,0xF81F,0xF81F,
  0xF81F,0xF81F,0xF81F,0xF81F,0xF81F,0xF81F,0xF81F,0xF81F,0xF81F,0x10A3,0x0000,0x0000,
  0x0000,0x0000,0x0000,0x0000,0x0000,0x0000,0xAD55,0xAD55,0xAD55,0xAD55,0xAD55,0xAD55,
  0xAD55,0xAD55,0xAD55,0xAD55,0xAD55,0xAD55,0xAD55,0xAD55,0xAD55,0xAD55,0xAD55,0xAD55,
  0xAD55,0xAD55,0xAD55,0xAD55,0xAD55,0xAD55,0xAD55,0xAD55,0xAD55,0xAD55,0xAD55,0xAD55,
  0xAD55,0xAD55,0xAD55,0xAD55,0xAD55,0xAD55,0xAD55,0xAD55,0xAD55,0xAD55,0xAD55,0xAD55,
  0xAD55,0xAD55,0xAD55,0xAD55,0xAD55,0xAD55,0xAD55,0xAD55,0xAD55,0xAD55,0xAD55,0xAD55,
  0xAD55,0xAD55,0xAD55,0xAD55,0xAD55,0xAD55,0xAD55,0xAD55,0xAD55,0xAD55,0xAD55,0xAD55,
  0xAD55,0xAD55,0xAD55,0xAD55,0xAD55,0xAD55,0xAD55,0xAD55,0xAD55,0xAD55,0xAD55,0xAD55,
  0xAD55,0xAD55,0xAD55,0xAD55,0xAD55,0xAD55,0xAD55,0xAD55,0xAD55,0xAD55,0xAD55,0xAD55,
  0xAD55,0xAD55,0xAD55,0xAD55,0xAD55,0xAD55,0xAD55,0xAD55,0xAD55,0xAD55,0xAD55,0xAD55,
  0xAD55,0xAD55,0xAD55,0xAD55,0xAD55,0xAD55,0xAD55,0xAD55,0xAD55,0xAD55,0x10A3,0x0000,
  0x0000,0x0000,0x0000,0x0000,0x0000,0x0000,0x0000,0x52AA,0xF81F,0xF81F,0xF81F,0xF81F,
  0xF81F,0xF81F,0xF81F,0xF81F,0xF81F,0xF81F,0xF81F,0xF81F,0xF81F,0xF81F,0xF81F,0xF81F,
  0xF81F,0xF81F,0xF81F,0xF81F,0xF81F,0xF81F,0xF81F,0xF81F,0xF81F,0xF81F,0xF81F,0xF81F,
  0xF81F,0xF81F,0xF81F,0xF81F,0xF81F,0xF81F,0xF81F,0xF81F,0xF81F,0xF81F,0xF81F,0xF81F,
  0xF81F,0xF81F,0xF81F,0xF81F,0xF81F,0xF81F,0xF81F,0xF81F,0xF81F,0xF81F,0xF81F,0xF81F,
  0xF81F,0xF81F,0xF81F,0xF81F,0xF81F,0xF81F,0xF81F,0xF81F,0xF81F,0x10A3,0x0000,0x0000,
  0x0000,0x0000,0x0000,0x0000,0x0000,0x0000,0xAD55,0xAD55,0xAD55,0xAD55,0xAD55,0xAD55,
  0xAD55,0xAD55,0xAD55,0xAD55,0xAD55,0xAD55,0xAD55,0xAD55,0xAD55,0xAD55,0xAD55,0xAD55,
  0xAD55,0xAD55,0xAD55,0xAD55,0xAD55,0xAD55,0xAD55,0xAD55,0xAD55,0xAD55,0xAD55,0xAD55,
  0xAD55,0xAD55,0xAD55,0xAD55,0xAD55,0xAD55,0xAD55,0xAD55,0xAD55,0xAD55,0xAD55,0xAD55,
  0xAD55,0xAD55,0xAD55,0xAD55,0xAD55,0xAD55,0xAD55,0xAD55,0xAD55,0xAD55,0xAD55,0xAD55,
  0xAD55,0xAD55,0xAD55,0xAD55,0xAD55,0xAD55,0xAD55,0xAD55,0xAD55,0xAD55,0xAD55,0xAD55,
  0xAD55,0xAD55,0xAD55,0xAD55,0xAD55,0xAD55,0xAD55,0xAD55,0xAD55,0xAD55,0xAD55,0xAD55,
  0xAD55,0xAD55,0xAD55,0xAD55,0xAD55,0xAD55,0xAD55,0xAD55,0xAD55,0xAD55,0xAD55,0xAD55,
  0xAD55,0xAD55,0xAD55,0xAD55,0xAD55,0xAD55,0xAD55,0xAD55,0xAD55,0xAD55,0xAD55,0xAD55,
  0xAD55,0xAD55,0xAD55,0xAD55,0xAD55,0xAD55,0xAD55,0xAD55,0xAD55,0xAD55,0x10A3,0x0000,
  0x0000,0x0000,0x0000,0x0000,0x0000,0x0000,0x0000,0x52AA,0xF81F,0xF81F,0xF81F,0xF81F,
  0xF81F,0xF81F,0xF81F,0xF81F,0xF81F,0xF81F,0xF81F,0xF81F,0xF81F,0xF81F,0xF81F,0xF81F,
  0xF81F,0xF81F,0xF81F,0xF81F,0xF81F,0xF81F,0xF81F,0xF81F,0xF81F,0xF81F,0xF81F,0xF81F,
  0xF81F,0xF81F,0xF81F,0xF81F,0xF81F,0xF81F,0xF81F,0xF81F,0xF81F,0xF81F,0xF81F,0xF81F,
  0xF81F,0xF81F,0xF81F,0xF81F,0xF81F,0xF81F,0xF81F,0xF81F,0xF81F,0xF81F,0xF81F,0xF81F,
  0xF81F,0xF81F,0xF81F,0xF81F,0xF81F,0xF81F,0xF81F,0xF81F,0xF81F,0x10A3,0x0000,0x0000,
  0x0000,0x0000,0x0000,0x0000,0x0000,0x0000,0xAD55,0xAD55,0xAD55,0xAD55,0xAD55,0xAD55,
  0xAD55,0xAD55,0xAD55,0xAD55,0xAD55,0xAD55,0xAD55,0xAD55,0xAD55,0xAD55,0xAD55,0xAD55,
  0xAD55,0xAD55,0xAD55,0xAD55,0xAD55,0xAD55,0xAD55,0xAD55,0xAD55,0xAD55,0xAD55,0xAD55,
  0xAD55,0xAD55,0xAD55,0xAD55,0xAD55,0xAD55,0xAD55,0xAD55,0xAD55,0xAD55,0xAD55,0xAD55,
  0xAD55,0xAD55,0xAD55,0xAD55,0xAD55,0xAD55,0xAD55,0xAD55,0xAD55,0xAD55,0xAD55,0xAD55,
  0xAD55,0xAD55,0xAD55,0xAD55,0xAD55,0xAD55,0xAD55,0xAD55,0xAD55,0xAD55,0xAD55,0xAD55,
  0xAD55,0xAD55,0xAD55,0xAD55,0xAD55,0xAD55,0xAD55,0xAD55,0xAD55,0xAD55,0xAD55,0xAD55,
  0xAD55,0xAD55,0xAD55,0xAD55,0xAD55,0xAD55,0xAD55,0xAD55,0xAD55,0xAD55,0xAD55,0xAD55,
  0xAD55,0xAD55,0xAD55,0xAD55,0xAD55,0xAD55,0xAD55,0xAD55,0xAD55,0xAD55,0xAD55,0xAD55,
  0xAD55,0xAD55,0xAD55,0xAD55,0xAD55,0xAD55,0xAD55,0xAD55,0xAD55,0xAD55,0x10A3,0x0000,
  0x0000,0x0000,0x0000,0x0000,0x0000,0x0000,0x0000,0x52AA,0xF81F,0xF81F,0xF81F,0xF81F,
  0xF81F,0xF81F,0xF81F,0xF81F,0xF81F,0xF81F,0xF81F,0xF81F,0xF81F,0xF81F,0xF81F,0xF81F,
  0xF81F,0xF81F,0xF81F,0xF81F,0xF81F,0xF81F,0xF81F,0xF81F,0xF81F,0xF81F,0xF81F,0xF81F,
  0xF81F,0xF81F,0xF81F,0xF81F,0xF81F,0xF81F,0xF81F,0xF81F,0xF81F,0xF81F,0xF81F,0xF81F,
  0xF81F,0xF81F,0xF81F,0xF81F,0xF81F,0xF81F,0xF81F,0xF81F,0xF81F,0xF81F,0xF81F,0xF81F,
  0xF81F,0xF81F,0xF81F,0xF81F,0xF81F,0xF81F,0xF81F,0xF81F,0xF81F,0x10A3,0x0000,0x0000,
  0x0000,0x0000,0x0000,0x0000,0x0000,0x0000,0xAD55,0xAD55,0xAD55,0xAD55,0xAD55,0xAD55,
  0xAD55,0xAD55,0xAD55,0xAD55,0xAD55,0xAD55,0xAD55,0xAD55,0xAD55,0xAD55,0xAD55,0xAD55,
  0xAD55,0xAD55,0xAD55,0xAD55,0xAD55,0xAD55,0xAD55,0xAD55,0xAD55,0xAD55,0xAD55,0xAD55,
  0xAD55,0xAD55,0xAD55,0xAD55,0xAD55,0xAD55,0xAD55,0xAD55,0xAD55,0xAD55,0xAD55,0xAD55,
  0xAD55,0xAD55,0xAD55,0xAD55,0xAD55,0xAD55,0xAD55,0xAD55,0xAD55,0xAD55,0xAD55,0xAD55,
  0xAD55,0xAD55,0xAD55,0xAD55,0xAD55,0xAD55,0xAD55,0xAD55,0xAD55,0xAD55,0xAD55,0xAD55,
  0xAD55,0xAD55,0xAD55,0xAD55,0xAD55,0xAD55,0xAD55,0xAD55,0xAD55,0xAD55,0xAD55,0xAD55,
  0xAD55,0xAD55,0xAD55,0xAD55,0xAD55,0xAD55,0xAD55,0xAD55,0xAD55,0xAD55,0xAD55,0xAD55,
  0xAD55,0xAD55,0xAD55,0xAD55,0xAD55,0xAD55,0xAD55,0xAD55,0xAD55,0xAD55,0xAD55,0xAD55,
  0xAD55,0xAD55,0xAD55,0xAD55,0xAD55,0xAD55,0xAD55,0xAD55,0xAD55,0xAD55,0x10A3,0x0000,
  0x0000,0x0000,0x0000,0x0000,0x0000,0x0000,0x0000,0x52AA,0xF81F,0xF81F,0xF81F,0xF81F,
  0xF81F,0xF81F,0xF81F,0xF81F,0xF81F,0xF81F,0xF81F,0xF81F,0xF81F,0xF81F,0xF81F,0xF81F,
  0xF81F,0xF81F,0xF81F,0xF81F,0xF81F,0xF81F,0xF81F,0xF81F,0xF81F,0xF81F,0xF81F,0xF81F,
  0xF81F,0xF81F,0xF81F,0xF81F,0xF81F,0xF81F,0xF81F,0xF81F,0xF81F,0xF81F,0xF81F,0xF81F,
  0xF81F,0xF81F,0xF81F,0xF81F,0xF81F,0xF81F,0xF81F,0xF81F,0xF81F,0xF81F,0xF81F,0xF81F,
  0xF81F,0x10A3,0xF81F,0xF81F,0xF81F,0x10A3,0xF81F,0x10A3,0xF81F,0x10A3,0x0000,0x0000,
  0x0000,0x0000,0x0000,0x0000,0x0000,0x10A3,0xAD55,0xAD55,0xAD55,0xAD55,0xAD55,0xAD55,
  0xAD55,0xAD55,0xAD55,0xAD55,0xAD55,0xAD55,0xAD55,0xAD55,0xAD55,0xAD55,0xAD55,0xAD55,
  0xAD55,0xAD55,0xAD55,0xAD55,0xAD55,0xAD55,0xAD55,0xAD55,0xAD55,0xAD55,0xAD55,0xAD55,
  0xAD55,0xAD55,0xAD55,0xAD55,0xAD55,0xAD55,0xAD55,0xAD55,0xAD55,0xAD55,0xAD55,0xAD55,
  0xAD55,0xAD55,0xAD55,0xAD55,0xAD55,0xAD55,0xAD55,0xAD55,0xAD55,0xAD55,0xAD55,0xAD55,
  0xAD55,0xAD55,0xAD55,0xAD55,0xAD55,0xAD55,0xAD55,0xAD55,0xAD55,0xAD55,0xAD55,0xAD55,
  0xAD55,0xAD55,0xAD55,0xAD55,0xAD55,0xAD55,0xAD55,0xAD55,0xAD55,0xAD55,0xAD55,0xAD55,
  0xAD55,0xAD55,0xAD55,0xAD55,0xAD55,0xAD55,0xAD55,0xAD55,0xAD55,0xAD55,0xAD55,0xAD55,
  0xAD55,0xAD55,0xAD55,0xAD55,0xAD55,0xAD55,0xAD55,0xAD55,0xAD55,0xAD55,0xAD55,0xAD55,
  0xAD55,0xAD55,0xAD55,0xAD55,0xAD55,0xAD55,0xAD55,0xAD55,0xAD55,0xAD55,0x10A3,0x0000,
  0x0000,0x0000,0x0000,0x0000,0x0000,0x0000,0x0000,0x52AA,0xF81F,0xF81F,0xF81F,0xF81F,
  0xF81F,0xF81F,0xF81F,0x52AA,0xF81F,0xF81F,0xF81F,0xF81F,0xF81F,0xF81F,0xF81F,0xF81F,
  0xF81F,0xF81F,0xF81F,0xF81F,0xF81F,0xF81F,0xF81F,0xF81F,0xF81F,0xF81F,0xF81F,0xF81F,
  0xF81F,0xF81F,0xF81F,0xF81F,0xF81F,0xF81F,0xF81F,0xF81F,0xF81F,0xF81F,0xF81F,0xF81F,
  0xF81F,0xF81F,0xF81F,0xF81F,0xF81F,0xF81F,0xF81F,0xF81F,0xF81F,0xF81F,0xF81F,0xF81F,
  0x10A3,0x10A3,0x10A3,0x10A3,0x10A3,0x10A3,0x10A3,0x10A3,0x10A3,0x52AA,0x52AA,0x52AA,
  0x52AA,0x52AA,0x52AA,0x52AA,0x52AA,0x10A3,0x52AA,0x52AA,0x52AA,0x52AA,0x52AA,0x52AA,
  0x52AA,0x52AA,0xAD55,0xAD55,0xAD55,0xAD55,0xAD55,0xAD55,0xAD55,0xAD55,0xAD55,0xAD55,
  0xAD55,0xAD55,0xAD55,0xAD55,0xAD55,0xAD55,0xAD55,0xAD55,0xAD55,0xAD55,0xAD55,0xAD55,
  0xAD55,0xAD55,0xAD55,0xAD55,0xAD55,0xAD55,0xAD55,0xAD55,0xAD55,0xAD55,0xAD55,0xAD55,
  0xAD55,0xAD55,0xAD55,0xAD55,0xAD55,0xAD55,0xAD55,0xAD55,0xAD55,0xAD55,0xAD55,0xAD55,
  0xAD55,0xAD55,0xAD55,0xAD55,0xAD55,0xAD55,0xAD55,0xAD55,0xAD55,0xAD55,0xAD55,0xAD55,
  0xAD55,0xAD55,0xAD55,0xAD55,0xAD55,0xAD55,0xAD55,0xAD55,0xAD55,0xAD55,0xAD55,0xAD55,
  0xAD55,0xAD55,0xAD55,0xAD55,0xAD55,0xAD55,0xAD55,0xAD55,0xAD55,0xAD55,0xAD55,0xAD55,
  0xAD55,0xAD55,0xAD55,0xAD55,0xAD55,0xAD55,0xAD55,0xAD55,0xAD55,0xAD55,0xAD55,0xAD55,
  0xAD55,0xAD55,0x52AA,0x52AA,0x52AA,0x52AA,0x52AA,0x52AA,0x52AA,0x52AA,0x52AA,0x52AA,
  0x52AA,0x52AA,0x52AA,0x52AA,0x52AA,0x52AA,0x10A3,0x10A3,0x10A3,0x10A3,0x10A3,0x10A3,
  0x10A3,0x10A3,0x10A3,0x52AA,0x52AA,0xF81F,0xF81F,0xF81F,0xF81F,0xF81F,0xF81F,0xF81F,
  0xF81F,0xF81F,0xF81F,0xF81F,0xF81F,0xF81F,0xF81F,0xF81F,0xF81F,0xF81F,0xF81F,0xF81F,
  0xF81F,0xF81F,0xF81F,0xF81F,0xF81F,0xF81F,0xF81F,0xF81F,0xF81F,0xF81F,0xF81F,0xF81F,
  0xF81F,0xF81F,0xF81F,0xF81F,0xF81F,0xF81F,0xF81F,0xF81F,0xF81F,0xF81F,0xF81F,0xF81F,
  0x10A3,0x0000,0x0000,0x0000,0x0000,0x0000,0x0000,0x0000,0x0000,0x52AA,0x52AA,0x52AA,
  0x52AA,0x52AA,0x52AA,0x52AA,0x52AA,0x52AA,0x52AA,0x52AA,0x52AA,0x52AA,0x52AA,0x52AA,
  0x52AA,0x52AA,0x52AA,0xAD55,0xAD55,0xAD55,0xAD55,0xAD55,0xAD55,0xAD55,0xAD55,0xAD55,
  0xAD55,0xAD55,0xAD55,0xAD55,0xAD55,0xAD55,0xAD55,0xAD55,0xAD55,0xAD55,0xAD55,0xAD55,
  0xAD55,0xAD55,0xAD55,0xAD55,0xAD55,0xAD55,0xAD55,0xAD55,0xAD55,0xAD55,0xAD55,0xAD55,
  0xAD55,0xAD55,0xAD55,0xAD55,0xAD55,0xAD55,0xAD55,0xAD55,0xAD55,0xAD55,0xAD55,0xAD55,
  0xAD55,0xAD55,0xAD55,0xAD55,0xAD55,0xAD55,0xAD55,0xAD55,0xAD55,0xAD55,0xAD55,0xAD55,
  0xAD55,0xAD55,0xAD55,0xAD55,0xAD55,0xAD55,0xAD55,0xAD55,0xAD55,0xAD55,0xAD55,0xAD55,
  0xAD55,0xAD55,0xAD55,0xAD55,0xAD55,0xAD55,0xAD55,0xAD55,0xAD55,0xAD55,0xAD55,0xAD55,
  0xAD55,0xAD55,0xAD55,0xAD55,0xAD55,0xAD55,0xAD55,0xAD55,0xAD55,0xAD55,0xAD55,0xAD55,
  0xAD55,0xAD55,0x52AA,0x52AA,0x52AA,0x52AA,0x52AA,0x52AA,0x52AA,0x52AA,0x52AA,0x52AA,
  0x52AA,0x52AA,0x52AA,0x52AA,0x52AA,0x52AA,0x52AA,0x10A3,0x0000,0x0000,0x0000,0x0000,
  0x0000,0x0000,0x0000,0x52AA,0xF81F,0xF81F,0xF81F,0xF81F,0xF81F,0xF81F,0xF81F,0xF81F,
  0xF81F,0xF81F,0xF81F,0xF81F,0xF81F,0xF81F,0xF81F,0xF81F,0xF81F,0xF81F,0xF81F,0xF81F,
  0xF81F,0xF81F,0xF81F,0xF81F,0xF81F,0xF81F,0xF81F,0xF81F,0xF81F,0xF81F,0xF81F,0xF81F,
  0xF81F,0xF81F,0xF81F,0xF81F,0xF81F,0xF81F,0xF81F,0xF81F,0xF81F,0xF81F,0xF81F,0xF81F,
  0x10A3,0x0000,0x0000,0x0000,0x0000,0x0000,0x0000,0x0000,0x0000,0x52AA,0x52AA,0x52AA,
  0x52AA,0x52AA,0x52AA,0x52AA,0x52AA,0x52AA,0x52AA,0x52AA,0x52AA,0x52AA,0x52AA,0x52AA,
  0x52AA,0x52AA,0x52AA,0xAD55,0xAD55,0xAD55,0xAD55,0xAD55,0xAD55,0xAD55,0xAD55,0xAD55,
  0xAD55,0xAD55,0xAD55,0xAD55,0xAD55,0xAD55,0xAD55,0xAD55,0xAD55,0xAD55,0xAD55,0xAD55,
  0xAD55,0xAD55,0xAD55,0xAD55,0xAD55,0xAD55,0xAD55,0xAD55,0xAD55,0xAD55,0xAD55,0xAD55,
  0xAD55,0xAD55,0xAD55,0xAD55,0xAD55,0xAD55,0xAD55,0xAD55,0xAD55,0xAD55,0xAD55,0xAD55,
  0xAD55,0xAD55,0xAD55,0xAD55,0xAD55,0xAD55,0xAD55,0xAD55,0xAD55,0xAD55,0xAD55,0xAD55,
  0xAD55,0xAD55,0xAD55,0xAD55,0xAD55,0xAD55,0xAD55,0xAD55,0xAD55,0xAD55,0xAD55,0xAD55,
  0xAD55,0xAD55,0xAD55,0xAD55,0xAD55,0xAD55,0xAD55,0xAD55,0xAD55,0xAD55,0xAD55,0xAD55,
  0xAD55,0xAD55,0xAD55,0xAD55,0xAD55,0xAD55,0xAD55,0xAD55,0xAD55,0xAD55,0xAD55,0xAD55,
  0xAD55,0xAD55,0x52AA,0x52AA,0x52AA,0x52AA,0x52AA,0x52AA,0x52AA,0x52AA,0x52AA,0x52AA,
  0x52AA,0x52AA,0x52AA,0x52AA,0x52AA,0x52AA,0x52AA,0x10A3,0x0000,0x0000,0x0000,0x0000,
  0x0000,0x0000,0x0000,0x52AA,0xF81F,0xF81F,0xF81F,0xF81F,0xF81F,0xF81F,0xF81F,0xF81F,
  0xF81F,0xF81F,0xF81F,0xF81F,0xF81F,0xF81F,0xF81F,0xF81F,0xF81F,0xF81F,0xF81F,0xF81F,
  0xF81F,0xF81F,0xF81F,0xF81F,0xF81F,0xF81F,0xF81F,0xF81F,0xF81F,0xF81F,0xF81F,0xF81F,
  0xF81F,0xF81F,0xF81F,0xF81F,0xF81F,0xF81F,0xF81F,0xF81F,0xF81F,0xF81F,0xF81F,0xF81F,
  0x10A3,0x0000,0x0000,0x0000,0x0000,0x0000,0x0000,0x0000,0x0000,0x52AA,0x52AA,0x52AA,
  0x52AA,0x52AA,0x52AA,0x52AA,0x52AA,0x52AA,0x52AA,0x52AA,0x52AA,0x52AA,0x52AA,0x52AA,
  0x52AA,0x52AA,0x52AA,0xAD55,0xAD55,0xAD55,0xAD55,0xAD55,0xAD55,0xAD55,0xAD55,0xAD55,
  0xAD55,0xAD55,0xAD55,0xAD55,0xAD55,0xAD55,0xAD55,0xAD55,0xAD55,0xAD55,0xAD55,0xAD55,
  0xAD55,0xAD55,0xAD55,0xAD55,0xAD55,0xAD55,0xAD55,0xAD55,0xAD55,0xAD55,0xAD55,0xAD55,
  0xAD55,0xAD55,0xAD55,0xAD55,0xAD55,0xAD55,0xAD55,0xAD55,0xAD55,0xAD55,0xAD55,0xAD55,
  0xAD55,0xAD55,0xAD55,0xAD55,0xAD55,0xAD55,0xAD55,0xAD55,0xAD55,0xAD55,0xAD55,0xAD55,
  0xAD55,0xAD55,0xAD55,0xAD55,0xAD55,0xAD55,0xAD55,0xAD55,0xAD55,0xAD55,0xAD55,0xAD55,
  0xAD55,0xAD55,0xAD55,0xAD55,0xAD55,0xAD55,0xAD55,0xAD55,0xAD55,0xAD55,0xAD55,0xAD55,
  0xAD55,0xAD55,0xAD55,0xAD55,0xAD55,0xAD55,0xAD55,0xAD55,0xAD55,0xAD55,0xAD55,0xAD55,
  0xAD55,0xAD55,0x52AA,0x52AA,0x52AA,0x52AA,0x52AA,0x52AA,0x52AA,0x52AA,0x52AA,0x52AA,
  0x52AA,0x52AA,0x52AA,0x52AA,0x52AA,0x52AA,0x52AA,0x10A3,0x0000,0x0000,0x0000,0x0000,
  0x0000,0x0000,0x0000,0x52AA,0xF81F,0xF81F,0xF81F,0xF81F,0xF81F,0xF81F,0xF81F,0xF81F,
  0xF81F,0xF81F,0xF81F,0xF81F,0xF81F,0xF81F,0xF81F,0xF81F,0xF81F,0xF81F,0xF81F,0xF81F,
  0xF81F,0xF81F,0xF81F,0xF81F,0xF81F,0xF81F,0xF81F,0xF81F,0xF81F,0xF81F,0xF81F,0xF81F,
  0xF81F,0xF81F,0xF81F,0xF81F,0xF81F,0xF81F,0xF81F,0xF81F,0xF81F,0xF81F,0xF81F,0xF81F,
  0x10A3,0x0000,0x0000,0x0000,0x0000,0x0000,0x0000,0x0000,0x0000,0x52AA,0x52AA,0x52AA,
  0x52AA,0x52AA,0x52AA,0x52AA,0x52AA,0x52AA,0x52AA,0x52AA,0x52AA,0x52AA,0x52AA,0x52AA,
  0x52AA,0x52AA,0x52AA,0xAD55,0xAD55,0xAD55,0xAD55,0xAD55,0xAD55,0xAD55,0xAD55,0xAD55,
  0xAD55,0xAD55,0xAD55,0xAD55,0xAD55,0xAD55,0xAD55,0xAD55,0xAD55,0xAD55,0xAD55,0xAD55,
  0xAD55,0xAD55,0xAD55,0xAD55,0xAD55,0xAD55,0xAD55,0xAD55,0xAD55,0xAD55,0xAD55,0xAD55,
  0xAD55,0xAD55,0xAD55,0xAD55,0xAD55,0xAD55,0xAD55,0xAD55,0xAD55,0xAD55,0xAD55,0xAD55,
  0xAD55,0xAD55,0xAD55,0xAD55,0xAD55,0xAD55,0xAD55,0xAD55,0xAD55,0xAD55,0xAD55,0xAD55,
  0xAD55,0xAD55,0xAD55,0xAD55,0xAD55,0xAD55,0xAD55,0xAD55,0xAD55,0xAD55,0xAD55,0xAD55,
  0xAD55,0xAD55,0xAD55,0xAD55,0xAD55,0xAD55,0xAD55,0xAD55,0xAD55,0xAD55,0xAD55,0xAD55,
  0xAD55,0xAD55,0xAD55,0xAD55,0xAD55,0xAD55,0xAD55,0xAD55,0xAD55,0xAD55,0xAD55,0xAD55,
  0xAD55,0xAD55,0x52AA,0x52AA,0x52AA,0x52AA,0x52AA,0x52AA,0x52AA,0x52AA,0x52AA,0x52AA,
  0x52AA,0x52AA,0x52AA,0x52AA,0x52AA,0x52AA,0x52AA,0x10A3,0x0000,0x0000,0x0000,0x0000,
  0x0000,0x0000,0x0000,0x52AA,0xF81F,0xF81F,0xF81F,0xF81F,0xF81F,0xF81F,0xF81F,0xF81F,
  0xF81F,0xF81F,0xF81F,0xF81F,0xF81F,0xF81F,0xF81F,0xF81F,0xF81F,0xF81F,0xF81F,0xF81F,
  0xF81F,0xF81F,0xF81F,0xF81F,0xF81F,0xF81F,0xF81F,0xF81F,0xF81F,0xF81F,0xF81F,0xF81F,
  0xF81F,0xF81F,0xF81F,0xF81F,0xF81F,0xF81F,0xF81F,0xF81F,0xF81F,0xF81F,0xF81F,0xF81F,
  0x10A3,0x0000,0x0000,0x0000,0x0000,0x0000,0x0000,0x0000,0x0000,0x52AA,0x52AA,0x52AA,
  0x52AA,0x52AA,0x52AA,0x52AA,0x52AA,0x52AA,0x52AA,0x52AA,0x52AA,0x52AA,0x52AA,0x52AA,
  0x52AA,0x52AA,0x52AA,0xAD55,0xAD55,0xAD55,0xAD55,0xAD55,0xAD55,0xAD55,0xAD55,0xAD55,
  0xAD55,0xAD55,0xAD55,0xAD55,0xAD55,0xAD55,0xAD55,0xAD55,0xAD55,0xAD55,0xAD55,0xAD55,
  0xAD55,0xAD55,0xAD55,0xAD55,0xAD55,0xAD55,0xAD55,0xAD55,0xAD55,0xAD55,0xAD55,0xAD55,
  0xAD55,0xAD55,0xAD55,0xAD55,0xAD55,0xAD55,0xAD55,0xAD55,0xAD55,0xAD55,0xAD55,0xAD55,
  0xAD55,0xAD55,0xAD55,0xAD55,0xAD55,0xAD55,0xAD55,0xAD55,0xAD55,0xAD55,0xAD55,0xAD55,
  0xAD55,0xAD55,0xAD55,0xAD55,0xAD55,0xAD55,0xAD55,0xAD55,0xAD55,0xAD55,0xAD55,0xAD55,
  0xAD55,0xAD55,0xAD55,0xAD55,0xAD55,0xAD55,0xAD55,0xAD55,0xAD55,0xAD55,0xAD55,0xAD55,
  0xAD55,0xAD55,0xAD55,0xAD55,0xAD55,0xAD55,0xAD55,0xAD55,0xAD55,0xAD55,0xAD55,0xAD55,
  0xAD55,0xAD55,0x52AA,0x52AA,0x52AA,0x52AA,0x52AA,0x52AA,0x52AA,0x52AA,0x52AA,0x52AA,
  0x52AA,0x52AA,0x52AA,0x52AA,0x52AA,0x52AA,0x52AA,0x10A3,0x0000,0x0000,0x0000,0x0000,
  0x0000,0x0000,0x0000,0x52AA,0xF81F,0xF81F,0xF81F,0xF81F,0xF81F,0xF81F,0xF81F,0xF81F,
  0xF81F,0xF81F,0xF81F,0xF81F,0xF81F,0xF81F,0xF81F,0xF81F,0xF81F,0xF81F,0xF81F,0xF81F,
  0xF81F,0xF81F,0xF81F,0xF81F,0xF81F,0xF81F,0xF81F,0xF81F,0xF81F,0xF81F,0xF81F,0xF81F,
  0xF81F,0xF81F,0xF81F,0xF81F,0xF81F,0xF81F,0xF81F,0xF81F,0xF81F,0xF81F,0xF81F,0xF81F,
  0x10A3,0x0000,0x0000,0x0000,0x0000,0x0000,0x0000,0x0000,0x0000,0x52AA,0x52AA,0x52AA,
  0x52AA,0x52AA,0x52AA,0x52AA,0x52AA,0x52AA,0x52AA,0x52AA,0x52AA,0x52AA,0x52AA,0x52AA,
  0x52AA,0x52AA,0x52AA,0xAD55,0xAD55,0xAD55,0xAD55,0xAD55,0xAD55,0xAD55,0xAD55,0xAD55,
  0xAD55,0xAD55,0xAD55,0xAD55,0xAD55,0xAD55,0xAD55,0xAD55,0xAD55,0xAD55,0xAD55,0xAD55,
  0xAD55,0xAD55,0xAD55,0xAD55,0xAD55,0xAD55,0xAD55,0xAD55,0xAD55,0xAD55,0xAD55,0xAD55,
  0xAD55,0xAD55,0xAD55,0xAD55,0xAD55,0xAD55,0xAD55,0xAD55,0xAD55,0xAD55,0xAD55,0xAD55,
  0xAD55,0xAD55,0xAD55,0xAD55,0xAD55,0xAD55,0xAD55,0xAD55,0xAD55,0xAD55,0xAD55,0xAD55,
  0xAD55,0xAD55,0xAD55,0xAD55,0xAD55,0xAD55,0xAD55,0xAD55,0xAD55,0xAD55,0xAD55,0xAD55,
  0xAD55,0xAD55,0xAD55,0xAD55,0xAD55,0xAD55,0xAD55,0xAD55,0xAD55,0xAD55,0xAD55,0xAD55,
  0xAD55,0xAD55,0xAD55,0xAD55,0xAD55,0xAD55,0xAD55,0xAD55,0xAD55,0xAD55,0xAD55,0xAD55,
  0xAD55,0xAD55,0x52AA,0x52AA,0x52AA,0x52AA,0x52AA,0x52AA,0x52AA,0x52AA,0x52AA,0x52AA,
  0x52AA,0x52AA,0x52AA,0x52AA,0x52AA,0x52AA,0x52AA,0x10A3,0x0000,0x0000,0x0000,0x0000,
  0x0000,0x0000,0x0000,0x52AA,0xF81F,0xF81F,0xF81F,0xF81F,0xF81F,0xF81F,0xF81F,0xF81F,
  0xF81F,0xF81F,0xF81F,0xF81F,0xF81F,0xF81F,0xF81F,0xF81F,0xF81F,0xF81F,0xF81F,0xF81F,
  0xF81F,0xF81F,0xF81F,0xF81F,0xF81F,0xF81F,0xF81F,0xF81F,0xF81F,0xF81F,0xF81F,0xF81F,
  0xF81F,0xF81F,0xF81F,0xF81F,0xF81F,0xF81F,0xF81F,0xF81F,0xF81F,0xF81F,0xF81F,0xF81F,
  0x10A3,0x0000,0x0000,0x0000,0x0000,0x0000,0x0000,0x0000,0x0000,0x52AA,0x52AA,0x52AA,
  0x52AA,0x52AA,0x52AA,0x52AA,0x52AA,0x52AA,0x52AA,0x52AA,0x52AA,0x52AA,0x52AA,0x52AA,
  0x52AA,0x52AA,0x52AA,0xAD55,0xAD55,0xAD55,0xAD55,0xAD55,0xAD55,0xAD55,0xAD55,0xAD55,
  0xAD55,0xAD55,0xAD55,0xAD55,0xAD55,0xAD55,0xAD55,0xAD55,0xAD55,0xAD55,0xAD55,0xAD55,
  0xAD55,0xAD55,0xAD55,0xAD55,0xAD55,0xAD55,0xAD55,0xAD55,0xAD55,0xAD55,0xAD55,0xAD55,
  0xAD55,0xAD55,0xAD55,0xAD55,0xAD55,0xAD55,0xAD55,0xAD55,0xAD55,0xAD55,0xAD55,0xAD55,
  0xAD55,0xAD55,0xAD55,0xAD55,0xAD55,0xAD55,0xAD55,0xAD55,0xAD55,0xAD55,0xAD55,0xAD55,
  0xAD55,0xAD55,0xAD55,0xAD55,0xAD55,0xAD55,0xAD55,0xAD55,0xAD55,0xAD55,0xAD55,0xAD55,
  0xAD55,0xAD55,0xAD55,0xAD55,0xAD55,0xAD55,0xAD55,0xAD55,0xAD55,0xAD55,0xAD55,0xAD55,
  0xAD55,0xAD55,0xAD55,0xAD55,0xAD55,0xAD55,0xAD55,0xAD55,0xAD55,0xAD55,0xAD55,0xAD55,
  0xAD55,0xAD55,0x52AA,0x52AA,0x52AA,0x52AA,0x52AA,0x52AA,0x52AA,0x52AA,0x52AA,0x52AA,
  0x52AA,0x52AA,0x52AA,0x52AA,0x52AA,0x52AA,0x52AA,0x10A3,0x0000,0x0000,0x0000,0x0000,
  0x0000,0x0000,0x0000,0x52AA,0xF81F,0xF81F,0xF81F,0xF81F,0xF81F,0xF81F,0xF81F,0xF81F,
  0xF81F,0xF81F,0xF81F,0xF81F,0xF81F,0xF81F,0xF81F,0xF81F,0xF81F,0xF81F,0xF81F,0xF81F,
  0xF81F,0xF81F,0xF81F,0xF81F,0xF81F,0xF81F,0xF81F,0xF81F,0xF81F,0xF81F,0xF81F,0xF81F,
  0xF81F,0xF81F,0xF81F,0xF81F,0xF81F,0xF81F,0xF81F,0xF81F,0xF81F,0xF81F,0xF81F,0xF81F,
  0x10A3,0x0000,0x0000,0x0000,0x0000,0x0000,0x0000,0x0000,0x0000,0x52AA,0x52AA,0x52AA,
  0x52AA,0x52AA,0x52AA,0x52AA,0x52AA,0x52AA,0xAD55,0xAD55,0xAD55,0xAD55,0xAD55,0xAD55,
  0xAD55,0xAD55,0xAD55,0xAD55,0xAD55,0xAD55,0xAD55,0xAD55,0xAD55,0xAD55,0xAD55,0xAD55,
  0xAD55,0xAD55,0xAD55,0xAD55,0xAD55,0xAD55,0xAD55,0xAD55,0xAD55,0xAD55,0xAD55,0xAD55,
  0xAD55,0xAD55,0xAD55,0xAD55,0xAD55,0xAD55,0xAD55,0xAD55,0xAD55,0xAD55,0xAD55,0xAD55,
  0xAD55,0xAD55,0xAD55,0xAD55,0xAD55,0xAD55,0xAD55,0xAD55,0xAD55,0xAD55,0xAD55,0xAD55,
  0xAD55,0xAD55,0xAD55,0xAD55,0xAD55,0xAD55,0xAD55,0xAD55,0xAD55,0xAD55,0xAD55,0xAD55,
  0xAD55,0xAD55,0xAD55,0xAD55,0xAD55,0xAD55,0xAD55,0xAD55,0xAD55,0xAD55,0xAD55,0xAD55,
  0xAD55,0xAD55,0xAD55,0xAD55,0xAD55,0xAD55,0xAD55,0xAD55,0xAD55,0xAD55,0xAD55,0xAD55,
  0xAD55,0xAD55,0xAD55,0xAD55,0xAD55,0xAD55,0xAD55,0xAD55,0xAD55,0xAD55,0xAD55,0xAD55,
  0xAD55,0xAD55,0xAD55,0xAD55,0xAD55,0xAD55,0xAD55,0xAD55,0xAD55,0xAD55,0x52AA,0x52AA,
  0x52AA,0x52AA,0x52AA,0x52AA,0x52AA,0x52AA,0x52AA,0x10A3,0x0000,0x0000,0x0000,0x0000,
  0x0000,0x0000,0x0000,0x52AA,0xF81F,0xF81F,0xF81F,0xF81F,0xF81F,0xF81F,0xF81F,0xF81F,
  0xF81F,0xF81F,0xF81F,0xF81F,0xF81F,0xF81F,0xF81F,0xF81F,0xF81F,0xF81F,0xF81F,0xF81F,
  0xF81F,0xF81F,0xF81F,0xF81F,0xF81F,0xF81F,0xF81F,0xF81F,0xF81F,0xF81F,0xF81F,0xF81F,
  0xF81F,0xF81F,0xF81F,0xF81F,0xF81F,0xF81F,0xF81F,0xF81F,0xF81F,0xF81F,0xF81F,0xF81F,
  0x10A3,0x0000,0x0000,0x0000,0x0000,0x0000,0x0000,0x0000,0x0000,0x52AA,0x52AA,0x52AA,
  0x52AA,0x52AA,0x52AA,0x52AA,0x52AA,0x52AA,0xAD55,0xAD55,0xAD55,0xAD55,0xAD55,0xAD55,
  0xAD55,0xAD55,0xAD55,0xAD55,0xAD55,0xAD55,0xAD55,0xAD55,0xAD55,0xAD55,0xAD55,0xAD55,
  0xAD55,0xAD55,0xAD55,0xAD55,0xAD55,0xAD55,0xAD55,0xAD55,0xAD55,0xAD55,0xAD55,0xAD55,
  0xAD55,0xAD55,0xAD55,0xAD55,0xAD55,0xAD55,0xAD55,0xAD55,0xAD55,0xAD55,0xAD55,0xAD55,
  0xAD55,0xAD55,0xAD55,0xAD55,0xAD55,0xAD55,0xAD55,0xAD55,0xAD55,0xAD55,0xAD55,0xAD55,
  0xAD55,0xAD55,0xAD55,0xAD55,0xAD55,0xAD55,0xAD55,0xAD55,0xAD55,0xAD55,0xAD55,0xAD55,
  0xAD55,0xAD55,0xAD55,0xAD55,0xAD55,0xAD55,0xAD55,0xAD55,0xAD55,0xAD55,0xAD55,0xAD55,
  0xAD55,0xAD55,0xAD55,0xAD55,0xAD55,0xAD55,0xAD55,0xAD55,0xAD55,0xAD55,0xAD55,0xAD55,
  0xAD55,0xAD55,0xAD55,0xAD55,0xAD55,0xAD55,0xAD55,0xAD55,0xAD55,0xAD55,0xAD55,0xAD55,
  0xAD55,0xAD55,0xAD55,0xAD55,0xAD55,0xAD55,0xAD55,0xAD55,0xAD55,0xAD55,0x52AA,0x52AA,
  0x52AA,0x52AA,0x52AA,0x52AA,0x52AA,0x52AA,0x52AA,0x10A3,0x0000,0x0000,0x0000,0x0000,
  0x0000,0x0000,0x0000,0x52AA,0xF81F,0xF81F,0xF81F,0xF81F,0xF81F,0xF81F,0xF81F,0xF81F,
  0xF81F,0xF81F,0xF81F,0xF81F,0xF81F,0xF81F,0xF81F,0xF81F,0xF81F,0xF81F,0xF81F,0xF81F,
  0xF81F,0xF81F,0xF81F,0xF81F,0xF81F,0xF81F,0xF81F,0xF81F,0xF81F,0xF81F,0xF81F,0xF81F,
  0xF81F,0xF81F,0xF81F,0xF81F,0xF81F,0xF81F,0xF81F,0xF81F,0xF81F,0xF81F,0xF81F,0xF81F,
  0x10A3,0x0000,0x0000,0x0000,0x0000,0x0000,0x0000,0x0000,0x0000,0x52AA,0x52AA,0x52AA,
  0x52AA,0x52AA,0x52AA,0x52AA,0x52AA,0x52AA,0xAD55,0xAD55,0xAD55,0xAD55,0xAD55,0xAD55,
  0xAD55,0xAD55,0xAD55,0xAD55,0xAD55,0xAD55,0xAD55,0xAD55,0xAD55,0xAD55,0xAD55,0xAD55,
  0xAD55,0xAD55,0xAD55,0xAD55,0xAD55,0xAD55,0xAD55,0xAD55,0xAD55,0xAD55,0xAD55,0xAD55,
  0xAD55,0xAD55,0xAD55,0xAD55,0xAD55,0xAD55,0xAD55,0xAD55,0xAD55,0xAD55,0xAD55,0xAD55,
  0xAD55,0xAD55,0xAD55,0xAD55,0xAD55,0xAD55,0xAD55,0xAD55,0xAD55,0xAD55,0xAD55,0xAD55,
  0xAD55,0xAD55,0xAD55,0xAD55,0xAD55,0xAD55,0xAD55,0xAD55,0xAD55,0xAD55,0xAD55,0xAD55,
  0xAD55,0xAD55,0xAD55,0xAD55,0xAD55,0xAD55,0xAD55,0xAD55,0xAD55,0xAD55,0xAD55,0xAD55,
  0xAD55,0xAD55,0xAD55,0xAD55,0xAD55,0xAD55,0xAD55,0xAD55,0xAD55,0xAD55,0xAD55,0xAD55,
  0xAD55,0xAD55,0xAD55,0xAD55,0xAD55,0xAD55,0xAD55,0xAD55,0xAD55,0xAD55,0xAD55,0xAD55,
  0xAD55,0xAD55,0xAD55,0xAD55,0xAD55,0xAD55,0xAD55,0xAD55,0xAD55,0xAD55,0x52AA,0x52AA,
  0x52AA,0x52AA,0x52AA,0x52AA,0x52AA,0x52AA,0x52AA,0x10A3,0x0000,0x0000,0x0000,0x0000,
  0x0000,0x0000,0x0000,0x52AA,0xF81F,0xF81F,0xF81F,0xF81F,0xF81F,0xF81F,0xF81F,0xF81F,
  0xF81F,0xF81F,0xF81F,0xF81F,0xF81F,0xF81F,0xF81F,0xF81F,0xF81F,0xF81F,0xF81F,0xF81F,
  0xF81F,0xF81F,0xF81F,0xF81F,0xF81F,0xF81F,0xF81F,0xF81F,0xF81F,0xF81F,0xF81F,0xF81F,
  0xF81F,0xF81F,0xF81F,0xF81F,0xF81F,0xF81F,0xF81F,0xF81F,0xF81F,0xF81F,0xF81F,0xF81F,
  0x10A3,0x0000,0x0000,0x0000,0x0000,0x0000,0x0000,0x0000,0x0000,0x52AA,0x52AA,0x52AA,
  0x52AA,0x52AA,0x52AA,0x52AA,0x52AA,0x52AA,0xAD55,0xAD55,0xAD55,0xAD55,0xAD55,0xAD55,
  0xAD55,0xAD55,0xAD55,0xAD55,0xAD55,0xAD55,0xAD55,0xAD55,0xAD55,0xAD55,0xAD55,0xAD55,
  0xAD55,0xAD55,0xAD55,0xAD55,0xAD55,0xAD55,0xAD55,0xAD55,0xAD55,0xAD55,0xAD55,0xAD55,
  0xAD55,0xAD55,0xAD55,0xAD55,0xAD55,0xAD55,0xAD55,0xAD55,0xAD55,0xAD55,0xAD55,0xAD55,
  0xAD55,0xAD55,0xAD55,0xAD55,0xAD55,0xAD55,0xAD55,0xAD55,0xAD55,0xAD55,0xAD55,0xAD55,
  0xAD55,0xAD55,0xAD55,0xAD55,0xAD55,0xAD55,0xAD55,0xAD55,0xAD55,0xAD55,0xAD55,0xAD55,
  0xAD55,0xAD55,0xAD55,0xAD55,0xAD55,0xAD55,0xAD55,0xAD55,0xAD55,0xAD55,0xAD55,0xAD55,
  0xAD55,0xAD55,0xAD55,0xAD55,0xAD55,0xAD55,0xAD55,0xAD55,0xAD55,0xAD55,0xAD55,0xAD55,
  0xAD55,0xAD55,0xAD55,0xAD55,0xAD55,0xAD55,0xAD55,0xAD55,0xAD55,0xAD55,0xAD55,0xAD55,
  0xAD55,0xAD55,0xAD55,0xAD55,0xAD55,0xAD55,0xAD55,0xAD55,0xAD55,0xAD55,0x52AA,0x52AA,
  0x52AA,0x52AA,0x52AA,0x52AA,0x52AA,0x52AA,0x52AA,0x10A3,0x0000,0x0000,0x0000,0x0000,
  0x0000,0x0000,0x0000,0x52AA,0xF81F,0xF81F,0xF81F,0xF81F,0xF81F,0xF81F,0xF81F,0xF81F,
  0xF81F,0xF81F,0xF81F,0xF81F,0xF81F,0xF81F,0xF81F,0xF81F,0xF81F,0xF81F,0xF81F,0xF81F,
  0xF81F,0xF81F,0xF81F,0xF81F,0xF81F,0xF81F,0xF81F,0xF81F,0xF81F,0xF81F,0xF81F,0xF81F,
  0xF81F,0xF81F,0xF81F,0xF81F,0xF81F,0xF81F,0xF81F,0xF81F,0xF81F,0xF81F,0xF81F,0xF81F,
  0x10A3,0x0000,0x0000,0x0000,0x0000,0x0000,0x0000,0x0000,0x0000,0x52AA,0x52AA,0x52AA,
  0x52AA,0x52AA,0x52AA,0x52AA,0x52AA,0x52AA,0xAD55,0xAD55,0xAD55,0xAD55,0xAD55,0xAD55,
  0xAD55,0xAD55,0xAD55,0xAD55,0xAD55,0xAD55,0xAD55,0xAD55,0xAD55,0xAD55,0xAD55,0xAD55,
  0xAD55,0xAD55,0xAD55,0xAD55,0xAD55,0xAD55,0xAD55,0xAD55,0xAD55,0xAD55,0xAD55,0xAD55,
  0xAD55,0xAD55,0xAD55,0xAD55,0xAD55,0xAD55,0xAD55,0xAD55,0xAD55,0xAD55,0xAD55,0xAD55,
  0xAD55,0xAD55,0xAD55,0xAD55,0xAD55,0xAD55,0xAD55,0xAD55,0xAD55,0xAD55,0xAD55,0xAD55,
  0xAD55,0xAD55,0xAD55,0xAD55,0xAD55,0xAD55,0xAD55,0xAD55,0xAD55,0xAD55,0xAD55,0xAD55,
  0xAD55,0xAD55,0xAD55,0xAD55,0xAD55,0xAD55,0xAD55,0xAD55,0xAD55,0xAD55,0xAD55,0xAD55,
  0xAD55,0xAD55,0xAD55,0xAD55,0xAD55,0xAD55,0xAD55,0xAD55,0xAD55,0xAD55,0xAD55,0xAD55,
  0xAD55,0xAD55,0xAD55,0xAD55,0xAD55,0xAD55,0xAD55,0xAD55,0xAD55,0xAD55,0xAD55,0xAD55,
  0xAD55,0xAD55,0xAD55,0xAD55,0xAD55,0xAD55,0xAD55,0xAD55,0xAD55,0xAD55,0x52AA,0x52AA,
  0x52AA,0x52AA,0x52AA,0x52AA,0x52AA,0x52AA,0x52AA,0x10A3,0x0000,0x0000,0x0000,0x0000,
  0x0000,0x0000,0x0000,0x52AA,0xF81F,0xF81F,0xF81F,0xF81F,0xF81F,0xF81F,0xF81F,0xF81F,
  0xF81F,0xF81F,0xF81F,0xF81F,0xF81F,0xF81F,0xF81F,0xF81F,0xF81F,0xF81F,0xF81F,0xF81F,
  0xF81F,0xF81F,0xF81F,0xF81F,0xF81F,0xF81F,0xF81F,0xF81F,0xF81F,0xF81F,0xF81F,0xF81F,
  0xF81F,0xF81F,0xF81F,0xF81F,0xF81F,0xF81F,0xF81F,0xF81F,0xF81F,0xF81F,0xF81F,0xF81F,
  0x10A3,0x0000,0x0000,0x0000,0x0000,0x0000,0x0000,0x0000,0x0000,0x52AA,0x52AA,0x52AA,
  0x52AA,0x52AA,0x52AA,0x52AA,0x52AA,0x52AA,0xAD55,0xAD55,0xAD55,0xAD55,0xAD55,0xAD55,
  0xAD55,0xAD55,0xAD55,0xAD55,0xAD55,0xAD55,0xAD55,0xAD55,0xAD55,0xAD55,0xAD55,0xAD55,
  0xAD55,0xAD55,0xAD55,0xAD55,0xAD55,0xAD55,0xAD55,0xAD55,0xAD55,0xAD55,0xAD55,0xAD55,
  0xAD55,0xAD55,0xAD55,0xAD55,0xAD55,0xAD55,0xAD55,0xAD55,0xAD55,0xAD55,0xAD55,0xAD55,
  0xAD55,0xAD55,0xAD55,0xAD55,0xAD55,0xAD55,0xAD55,0xAD55,0xAD55,0xAD55,0xAD55,0xAD55,
  0xAD55,0xAD55,0xAD55,0xAD55,0xAD55,0xAD55,0xAD55,0xAD55,0xAD55,0xAD55,0xAD55,0xAD55,
  0xAD55,0xAD55,0xAD55,0xAD55,0xAD55,0xAD55,0xAD55,0xAD55,0xAD55,0xAD55,0xAD55,0xAD55,
  0xAD55,0xAD55,0xAD55,0xAD55,0xAD55,0xAD55,0xAD55,0xAD55,0xAD55,0xAD55,0xAD55,0xAD55,
  0xAD55,0xAD55,0xAD55,0xAD55,0xAD55,0xAD55,0xAD55,0xAD55,0xAD55,0xAD55,0xAD55,0xAD55,
  0xAD55,0xAD55,0xAD55,0xAD55,0xAD55,0xAD55,0xAD55,0xAD55,0xAD55,0xAD55,0x52AA,0x52AA,
  0x52AA,0x52AA,0x52AA,0x52AA,0x52AA,0x52AA,0x52AA,0x10A3,0x0000,0x0000,0x0000,0x0000,
  0x0000,0x0000,0x0000,0x52AA,0xF81F,0xF81F,0xF81F,0xF81F,0xF81F,0xF81F,0xF81F,0xF81F,
  0xF81F,0xF81F,0xF81F,0xF81F,0xF81F,0xF81F,0xF81F,0xF81F,0xF81F,0xF81F,0xF81F,0xF81F,
  0xF81F,0xF81F,0xF81F,0xF81F,0xF81F,0xF81F,0xF81F,0xF81F,0xF81F,0xF81F,0xF81F,0xF81F,
  0xF81F,0xF81F,0xF81F,0xF81F,0xF81F,0xF81F,0xF81F,0xF81F,0xF81F,0xF81F,0xF81F,0xF81F,
  0x10A3,0x0000,0x0000,0x0000,0x0000,0x0000,0x0000,0x0000,0x0000,0x52AA,0x52AA,0x52AA,
  0x52AA,0x52AA,0x52AA,0x52AA,0x52AA,0x52AA,0xAD55,0xAD55,0xAD55,0xAD55,0xAD55,0xAD55,
  0xAD55,0xAD55,0xAD55,0xAD55,0xAD55,0xAD55,0xAD55,0xAD55,0xAD55,0xAD55,0xAD55,0xAD55,
  0xAD55,0xAD55,0xAD55,0xAD55,0xAD55,0xAD55,0xAD55,0xAD55,0xAD55,0xAD55,0xAD55,0xAD55,
  0xAD55,0xAD55,0xAD55,0xAD55,0xAD55,0xAD55,0xAD55,0xAD55,0xAD55,0xAD55,0xAD55,0xAD55,
  0xAD55,0xAD55,0xAD55,0xAD55,0xAD55,0xAD55,0xAD55,0xAD55,0xAD55,0xAD55,0xAD55,0xAD55,
  0xAD55,0xAD55,0xAD55,0xAD55,0xAD55,0xAD55,0xAD55,0xAD55,0xAD55,0xAD55,0xAD55,0xAD55,
  0xAD55,0xAD55,0xAD55,0xAD55,0xAD55,0xAD55,0xAD55,0xAD55,0xAD55,0xAD55,0xAD55,0xAD55,
  0xAD55,0xAD55,0xAD55,0xAD55,0xAD55,0xAD55,0xAD55,0xAD55,0xAD55,0xAD55,0xAD55,0xAD55,
  0xAD55,0xAD55,0xAD55,0xAD55,0xAD55,0xAD55,0xAD55,0xAD55,0xAD55,0xAD55,0xAD55,0xAD55,
  0xAD55,0xAD55,0xAD55,0xAD55,0xAD55,0xAD55,0xAD55,0xAD55,0xAD55,0xAD55,0x52AA,0x52AA,
  0x52AA,0x52AA,0x52AA,0x52AA,0x52AA,0x52AA,0x52AA,0x10A3,0x0000,0x0000,0x0000,0x0000,
  0x0000,0x0000,0x0000,0x52AA,0xF81F,0xF81F,0xF81F,0xF81F,0xF81F,0xF81F,0xF81F,0xF81F,
  0xF81F,0xF81F,0xF81F,0xF81F,0xF81F,0xF81F,0xF81F,0xF81F,0xF81F,0xF81F,0xF81F,0xF81F,
  0xF81F,0xF81F,0xF81F,0xF81F,0xF81F,0xF81F,0xF81F,0xF81F,0xF81F,0xF81F,0xF81F,0xF81F,
  0xF81F,0xF81F,0xF81F,0xF81F,0xF81F,0xF81F,0xF81F,0xF81F,0xF81F,0xF81F,0xF81F,0xF81F,
  0x10A3,0x0000,0x0000,0x0000,0x0000,0x0000,0x0000,0x0000,0x0000,0x52AA,0x52AA,0x52AA,
  0x52AA,0x52AA,0x52AA,0x52AA,0x52AA,0x52AA,0xAD55,0xAD55,0xAD55,0xAD55,0xAD55,0xAD55,
  0xAD55,0xAD55,0xAD55,0xAD55,0xAD55,0xAD55,0xAD55,0xAD55,0xAD55,0xAD55,0xAD55,0xAD55,
  0xAD55,0xAD55,0xAD55,0xAD55,0xAD55,0xAD55,0xAD55,0xAD55,0xAD55,0xAD55,0xAD55,0xAD55,
  0xAD55,0xAD55,0xAD55,0xAD55,0xAD55,0xAD55,0xAD55,0xAD55,0xAD55,0xAD55,0xAD55,0xAD55,
  0xAD55,0xAD55,0xAD55,0xAD55,0xAD55,0xAD55,0xAD55,0xAD55,0xAD55,0xAD55,0xAD55,0xAD55,
  0xAD55,0xAD55,0xAD55,0xAD55,0xAD55,0xAD55,0xAD55,0xAD55,0xAD55,0xAD55,0xAD55,0xAD55,
  0xAD55,0xAD55,0xAD55,0xAD55,0xAD55,0xAD55,0xAD55,0xAD55,0xAD55,0xAD55,0xAD55,0xAD55,
  0xAD55,0xAD55,0xAD55,0xAD55,0xAD55,0xAD55,0xAD55,0xAD55,0xAD55,0xAD55,0xAD55,0xAD55,
  0xAD55,0xAD55,0xAD55,0xAD55,0xAD55,0xAD55,0xAD55,0xAD55,0xAD55,0xAD55,0xAD55,0xAD55,
  0xAD55,0xAD55,0xAD55,0xAD55,0xAD55,0xAD55,0xAD55,0xAD55,0xAD55,0xAD55,0x52AA,0x52AA,
  0x52AA,0x52AA,0x52AA,0x52AA,0x52AA,0x52AA,0x52AA,0x10A3,0x0000,0x0000,0x0000,0x0000,
  0x0000,0x0000,0x0000,0x52AA,0xF81F,0xF81F,0xF81F,0xF81F,0xF81F,0xF81F,0xF81F,0xF81F,
  0xF81F,0xF81F,0xF81F,0xF81F,0xF81F,0xF81F,0xF81F,0xF81F,0xF81F,0xF81F,0xF81F,0xF81F,
  0xF81F,0xF81F,0xF81F,0xF81F,0xF81F,0xF81F,0xF81F,0xF81F,0xF81F,0xF81F,0xF81F,0xF81F,
  0xF81F,0xF81F,0xF81F,0xF81F,0xF81F,0xF81F,0xF81F,0xF81F,0xF81F,0xF81F,0xF81F,0xF81F,
  0x10A3,0x0000,0x0000,0x0000,0x0000,0x0000,0x0000,0x0000,0x0000,0x52AA,0x52AA,0x52AA,
  0x52AA,0x52AA,0x52AA,0x52AA,0x52AA,0x52AA,0xAD55,0xAD55,0xAD55,0xAD55,0xAD55,0xAD55,
  0xAD55,0xAD55,0xAD55,0xAD55,0xAD55,0xAD55,0xAD55,0xAD55,0xAD55,0xAD55,0xAD55,0xAD55,
  0xAD55,0xAD55,0xAD55,0xAD55,0xAD55,0xAD55,0xAD55,0xAD55,0xAD55,0xAD55,0xAD55,0xAD55,
  0xAD55,0xAD55,0xAD55,0xAD55,0xAD55,0xAD55,0xAD55,0xAD55,0xAD55,0xAD55,0xAD55,0xAD55,
  0xAD55,0xAD55,0xAD55,0xAD55,0xAD55,0xAD55,0xAD55,0xAD55,0xAD55,0xAD55,0xAD55,0xAD55,
  0xAD55,0xAD55,0xAD55,0xAD55,0xAD55,0xAD55,0xAD55,0xAD55,0xAD55,0xAD55,0xAD55,0xAD55,
  0xAD55,0xAD55,0xAD55,0xAD55,0xAD55,0xAD55,0xAD55,0xAD55,0xAD55,0xAD55,0xAD55,0xAD55,
  0xAD55,0xAD55,0xAD55,0xAD55,0xAD55,0xAD55,0xAD55,0xAD55,0xAD55,0xAD55,0xAD55,0xAD55,
  0xAD55,0xAD55,0xAD55,0xAD55,0xAD55,0xAD55,0xAD55,0xAD55,0xAD55,0xAD55,0xAD55,0xAD55,
  0xAD55,0xAD55,0xAD55,0xAD55,0xAD55,0xAD55,0xAD55,0xAD55,0xAD55,0xAD55,0x52AA,0x52AA,
  0x52AA,0x52AA,0x52AA,0x52AA,0x52AA,0x52AA,0x52AA,0x10A3,0x0000,0x0000,0x0000,0x0000,
  0x0000,0x0000,0x0000,0x52AA,0xF81F,0xF81F,0xF81F,0xF81F,0xF81F,0xF81F,0xF81F,0xF81F,
  0xF81F,0xF81F,0xF81F,0xF81F,0xF81F,0xF81F,0xF81F,0xF81F,0xF81F,0xF81F,0xF81F,0xF81F,
  0xF81F,0xF81F,0xF81F,0xF81F,0xF81F,0xF81F,0xF81F,0xF81F,0xF81F,0xF81F,0xF81F,0xF81F,
  0xF81F,0xF81F,0xF81F,0xF81F,0xF81F,0xF81F,0xF81F,0xF81F,0xF81F,0xF81F,0xF81F,0xF81F,
  0x10A3,0x0000,0x0000,0x0000,0x0000,0x0000,0x0000,0x0000,0x0000,0x52AA,0x52AA,0x52AA,
  0x52AA,0x52AA,0x52AA,0x52AA,0x52AA,0x52AA,0xAD55,0xAD55,0xAD55,0xAD55,0xAD55,0xAD55,
  0xAD55,0xAD55,0xAD55,0xAD55,0xAD55,0xAD55,0xAD55,0xAD55,0xAD55,0xAD55,0xAD55,0xAD55,
  0xAD55,0xAD55,0xAD55,0xAD55,0xAD55,0xAD55,0xAD55,0xAD55,0xAD55,0xAD55,0xAD55,0xAD55,
  0xAD55,0xAD55,0xAD55,0xAD55,0xAD55,0xAD55,0xAD55,0xAD55,0xAD55,0xAD55,0xAD55,0xAD55,
  0xAD55,0xAD55,0xAD55,0xAD55,0xAD55,0xAD55,0xAD55,0xAD55,0xAD55,0xAD55,0xAD55,0xAD55,
  0xAD55,0xAD55,0xAD55,0xAD55,0xAD55,0xAD55,0xAD55,0xAD55,0xAD55,0xAD55,0xAD55,0xAD55,
  0xAD55,0xAD55,0xAD55,0xAD55,0xAD55,0xAD55,0xAD55,0xAD55,0xAD55,0xAD55,0xAD55,0xAD55,
  0xAD55,0xAD55,0xAD55,0xAD55,0xAD55,0xAD55,0xAD55,0xAD55,0xAD55,0xAD55,0xAD55,0xAD55,
  0xAD55,0xAD55,0xAD55,0xAD55,0xAD55,0xAD55,0xAD55,0xAD55,0xAD55,0xAD55,0xAD55,0xAD55,
  0xAD55,0xAD55,0xAD55,0xAD55,0xAD55,0xAD55,0xAD55,0xAD55,0xAD55,0xAD55,0xAD55,0x52AA,
  0x52AA,0x52AA,0x52AA,0x52AA,0x52AA,0x52AA,0x52AA,0x0000,0x0000,0x0000,0x0000,0x0000,
  0x0000,0x0000,0x0000,0x52AA,0xF81F,0xF81F,0xF81F,0xF81F,0xF81F,0xF81F,0xF81F,0xF81F,
  0xF81F,0xF81F,0xF81F,0xF81F,0xF81F,0xF81F,0xF81F,0xF81F,0x10A3,0xF81F,0xF81F,0xF81F,
  0xF81F,0xF81F,0xF81F,0xF81F,0xF81F,0xF81F,0xF81F,0xF81F,0xF81F,0xF81F,0xF81F,0xF81F,
  0xF81F,0xF81F,0xF81F,0xF81F,0xF81F,0xF81F,0xF81F,0xF81F,0xF81F,0xF81F,0xF81F,0xF81F,
  0x10A3,0x0000,0x0000,0x0000,0x0000,0x0000,0x0000,0x0000,0x0000,0xAD55,0xAD55,0xAD55,
  0xAD55,0xAD55,0xAD55,0xAD55,0xAD55,0xAD55,0xAD55,0xAD55,0xAD55,0xAD55,0xAD55,0xAD55,
  0xAD55,0xAD55,0xAD55,0xAD55,0xAD55,0xAD55,0xAD55,0xAD55,0xAD55,0xAD55,0xAD55,0xAD55,
  0xAD55,0xAD55,0xAD55,0xAD55,0xAD55,0xAD55,0xAD55,0xAD55,0xAD55,0xAD55,0xAD55,0xAD55,
  0xAD55,0xAD55,0xAD55,0xAD55,0xAD55,0xAD55,0xAD55,0xAD55,0xAD55,0xAD55,0xAD55,0xAD55,
  0xAD55,0xAD55,0xAD55,0xAD55,0xAD55,0xAD55,0xAD55,0xAD55,0xAD55,0xAD55,0xAD55,0xAD55,
  0xAD55,0xAD55,0xAD55,0xAD55,0xAD55,0xAD55,0xAD55,0xAD55,0xAD55,0xAD55,0xAD55,0xAD55,
  0xAD55,0xAD55,0xAD55,0xAD55,0xAD55,0xAD55,0xAD55,0xAD55,0xAD55,0xAD55,0xAD55,0xAD55,
  0xAD55,0xAD55,0xAD55,0xAD55,0xAD55,0xAD55,0xAD55,0xAD55,0xAD55,0xAD55,0xAD55,0xAD55,
  0xAD55,0xAD55,0xAD55,0xAD55,0xAD55,0xAD55,0xAD55,0xAD55,0xAD55,0xAD55,0xAD55,0xAD55,
  0xAD55,0xAD55,0xAD55,0xAD55,0xAD55,0xAD55,0xAD55,0xAD55,0xAD55,0xAD55,0xAD55,0xAD55,
  0xAD55,0xAD55,0xAD55,0xAD55,0xAD55,0xAD55,0xAD55,0x0000,0x0000,0x0000,0x0000,0x0000,
  0x0000,0x0000,0x0000,0x52AA,0xF81F,0xF81F,0xF81F,0xF81F,0xF81F,0xF81F,0xF81F,0xF81F,
  0xF81F,0xF81F,0xF81F,0xF81F,0xF81F,0xF81F,0xF81F,0xF81F,0x10A3,0x10A3,0x0000,0x0000,
  0x0000,0x0000,0x0000,0x0000,0x0000,0x0000,0x0000,0x0000,0x0000,0x0000,0x0000,0x0000,
  0x0000,0x0000,0xF81F,0xF81F,0xF81F,0xF81F,0xF81F,0xF81F,0xF81F,0xF81F,0xF81F,0xF81F,
  0x10A3,0x0000,0x0000,0x0000,0x0000,0x0000,0x0000,0x0000,0x0000,0xAD55,0xAD55,0xAD55,
  0xAD55,0xAD55,0xAD55,0xAD55,0xAD55,0xAD55,0xAD55,0xAD55,0xAD55,0xAD55,0xAD55,0xAD55,
  0xAD55,0xAD55,0xAD55,0xAD55,0xAD55,0xAD55,0xAD55,0xAD55,0xAD55,0xAD55,0xAD55,0xAD55,
  0xAD55,0xAD55,0xAD55,0xAD55,0xAD55,0xAD55,0xAD55,0xAD55,0xAD55,0xAD55,0xAD55,0xAD55,
  0xAD55,0xAD55,0xAD55,0xAD55,0xAD55,0xAD55,0xAD55,0xAD55,0xAD55,0xAD55,0xAD55,0xAD55,
  0xAD55,0xAD55,0xAD55,0xAD55,0xAD55,0xAD55,0xAD55,0xAD55,0xAD55,0xAD55,0xAD55,0xAD55,
  0xAD55,0xAD55,0xAD55,0xAD55,0xAD55,0xAD55,0xAD55,0xAD55,0xAD55,0xAD55,0xAD55,0xAD55,
  0xAD55,0xAD55,0xAD55,0xAD55,0xAD55,0xAD55,0xAD55,0xAD55,0xAD55,0xAD55,0xAD55,0xAD55,
  0xAD55,0xAD55,0xAD55,0xAD55,0xAD55,0xAD55,0xAD55,0xAD55,0xAD55,0xAD55,0xAD55,0xAD55,
  0xAD55,0xAD55,0xAD55,0xAD55,0xAD55,0xAD55,0xAD55,0xAD55,0xAD55,0xAD55,0xAD55,0xAD55,
  0xAD55,0xAD55,0xAD55,0xAD55,0xAD55,0xAD55,0xAD55,0xAD55,0xAD55,0xAD55,0xAD55,0xAD55,
  0xAD55,0xAD55,0xAD55,0xAD55,0xAD55,0xAD55,0xAD55,0x0000,0x0000,0x0000,0x0000,0x0000,
  0x0000,0x0000,0x0000,0x52AA,0xF81F,0xF81F,0xF81F,0xF81F,0xF81F,0xF81F,0xF81F,0xF81F,
  0xF81F,0xF81F,0xF81F,0xF81F,0xF81F,0xF81F,0xF81F,0xF81F,0x10A3,0x10A3,0x0000,0x0000,
  0x0000,0x0000,0x0000,0x0000,0x0000,0x0000,0x0000,0x0000,0x0000,0x0000,0x0000,0x0000,
  0x0000,0x0000,0xF81F,0xF81F,0xF81F,0xF81F,0xF81F,0xF81F,0xF81F,0xF81F,0xF81F,0xF81F,
  0x10A3,0x0000,0x0000,0x0000,0x0000,0x0000,0x0000,0x0000,0x0000,0xAD55,0xAD55,0xAD55,
  0xAD55,0xAD55,0xAD55,0xAD55,0xAD55,0xAD55,0xAD55,0xAD55,0xAD55,0xAD55,0xAD55,0xAD55,
  0xAD55,0xAD55,0xAD55,0xAD55,0xAD55,0xAD55,0xAD55,0xAD55,0xAD55,0xAD55,0xAD55,0xAD55,
  0xAD55,0xAD55,0xAD55,0xAD55,0xAD55,0xAD55,0xAD55,0xAD55,0xAD55,0xAD55,0xAD55,0xAD55,
  0xAD55,0xAD55,0xAD55,0xAD55,0xAD55,0xAD55,0xAD55,0xAD55,0xAD55,0xAD55,0xAD55,0xAD55,
  0xAD55,0xAD55,0xAD55,0xAD55,0xAD55,0xAD55,0xAD55,0xAD55,0xAD55,0xAD55,0xAD55,0xAD55,
  0xAD55,0xAD55,0xAD55,0xAD55,0xAD55,0xAD55,0xAD55,0xAD55,0xAD55,0xAD55,0xAD55,0xAD55,
  0xAD55,0xAD55,0xAD55,0xAD55,0xAD55,0xAD55,0xAD55,0xAD55,0xAD55,0xAD55,0xAD55,0xAD55,
  0xAD55,0xAD55,0xAD55,0xAD55,0xAD55,0xAD55,0xAD55,0xAD55,0xAD55,0xAD55,0xAD55,0xAD55,
  0xAD55,0xAD55,0xAD55,0xAD55,0xAD55,0xAD55,0xAD55,0xAD55,0xAD55,0xAD55,0xAD55,0xAD55,
  0xAD55,0xAD55,0xAD55,0xAD55,0xAD55,0xAD55,0xAD55,0xAD55,0xAD55,0xAD55,0xAD55,0xAD55,
  0xAD55,0xAD55,0xAD55,0xAD55,0xAD55,0xAD55,0xAD55,0x0000,0x0000,0x0000,0x0000,0x0000,
  0x0000,0x0000,0x0000,0x52AA,0xF81F,0xF81F,0xF81F,0xF81F,0xF81F,0xF81F,0xF81F,0xF81F,
  0xF81F,0xF81F,0xF81F,0xF81F,0xF81F,0xF81F,0xF81F,0xF81F,0x10A3,0x10A3,0x0000,0x0000,
  0x0000,0x0000,0x0000,0x0000,0x0000,0x0000,0x0000,0x0000,0x0000,0x0000,0x0000,0x0000,
  0x0000,0x0000,0xF81F,0xF81F,0xF81F,0xF81F,0xF81F,0xF81F,0xF81F,0xF81F,0xF81F,0xF81F,
  0x10A3,0x0000,0x0000,0x0000,0x0000,0x0000,0x0000,0x0000,0x0000,0xAD55,0xAD55,0xAD55,
  0xAD55,0xAD55,0xAD55,0xAD55,0xAD55,0xAD55,0xAD55,0xAD55,0xAD55,0xAD55,0xAD55,0xAD55,
  0xAD55,0xAD55,0xAD55,0xAD55,0xAD55,0xAD55,0xAD55,0xAD55,0xAD55,0xAD55,0xAD55,0xAD55,
  0xAD55,0xAD55,0xAD55,0xAD55,0xAD55,0xAD55,0xAD55,0xAD55,0xAD55,0xAD55,0xAD55,0xAD55,
  0xAD55,0xAD55,0xAD55,0xAD55,0xAD55,0xAD55,0xAD55,0xAD55,0xAD55,0xAD55,0xAD55,0xAD55,
  0xAD55,0xAD55,0xAD55,0xAD55,0xAD55,0xAD55,0xAD55,0xAD55,0xAD55,0xAD55,0xAD55,0xAD55,
  0xAD55,0xAD55,0xAD55,0xAD55,0xAD55,0xAD55,0xAD55,0xAD55,0xAD55,0xAD55,0xAD55,0xAD55,
  0xAD55,0xAD55,0xAD55,0xAD55,0xAD55,0xAD55,0xAD55,0xAD55,0xAD55,0xAD55,0xAD55,0xAD55,
  0xAD55,0xAD55,0xAD55,0xAD55,0xAD55,0xAD55,0xAD55,0xAD55,0xAD55,0xAD55,0xAD55,0xAD55,
  0xAD55,0xAD55,0xAD55,0xAD55,0xAD55,0xAD55,0xAD55,0xAD55,0xAD55,0xAD55,0xAD55,0xAD55,
  0xAD55,0xAD55,0xAD55,0xAD55,0xAD55,0xAD55,0xAD55,0xAD55,0xAD55,0xAD55,0xAD55,0xAD55,
  0xAD55,0xAD55,0xAD55,0xAD55,0xAD55,0xAD55,0xAD55,0x0000,0x0000,0x0000,0x0000,0x0000,
  0x0000,0x0000,0x0000,0x52AA,0xF81F,0xF81F,0xF81F,0xF81F,0xF81F,0xF81F,0xF81F,0xF81F,
  0xF81F,0xF81F,0xF81F,0xF81F,0xF81F,0xF81F,0xF81F,0xF81F,0x10A3,0x10A3,0x0000,0x0000,
  0x0000,0x0000,0x0000,0x0000,0x0000,0x0000,0x0000,0x0000,0x0000,0x0000,0x0000,0x0000,
  0x0000,0x0000,0xF81F,0xF81F,0xF81F,0xF81F,0xF81F,0xF81F,0xF81F,0xF81F,0xF81F,0xF81F,
  0x10A3,0x0000,0x0000,0x0000,0x0000,0x0000,0x0000,0x0000,0x0000,0xAD55,0xAD55,0xAD55,
  0xAD55,0xAD55,0xAD55,0xAD55,0xAD55,0xAD55,0xAD55,0xAD55,0xAD55,0xAD55,0xAD55,0xAD55,
  0xAD55,0xAD55,0xAD55,0xAD55,0xAD55,0xAD55,0xAD55,0xAD55,0xAD55,0xAD55,0xAD55,0xAD55,
  0xAD55,0xAD55,0xAD55,0xAD55,0xAD55,0xAD55,0xAD55,0xAD55,0xAD55,0xAD55,0xAD55,0xAD55,
  0xAD55,0xAD55,0xAD55,0xAD55,0xAD55,0xAD55,0xAD55,0xAD55,0xAD55,0xAD55,0xAD55,0xAD55,
  0xAD55,0xAD55,0xAD55,0xAD55,0xAD55,0xAD55,0xAD55,0xAD55,0xAD55,0xAD55,0xAD55,0xAD55,
  0xAD55,0xAD55,0xAD55,0xAD55,0xAD55,0xAD55,0xAD55,0xAD55,0xAD55,0xAD55,0xAD55,0xAD55,
  0xAD55,0xAD55,0xAD55,0xAD55,0xAD55,0xAD55,0xAD55,0xAD55,0xAD55,0xAD55,0xAD55,0xAD55,
  0xAD55,0xAD55,0xAD55,0xAD55,0xAD55,0xAD55,0xAD55,0xAD55,0xAD55,0xAD55,0xAD55,0xAD55,
  0xAD55,0xAD55,0xAD55,0xAD55,0xAD55,0xAD55,0xAD55,0xAD55,0xAD55,0xAD55,0xAD55,0xAD55,
  0xAD55,0xAD55,0xAD55,0xAD55,0xAD55,0xAD55,0xAD55,0xAD55,0xAD55,0xAD55,0xAD55,0xAD55,
  0xAD55,0xAD55,0xAD55,0xAD55,0xAD55,0xAD55,0xAD55,0x0000,0x0000,0x0000,0x0000,0x0000,
  0x0000,0x0000,0x0000,0x52AA,0xF81F,0xF81F,0xF81F,0xF81F,0xF81F,0xF81F,0xF81F,0xF81F,
  0xF81F,0xF81F,0xF81F,0xF81F,0xF81F,0xF81F,0xF81F,0xF81F,0x10A3,0x10A3,0x0000,0x0000,
  0x0000,0x0000,0x0000,0x0000,0x0000,0x0000,0x0000,0x0000,0x0000,0x0000,0x0000,0x0000,
  0x0000,0x0000,0xF81F,0xF81F,0xF81F,0xF81F,0xF81F,0xF81F,0xF81F,0xF81F,0xF81F,0xF81F,
  0x10A3,0x0000,0x0000,0x0000,0x0000,0x0000,0x0000,0x0000,0x0000,0xAD55,0xAD55,0xAD55,
  0xAD55,0xAD55,0xAD55,0xAD55,0xAD55,0xAD55,0xAD55,0xAD55,0xAD55,0xAD55,0xAD55,0xAD55,
  0xAD55,0xAD55,0xAD55,0xAD55,0xAD55,0xAD55,0xAD55,0xAD55,0xAD55,0xAD55,0xAD55,0xAD55,
  0xAD55,0xAD55,0xAD55,0xAD55,0xAD55,0xAD55,0xAD55,0xAD55,0xAD55,0xAD55,0xAD55,0xAD55,
  0xAD55,0xAD55,0xAD55,0xAD55,0xAD55,0xAD55,0xAD55,0xAD55,0xAD55,0xAD55,0xAD55,0xAD55,
  0xAD55,0xAD55,0xAD55,0xAD55,0xAD55,0xAD55,0xAD55,0xAD55,0xAD55,0xAD55,0xAD55,0xAD55,
  0xAD55,0xAD55,0xAD55,0xAD55,0xAD55,0xAD55,0xAD55,0xAD55,0xAD55,0xAD55,0xAD55,0xAD55,
  0xAD55,0xAD55,0xAD55,0xAD55,0xAD55,0xAD55,0xAD55,0xAD55,0xAD55,0xAD55,0xAD55,0xAD55,
  0xAD55,0xAD55,0xAD55,0xAD55,0xAD55,0xAD55,0xAD55,0xAD55,0xAD55,0xAD55,0xAD55,0xAD55,
  0xAD55,0xAD55,0xAD55,0xAD55,0xAD55,0xAD55,0xAD55,0xAD55,0xAD55,0xAD55,0xAD55,0xAD55,
  0xAD55,0xAD55,0xAD55,0xAD55,0xAD55,0xAD55,0xAD55,0xAD55,0xAD55,0xAD55,0xAD55,0xAD55,
  0xAD55,0xAD55,0xAD55,0xAD55,0xAD55,0xAD55,0xAD55,0x0000,0x0000,0x0000,0x0000,0x0000,
  0x0000,0x0000,0x0000,0x52AA,0xF81F,0xF81F,0xF81F,0xF81F,0xF81F,0xF81F,0xF81F,0xF81F,
  0xF81F,0xF81F,0xF81F,0xF81F,0xF81F,0xF81F,0xF81F,0xF81F,0x10A3,0x10A3,0x0000,0x0000,
  0x0000,0x0000,0x0000,0x0000,0x0000,0x0000,0x0000,0x0000,0x0000,0x0000,0x0000,0x0000,
  0x0000,0x0000,0xF81F,0xF81F,0xF81F,0xF81F,0xF81F,0xF81F,0xF81F,0xF81F,0xF81F,0xF81F,
  0x10A3,0x0000,0x0000,0x0000,0x0000,0x0000,0x0000,0x0000,0x0000,0xAD55,0xAD55,0xAD55,
  0xAD55,0xAD55,0xAD55,0xAD55,0xAD55,0xAD55,0xAD55,0xAD55,0xAD55,0xAD55,0xAD55,0xAD55,
  0xAD55,0xAD55,0xAD55,0xAD55,0xAD55,0xAD55,0xAD55,0xAD55,0xAD55,0xAD55,0xAD55,0xAD55,
  0xAD55,0xAD55,0xAD55,0xAD55,0xAD55,0xAD55,0xAD55,0xAD55,0xAD55,0xAD55,0xAD55,0xAD55,
  0xAD55,0xAD55,0xAD55,0xAD55,0xAD55,0xAD55,0xAD55,0xAD55,0xAD55,0xAD55,0xAD55,0xAD55,
  0xAD55,0xAD55,0xAD55,0xAD55,0xAD55,0xAD55,0xAD55,0xAD55,0xAD55,0xAD55,0xAD55,0xAD55,
  0xAD55,0xAD55,0xAD55,0xAD55,0xAD55,0xAD55,0xAD55,0xAD55,0xAD55,0xAD55,0xAD55,0xAD55,
  0xAD55,0xAD55,0xAD55,0xAD55,0xAD55,0xAD55,0xAD55,0xAD55,0xAD55,0xAD55,0xAD55,0xAD55,
  0xAD55,0xAD55,0xAD55,0xAD55,0xAD55,0xAD55,0xAD55,0xAD55,0xAD55,0xAD55,0xAD55,0xAD55,
  0xAD55,0xAD55,0xAD55,0xAD55,0xAD55,0xAD55,0xAD55,0xAD55,0xAD55,0xAD55,0xAD55,0xAD55,
  0xAD55,0xAD55,0xAD55,0xAD55,0xAD55,0xAD55,0xAD55,0xAD55,0xAD55,0xAD55,0xAD55,0xAD55,
  0xAD55,0xAD55,0xAD55,0xAD55,0xAD55,0xAD55,0xAD55,0x0000,0x0000,0x0000,0x0000,0x0000,
  0x0000,0x0000,0x0000,0x52AA,0xF81F,0xF81F,0xF81F,0xF81F,0xF81F,0xF81F,0xF81F,0xF81F,
  0xF81F,0xF81F,0xF81F,0xF81F,0xF81F,0xF81F,0xF81F,0xF81F,0xF81F,0x10A3,0x0000,0x0000,
  0x0000,0x0000,0x0000,0x0000,0x0000,0x0000,0x0000,0x0000,0x0000,0x0000,0x0000,0x0000,
  0x0000,0x0000,0xF81F,0xF81F,0xF81F,0xF81F,0xF81F,0xF81F,0xF81F,0xF81F,0xF81F,0xF81F,
  0x10A3,0x0000,0x0000,0x0000,0x0000,0x0000,0x0000,0x0000,0x0000,0xAD55,0xAD55,0xAD55,
  0xAD55,0xAD55,0xAD55,0xAD55,0xAD55,0xAD55,0xAD55,0xAD55,0xAD55,0xAD55,0xAD55,0xAD55,
  0xAD55,0xAD55,0xAD55,0xAD55,0xAD55,0xAD55,0xAD55,0xAD55,0xAD55,0xAD55,0xAD55,0xAD55,
  0xAD55,0xAD55,0xAD55,0xAD55,0xAD55,0xAD55,0xAD55,0xAD55,0xAD55,0xAD55,0xAD55,0xAD55,
  0xAD55,0xAD55,0xAD55,0xAD55,0xAD55,0xAD55,0xAD55,0xAD55,0xAD55,0xAD55,0xAD55,0xAD55,
  0xAD55,0xAD55,0xAD55,0xAD55,0xAD55,0xAD55,0xAD55,0xAD55,0xAD55,0xAD55,0xAD55,0xAD55,
  0xAD55,0xAD55,0xAD55,0xAD55,0xAD55,0xAD55,0xAD55,0xAD55,0xAD55,0xAD55,0xAD55,0xAD55,
  0xAD55,0xAD55,0xAD55,0xAD55,0xAD55,0xAD55,0xAD55,0xAD55,0xAD55,0xAD55,0xAD55,0xAD55,
  0xAD55,0xAD55,0xAD55,0xAD55,0xAD55,0xAD55,0xAD55,0xAD55,0xAD55,0xAD55,0xAD55,0xAD55,
  0xAD55,0xAD55,0xAD55,0xAD55,0xAD55,0xAD55,0xAD55,0xAD55,0xAD55,0xAD55,0xAD55,0xAD55,
  0xAD55,0xAD55,0xAD55,0xAD55,0xAD55,0xAD55,0xAD55,0xAD55,0xAD55,0xAD55,0xAD55,0xAD55,
  0xAD55,0xAD55,0xAD55,0xAD55,0xAD55,0xAD55,0xAD55,0x0000,0x0000,0x0000,0x0000,0x0000,
  0x0000,0x0000,0x0000,0x52AA,0xF81F,0xF81F,0xF81F,0xF81F,0xF81F,0xF81F,0xF81F,0xF81F,
  0xF81F,0x10A3,0x10A3,0x10A3,0x10A3,0x10A3,0x10A3,0x10A3,0x10A3,0x10A3,0x10A3,0x10A3,
  0x10A3,0x10A3,0x10A3,0x10A3,0x10A3,0x10A3,0x10A3,0x10A3,0x10A3,0x10A3,0x10A3,0x10A3,
  0x10A3,0x10A3,0xF81F,0x10A3,0x10A3,0x10A3,0x10A3,0x10A3,0x10A3,0x10A3,0x10A3,0xF81F,
  0x10A3,0x0000,0x0000,0x0000,0x0000,0x0000,0x0000,0x0000,0x0000,0x52AA,0x52AA,0x52AA,
  0x52AA,0x52AA,0x52AA,0x52AA,0x52AA,0x52AA,0x52AA,0x52AA,0x52AA,0x52AA,0x52AA,0x52AA,
  0x52AA,0x52AA,0x52AA,0xAD55,0xAD55,0xAD55,0xAD55,0xAD55,0xAD55,0xAD55,0xAD55,0xAD55,
  0xAD55,0xAD55,0xAD55,0xAD55,0xAD55,0xAD55,0xAD55,0xAD55,0xAD55,0xAD55,0xAD55,0xAD55,
  0xAD55,0xAD55,0xAD55,0xAD55,0xAD55,0xAD55,0xAD55,0xAD55,0xAD55,0xAD55,0xAD55,0xAD55,
  0xAD55,0xAD55,0xAD55,0xAD55,0xAD55,0xAD55,0xAD55,0xAD55,0xAD55,0xAD55,0xAD55,0xAD55,
  0xAD55,0xAD55,0xAD55,0xAD55,0xAD55,0xAD55,0xAD55,0xAD55,0xAD55,0xAD55,0xAD55,0xAD55,
  0xAD55,0xAD55,0xAD55,0xAD55,0xAD55,0xAD55,0xAD55,0xAD55,0xAD55,0xAD55,0xAD55,0xAD55,
  0xAD55,0xAD55,0xAD55,0xAD55,0xAD55,0xAD55,0xAD55,0xAD55,0xAD55,0xAD55,0xAD55,0xAD55,
  0xAD55,0xAD55,0xAD55,0xAD55,0xAD55,0xAD55,0xAD55,0xAD55,0xAD55,0xAD55,0xAD55,0xAD55,
  0xAD55,0xAD55,0x52AA,0x52AA,0x52AA,0x52AA,0x52AA,0x52AA,0x52AA,0x52AA,0x52AA,0x52AA,
  0x52AA,0x52AA,0x52AA,0x52AA,0x52AA,0x52AA,0x52AA,0x10A3,0x0000,0x0000,0x0000,0x0000,
  0x0000,0x0000,0x0000,0x52AA,0xF81F,0xF81F,0xF81F,0xF81F,0xF81F,0xF81F,0xF81F,0xF81F,
  0x10A3,0x0000,0x0000,0x0000,0x0000,0x0000,0x0000,0x0000,0x10A3,0xAD55,0xAD55,0xAD55,
  0xAD55,0xAD55,0xAD55,0xAD55,0xAD55,0xAD55,0xAD55,0xAD55,0xAD55,0xAD55,0xAD55,0xAD55,
  0xAD55,0xAD55,0xAD55,0x0000,0x0000,0x0000,0x0000,0x0000,0x0000,0x0000,0x0000,0x0000,
  0x10A3,0x0000,0x0000,0x0000,0x0000,0x0000,0x0000,0x0000,0x0000,0x52AA,0x52AA,0x52AA,
  0x52AA,0x52AA,0x52AA,0x52AA,0x52AA,0x52AA,0x52AA,0x52AA,0x52AA,0x52AA,0x52AA,0x52AA,
  0x52AA,0x52AA,0x52AA,0xAD55,0xAD55,0xAD55,0xAD55,0xAD55,0xAD55,0xAD55,0xAD55,0xAD55,
  0xAD55,0xAD55,0xAD55,0xAD55,0xAD55,0xAD55,0xAD55,0xAD55,0xAD55,0xAD55,0xAD55,0xAD55,
  0xAD55,0xAD55,0xAD55,0xAD55,0xAD55,0xAD55,0xAD55,0xAD55,0xAD55,0xAD55,0xAD55,0xAD55,
  0xAD55,0xAD55,0xAD55,0xAD55,0xAD55,0xAD55,0xAD55,0xAD55,0xAD55,0xAD55,0xAD55,0xAD55,
  0xAD55,0xAD55,0xAD55,0xAD55,0xAD55,0xAD55,0xAD55,0xAD55,0xAD55,0xAD55,0xAD55,0xAD55,
  0xAD55,0xAD55,0xAD55,0xAD55,0xAD55,0xAD55,0xAD55,0xAD55,0xAD55,0xAD55,0xAD55,0xAD55,
  0xAD55,0xAD55,0xAD55,0xAD55,0xAD55,0xAD55,0xAD55,0xAD55,0xAD55,0xAD55,0xAD55,0xAD55,
  0xAD55,0xAD55,0xAD55,0xAD55,0xAD55,0xAD55,0xAD55,0xAD55,0xAD55,0xAD55,0xAD55,0xAD55,
  0xAD55,0xAD55,0x52AA,0x52AA,0x52AA,0x52AA,0x52AA,0x52AA,0x52AA,0x52AA,0x52AA,0x52AA,
  0x52AA,0x52AA,0x52AA,0x52AA,0x52AA,0x52AA,0x52AA,0x10A3,0x0000,0x0000,0x0000,0x0000,
  0x0000,0x0000,0x0000,0x52AA,0xF81F,0xF81F,0xF81F,0xF81F,0xF81F,0xF81F,0xF81F,0xF81F,
  0x10A3,0x0000,0x0000,0x0000,0x0000,0x0000,0x0000,0x0000,0x0000,0xAD55,0xAD55,0xAD55,
  0xAD55,0xAD55,0xAD55,0xAD55,0xAD55,0xAD55,0xAD55,0xAD55,0xAD55,0xAD55,0xAD55,0xAD55,
  0xAD55,0xAD55,0xAD55,0x0000,0x10A3,0x10A3,0x0000,0x0000,0x0000,0x0000,0x0000,0xF81F,
  0x10A3,0x0000,0x0000,0x0000,0x0000,0x0000,0x0000,0x0000,0x0000,0x52AA,0x52AA,0x52AA,
  0x52AA,0x52AA,0x52AA,0x52AA,0x52AA,0x52AA,0x52AA,0x52AA,0x52AA,0x52AA,0x52AA,0x52AA,
  0x52AA,0x52AA,0x52AA,0xAD55,0xAD55,0xAD55,0xAD55,0xAD55,0xAD55,0xAD55,0xAD55,0xAD55,
  0xAD55,0xAD55,0xAD55,0xAD55,0xAD55,0xAD55,0xAD55,0xAD55,0xAD55,0xAD55,0xAD55,0xAD55,
  0xAD55,0xAD55,0xAD55,0xAD55,0xAD55,0xAD55,0xAD55,0xAD55,0xAD55,0xAD55,0xAD55,0xAD55,
  0xAD55,0xAD55,0xAD55,0xAD55,0xAD55,0xAD55,0xAD55,0xAD55,0xAD55,0xAD55,0xAD55,0xAD55,
  0xAD55,0xAD55,0xAD55,0xAD55,0xAD55,0xAD55,0xAD55,0xAD55,0xAD55,0xAD55,0xAD55,0xAD55,
  0xAD55,0xAD55,0xAD55,0xAD55,0xAD55,0xAD55,0xAD55,0xAD55,0xAD55,0xAD55,0xAD55,0xAD55,
  0xAD55,0xAD55,0xAD55,0xAD55,0xAD55,0xAD55,0xAD55,0xAD55,0xAD55,0xAD55,0xAD55,0xAD55,
  0xAD55,0xAD55,0xAD55,0xAD55,0xAD55,0xAD55,0xAD55,0xAD55,0xAD55,0xAD55,0xAD55,0xAD55,
  0xAD55,0xAD55,0x52AA,0x52AA,0x52AA,0x52AA,0x52AA,0x52AA,0x52AA,0x52AA,0x52AA,0x52AA,
  0x52AA,0x52AA,0x52AA,0x52AA,0x52AA,0x52AA,0x52AA,0x10A3,0x0000,0x0000,0x0000,0x0000,
  0x0000,0x0000,0x0000,0x52AA,0xF81F,0xF81F,0xF81F,0xF81F,0xF81F,0xF81F,0xF81F,0xF81F,
  0x10A3,0x0000,0x0000,0x0000,0x0000,0x0000,0x0000,0x0000,0x0000,0xAD55,0xAD55,0xAD55,
  0xAD55,0xAD55,0xAD55,0xAD55,0xAD55,0xAD55,0xAD55,0xAD55,0xAD55,0xAD55,0xAD55,0xAD55,
  0xAD55,0xAD55,0xAD55,0x0000,0x0000,0x0000,0x0000,0x0000,0x0000,0x0000,0x0000,0xF81F,
  0x10A3,0x0000,0x0000,0x0000,0x0000,0x0000,0x0000,0x0000,0x0000,0x52AA,0x52AA,0x52AA,
  0x52AA,0x52AA,0x52AA,0x52AA,0x52AA,0x52AA,0x52AA,0x52AA,0x52AA,0x52AA,0x52AA,0x52AA,
  0x52AA,0x52AA,0x52AA,0xAD55,0xAD55,0xAD55,0xAD55,0xAD55,0xAD55,0xAD55,0xAD55,0xAD55,
  0xAD55,0xAD55,0xAD55,0xAD55,0xAD55,0xAD55,0xAD55,0xAD55,0xAD55,0xAD55,0xAD55,0xAD55,
  0xAD55,0xAD55,0xAD55,0xAD55,0xAD55,0xAD55,0xAD55,0xAD55,0xAD55,0xAD55,0xAD55,0xAD55,
  0xAD55,0xAD55,0xAD55,0xAD55,0xAD55,0xAD55,0xAD55,0xAD55,0xAD55,0xAD55,0xAD55,0xAD55,
  0xAD55,0xAD55,0xAD55,0xAD55,0xAD55,0xAD55,0xAD55,0xAD55,0xAD55,0xAD55,0xAD55,0xAD55,
  0xAD55,0xAD55,0xAD55,0xAD55,0xAD55,0xAD55,0xAD55,0xAD55,0xAD55,0xAD55,0xAD55,0xAD55,
  0xAD55,0xAD55,0xAD55,0xAD55,0xAD55,0xAD55,0xAD55,0xAD55,0xAD55,0xAD55,0xAD55,0xAD55,
  0xAD55,0xAD55,0xAD55,0xAD55,0xAD55,0xAD55,0xAD55,0xAD55,0xAD55,0xAD55,0xAD55,0xAD55,
  0xAD55,0xAD55,0x52AA,0x52AA,0x52AA,0x52AA,0x52AA,0x52AA,0x52AA,0x52AA,0x52AA,0x52AA,
  0x52AA,0x52AA,0x52AA,0x52AA,0x52AA,0x52AA,0x52AA,0x10A3,0x0000,0x0000,0x0000,0x0000,
  0x0000,0x0000,0x0000,0x52AA,0xF81F,0xF81F,0xF81F,0xF81F,0xF81F,0xF81F,0xF81F,0xF81F,
  0x10A3,0x0000,0x0000,0x0000,0x0000,0x0000,0x0000,0x0000,0x0000,0xAD55,0xAD55,0xAD55,
  0xAD55,0xAD55,0xAD55,0xAD55,0xAD55,0xAD55,0xAD55,0xAD55,0xAD55,0xAD55,0xAD55,0xAD55,
  0xAD55,0xAD55,0xAD55,0x0000,0x0000,0x0000,0x0000,0x0000,0x0000,0x0000,0x0000,0xF81F,
  0x10A3,0x0000,0x0000,0x0000,0x0000,0x0000,0x0000,0x0000,0x0000,0x52AA,0x52AA,0x52AA,
  0x52AA,0x52AA,0x52AA,0x52AA,0x52AA,0x52AA,0x52AA,0x52AA,0x52AA,0x52AA,0x52AA,0x52AA,
  0x52AA,0x52AA,0x52AA,0xAD55,0xAD55,0xAD55,0xAD55,0xAD55,0xAD55,0xAD55,0xAD55,0xAD55,
  0xAD55,0xAD55,0xAD55,0xAD55,0xAD55,0xAD55,0xAD55,0xAD55,0xAD55,0xAD55,0xAD55,0xAD55,
  0xAD55,0xAD55,0xAD55,0xAD55,0xAD55,0xAD55,0xAD55,0xAD55,0xAD55,0xAD55,0xAD55,0xAD55,
  0xAD55,0xAD55,0xAD55,0xAD55,0xAD55,0xAD55,0xAD55,0xAD55,0xAD55,0xAD55,0xAD55,0xAD55,
  0xAD55,0xAD55,0xAD55,0xAD55,0xAD55,0xAD55,0xAD55,0xAD55,0xAD55,0xAD55,0xAD55,0xAD55,
  0xAD55,0xAD55,0xAD55,0xAD55,0xAD55,0xAD55,0xAD55,0xAD55,0xAD55,0xAD55,0xAD55,0xAD55,
  0xAD55,0xAD55,0xAD55,0xAD55,0xAD55,0xAD55,0xAD55,0xAD55,0xAD55,0xAD55,0xAD55,0xAD55,
  0xAD55,0xAD55,0xAD55,0xAD55,0xAD55,0xAD55,0xAD55,0xAD55,0xAD55,0xAD55,0xAD55,0xAD55,
  0xAD55,0xAD55,0x52AA,0x52AA,0x52AA,0x52AA,0x52AA,0x52AA,0x52AA,0x52AA,0x52AA,0x52AA,
  0x52AA,0x52AA,0x52AA,0x52AA,0x52AA,0x52AA,0x52AA,0x10A3,0x0000,0x0000,0x0000,0x0000,
  0x0000,0x0000,0x0000,0x52AA,0xF81F,0xF81F,0xF81F,0xF81F,0xF81F,0xF81F,0xF81F,0xF81F,
  0x10A3,0x0000,0x0000,0x0000,0x0000,0x0000,0x0000,0x0000,0x0000,0xAD55,0xAD55,0xAD55,
  0xAD55,0xAD55,0xAD55,0xAD55,0xAD55,0xAD55,0xAD55,0xAD55,0xAD55,0xAD55,0xAD55,0xAD55,
  0xAD55,0xAD55,0xAD55,0x0000,0x0000,0x0000,0x0000,0x0000,0x0000,0x0000,0x0000,0xF81F,
  0x10A3,0x0000,0x0000,0x0000,0x0000,0x0000,0x0000,0x0000,0x0000,0x52AA,0x52AA,0x52AA,
  0x52AA,0x52AA,0x52AA,0x52AA,0x52AA,0x52AA,0x52AA,0x52AA,0x52AA,0x52AA,0x52AA,0x52AA,
  0x52AA,0x52AA,0x52AA,0xAD55,0xAD55,0xAD55,0xAD55,0xAD55,0xAD55,0xAD55,0xAD55,0xAD55,
  0xAD55,0xAD55,0xAD55,0xAD55,0xAD55,0xAD55,0xAD55,0xAD55,0xAD55,0xAD55,0xAD55,0xAD55,
  0xAD55,0xAD55,0xAD55,0xAD55,0xAD55,0xAD55,0xAD55,0xAD55,0xAD55,0xAD55,0xAD55,0xAD55,
  0xAD55,0xAD55,0xAD55,0xAD55,0xAD55,0xAD55,0xAD55,0xAD55,0xAD55,0xAD55,0xAD55,0xAD55,
  0xAD55,0xAD55,0xAD55,0xAD55,0xAD55,0xAD55,0xAD55,0xAD55,0xAD55,0xAD55,0xAD55,0xAD55,
  0xAD55,0xAD55,0xAD55,0xAD55,0xAD55,0xAD55,0xAD55,0xAD55,0xAD55,0xAD55,0xAD55,0xAD55,
  0xAD55,0xAD55,0xAD55,0xAD55,0xAD55,0xAD55,0xAD55,0xAD55,0xAD55,0xAD55,0xAD55,0xAD55,
  0xAD55,0xAD55,0xAD55,0xAD55,0xAD55,0xAD55,0xAD55,0xAD55,0xAD55,0xAD55,0xAD55,0xAD55,
  0xAD55,0xAD55,0x52AA,0x52AA,0x52AA,0x52AA,0x52AA,0x52AA,0x52AA,0x52AA,0x52AA,0x52AA,
  0x52AA,0x52AA,0x52AA,0x52AA,0x52AA,0x52AA,0x52AA,0x10A3,0x0000,0x0000,0x0000,0x0000,
  0x0000,0x0000,0x0000,0x52AA,0xF81F,0xF81F,0xF81F,0xF81F,0xF81F,0xF81F,0xF81F,0xF81F,
  0x10A3,0x0000,0x0000,0x0000,0x0000,0x0000,0x0000,0x0000,0x0000,0xAD55,0xAD55,0xAD55,
  0xAD55,0xAD55,0xAD55,0xAD55,0xAD55,0xAD55,0xAD55,0xAD55,0xAD55,0xAD55,0xAD55,0xAD55,
  0xAD55,0xAD55,0xAD55,0x0000,0x0000,0x0000,0x0000,0x0000,0x0000,0x0000,0x0000,0xF81F,
  0x10A3,0x0000,0x0000,0x0000,0x0000,0x0000,0x0000,0x0000,0x0000,0x52AA,0x52AA,0x52AA,
  0x52AA,0x52AA,0x52AA,0x52AA,0x52AA,0x52AA,0x52AA,0x52AA,0x52AA,0x52AA,0x52AA,0x52AA,
  0x52AA,0x52AA,0x52AA,0xAD55,0xAD55,0xAD55,0xAD55,0xAD55,0xAD55,0xAD55,0xAD55,0xAD55,
  0xAD55,0xAD55,0xAD55,0xAD55,0xAD55,0xAD55,0xAD55,0xAD55,0xAD55,0xAD55,0xAD55,0xAD55,
  0xAD55,0xAD55,0xAD55,0xAD55,0xAD55,0xAD55,0xAD55,0xAD55,0xAD55,0xAD55,0xAD55,0xAD55,
  0xAD55,0xAD55,0xAD55,0xAD55,0xAD55,0xAD55,0xAD55,0xAD55,0xAD55,0xAD55,0xAD55,0xAD55,
  0xAD55,0xAD55,0xAD55,0xAD55,0xAD55,0xAD55,0xAD55,0xAD55,0xAD55,0xAD55,0xAD55,0xAD55,
  0xAD55,0xAD55,0xAD55,0xAD55,0xAD55,0xAD55,0xAD55,0xAD55,0xAD55,0xAD55,0xAD55,0xAD55,
  0xAD55,0xAD55,0xAD55,0xAD55,0xAD55,0xAD55,0xAD55,0xAD55,0xAD55,0xAD55,0xAD55,0xAD55,
  0xAD55,0xAD55,0xAD55,0xAD55,0xAD55,0xAD55,0xAD55,0xAD55,0xAD55,0xAD55,0xAD55,0xAD55,
  0xAD55,0xAD55,0x52AA,0x52AA,0x52AA,0x52AA,0x52AA,0x52AA,0x52AA,0x52AA,0x52AA,0x52AA,
  0x52AA,0x52AA,0x52AA,0x52AA,0x52AA,0x52AA,0x52AA,0x10A3,0x0000,0x0000,0x0000,0x0000,
  0x0000,0x0000,0x0000,0x52AA,0xF81F,0xF81F,0xF81F,0xF81F,0xF81F,0xF81F,0xF81F,0xF81F,
  0x10A3,0x0000,0x0000,0x0000,0x0000,0x0000,0x0000,0x0000,0x0000,0xAD55,0xAD55,0xAD55,
  0xAD55,0xAD55,0xAD55,0xAD55,0xAD55,0xAD55,0xAD55,0xAD55,0xAD55,0xAD55,0xAD55,0xAD55,
  0xAD55,0xAD55,0xAD55,0x0000,0x0000,0x0000,0x0000,0x0000,0x0000,0x0000,0x0000,0xF81F,
  0x10A3,0x0000,0x0000,0x0000,0x0000,0x0000,0x0000,0x0000,0x0000,0x52AA,0x52AA,0x52AA,
  0x52AA,0x52AA,0x52AA,0x52AA,0x52AA,0x52AA,0x52AA,0x52AA,0x52AA,0x52AA,0x52AA,0x52AA,
  0x52AA,0x52AA,0x52AA,0xAD55,0xAD55,0xAD55,0xAD55,0xAD55,0xAD55,0xAD55,0xAD55,0xAD55,
  0xAD55,0xAD55,0xAD55,0xAD55,0xAD55,0xAD55,0xAD55,0xAD55,0xAD55,0xAD55,0xAD55,0xAD55,
  0xAD55,0xAD55,0xAD55,0xAD55,0xAD55,0xAD55,0xAD55,0xAD55,0xAD55,0xAD55,0xAD55,0xAD55,
  0xAD55,0xAD55,0xAD55,0xAD55,0xAD55,0xAD55,0xAD55,0xAD55,0xAD55,0xAD55,0xAD55,0xAD55,
  0xAD55,0xAD55,0xAD55,0xAD55,0xAD55,0xAD55,0xAD55,0xAD55,0xAD55,0xAD55,0xAD55,0xAD55,
  0xAD55,0xAD55,0xAD55,0xAD55,0xAD55,0xAD55,0xAD55,0xAD55,0xAD55,0xAD55,0xAD55,0xAD55,
  0xAD55,0xAD55,0xAD55,0xAD55,0xAD55,0xAD55,0xAD55,0xAD55,0xAD55,0xAD55,0xAD55,0xAD55,
  0xAD55,0xAD55,0xAD55,0xAD55,0xAD55,0xAD55,0xAD55,0xAD55,0xAD55,0xAD55,0xAD55,0xAD55,
  0xAD55,0xAD55,0x52AA,0x52AA,0x52AA,0x52AA,0x52AA,0x52AA,0x52AA,0x52AA,0x52AA,0x52AA,
  0x52AA,0x52AA,0x52AA,0x52AA,0x52AA,0x52AA,0x52AA,0x10A3,0x0000,0x0000,0x0000,0x0000,
  0x0000,0x0000,0x0000,0x52AA,0xF81F,0xF81F,0xF81F,0xF81F,0xF81F,0xF81F,0xF81F,0xF81F,
  0x10A3,0x0000,0x0000,0x0000,0x0000,0x0000,0x0000,0x0000,0x0000,0xAD55,0xAD55,0xAD55,
  0xAD55,0xAD55,0xAD55,0xAD55,0xAD55,0xAD55,0xAD55,0xAD55,0xAD55,0xAD55,0xAD55,0xAD55,
  0xAD55,0xAD55,0xAD55,0x0000,0x0000,0x0000,0x0000,0x0000,0x0000,0x0000,0x0000,0xF81F,
  0x10A3,0x0000,0x0000,0x0000,0x0000,0x0000,0x0000,0x0000,0x0000,0x52AA,0x52AA,0x52AA,
  0x52AA,0x52AA,0x52AA,0x52AA,0x52AA,0x52AA,0x52AA,0x52AA,0x52AA,0x52AA,0x52AA,0x52AA,
  0x52AA,0x52AA,0x52AA,0xAD55,0xAD55,0xAD55,0xAD55,0xAD55,0xAD55,0xAD55,0xAD55,0xAD55,
  0xAD55,0xAD55,0xAD55,0xAD55,0xAD55,0xAD55,0xAD55,0xAD55,0xAD55,0xAD55,0xAD55,0xAD55,
  0xAD55,0xAD55,0xAD55,0xAD55,0xAD55,0xAD55,0xAD55,0xAD55,0xAD55,0xAD55,0xAD55,0xAD55,
  0xAD55,0xAD55,0xAD55,0xAD55,0xAD55,0xAD55,0xAD55,0xAD55,0xAD55,0xAD55,0xAD55,0xAD55,
  0xAD55,0xAD55,0xAD55,0xAD55,0xAD55,0xAD55,0xAD55,0xAD55,0xAD55,0xAD55,0xAD55,0xAD55,
  0xAD55,0xAD55,0xAD55,0xAD55,0xAD55,0xAD55,0xAD55,0xAD55,0xAD55,0xAD55,0xAD55,0xAD55,
  0xAD55,0xAD55,0xAD55,0xAD55,0xAD55,0xAD55,0xAD55,0xAD55,0xAD55,0xAD55,0xAD55,0xAD55,
  0xAD55,0xAD55,0xAD55,0xAD55,0xAD55,0xAD55,0xAD55,0xAD55,0xAD55,0xAD55,0xAD55,0xAD55,
  0xAD55,0xAD55,0x52AA,0x52AA,0x52AA,0x52AA,0x52AA,0x52AA,0x52AA,0x52AA,0x52AA,0x52AA,
  0x52AA,0x52AA,0x52AA,0x52AA,0x52AA,0x52AA,0x52AA,0x10A3,0x0000,0x0000,0x0000,0x0000,
  0x0000,0x0000,0x0000,0x52AA,0xF81F,0xF81F,0xF81F,0xF81F,0xF81F,0xF81F,0xF81F,0xF81F,
  0x10A3,0x0000,0x0000,0x0000,0x0000,0x0000,0x0000,0x0000,0x0000,0xAD55,0xAD55,0xAD55,
  0xAD55,0xAD55,0xAD55,0xAD55,0xAD55,0xAD55,0xAD55,0xAD55,0xAD55,0xAD55,0xAD55,0xAD55,
  0xAD55,0xAD55,0xAD55,0x0000,0x0000,0x0000,0x0000,0x0000,0x0000,0x0000,0x0000,0xF81F,
  0x10A3,0x0000,0x0000,0x0000,0x0000,0x0000,0x0000,0x0000,0x0000,0x52AA,0x52AA,0x52AA,
  0x52AA,0x52AA,0x52AA,0x52AA,0x52AA,0x52AA,0xAD55,0xAD55,0xAD55,0xAD55,0xAD55,0xAD55,
  0xAD55,0xAD55,0xAD55,0xAD55,0xAD55,0xAD55,0xAD55,0xAD55,0xAD55,0xAD55,0xAD55,0xAD55,
  0xAD55,0xAD55,0xAD55,0xAD55,0xAD55,0xAD55,0xAD55,0xAD55,0xAD55,0xAD55,0xAD55,0xAD55,
  0xAD55,0xAD55,0xAD55,0xAD55,0xAD55,0xAD55,0xAD55,0xAD55,0xAD55,0xAD55,0xAD55,0xAD55,
  0xAD55,0xAD55,0xAD55,0xAD55,0xAD55,0xAD55,0xAD55,0xAD55,0xAD55,0xAD55,0xAD55,0xAD55,
  0xAD55,0xAD55,0xAD55,0xAD55,0xAD55,0xAD55,0xAD55,0xAD55,0xAD55,0xAD55,0xAD55,0xAD55,
  0xAD55,0xAD55,0xAD55,0xAD55,0xAD55,0xAD55,0xAD55,0xAD55,0xAD55,0xAD55,0xAD55,0xAD55,
  0xAD55,0xAD55,0xAD55,0xAD55,0xAD55,0xAD55,0xAD55,0xAD55,0xAD55,0xAD55,0xAD55,0xAD55,
  0xAD55,0xAD55,0xAD55,0xAD55,0xAD55,0xAD55,0xAD55,0xAD55,0xAD55,0xAD55,0xAD55,0xAD55,
  0xAD55,0xAD55,0xAD55,0xAD55,0xAD55,0xAD55,0xAD55,0xAD55,0xAD55,0xAD55,0x52AA,0x52AA,
  0x52AA,0x52AA,0x52AA,0x52AA,0x52AA,0x52AA,0x52AA,0x10A3,0x0000,0x0000,0x0000,0x0000,
  0x0000,0x0000,0x0000,0x52AA,0xF81F,0xF81F,0xF81F,0xF81F,0xF81F,0xF81F,0xF81F,0xF81F,
  0xF81F,0xF81F,0xF81F,0xF81F,0xF81F,0xF81F,0xF81F,0xF81F,0x10A3,0x10A3,0x0000,0x0000,
  0x0000,0x0000,0x0000,0x0000,0x0000,0x0000,0x52AA,0x52AA,0x52AA,0x52AA,0x52AA,0x52AA,
  0x52AA,0x52AA,0x10A3,0x0000,0x0000,0x0000,0x0000,0x0000,0x0000,0x0000,0x0000,0xF81F,
  0x10A3,0x0000,0x0000,0x0000,0x0000,0x0000,0x0000,0x0000,0x0000,0x52AA,0x52AA,0x52AA,
  0x52AA,0x52AA,0x52AA,0x52AA,0x52AA,0x52AA,0xAD55,0xAD55,0xAD55,0xAD55,0xAD55,0xAD55,
  0xAD55,0xAD55,0xAD55,0xAD55,0xAD55,0xAD55,0xAD55,0xAD55,0xAD55,0xAD55,0xAD55,0xAD55,
  0xAD55,0xAD55,0xAD55,0xAD55,0xAD55,0xAD55,0xAD55,0xAD55,0xAD55,0xAD55,0xAD55,0xAD55,
  0xAD55,0xAD55,0xAD55,0xAD55,0xAD55,0xAD55,0xAD55,0xAD55,0xAD55,0xAD55,0xAD55,0xAD55,
  0xAD55,0xAD55,0xAD55,0xAD55,0xAD55,0xAD55,0xAD55,0xAD55,0xAD55,0xAD55,0xAD55,0xAD55,
  0xAD55,0xAD55,0xAD55,0xAD55,0xAD55,0xAD55,0xAD55,0xAD55,0xAD55,0xAD55,0xAD55,0xAD55,
  0xAD55,0xAD55,0xAD55,0xAD55,0xAD55,0xAD55,0xAD55,0xAD55,0xAD55,0xAD55,0xAD55,0xAD55,
  0xAD55,0xAD55,0xAD55,0xAD55,0xAD55,0xAD55,0xAD55,0xAD55,0xAD55,0xAD55,0xAD55,0xAD55,
  0xAD55,0xAD55,0xAD55,0xAD55,0xAD55,0xAD55,0xAD55,0xAD55,0xAD55,0xAD55,0xAD55,0xAD55,
  0xAD55,0xAD55,0xAD55,0xAD55,0xAD55,0xAD55,0xAD55,0xAD55,0xAD55,0xAD55,0x52AA,0x52AA,
  0x52AA,0x52AA,0x52AA,0x52AA,0x52AA,0x52AA,0x52AA,0x10A3,0x0000,0x0000,0x0000,0x0000,
  0x0000,0x0000,0x0000,0x52AA,0xF81F,0xF81F,0xF81F,0xF81F,0xF81F,0xF81F,0xF81F,0xF81F,
  0xF81F,0xF81F,0xF81F,0xF81F,0xF81F,0xF81F,0xF81F,0xF81F,0xF81F,0x10A3,0x0000,0x0000,
  0x0000,0x0000,0x0000,0x0000,0x0000,0x0000,0x52AA,0x52AA,0x52AA,0x52AA,0x52AA,0x52AA,
  0x52AA,0x52AA,0x10A3,0x0000,0x0000,0x0000,0x0000,0x0000,0x0000,0x0000,0x0000,0xF81F,
  0x10A3,0x0000,0x0000,0x0000,0x0000,0x0000,0x0000,0x0000,0x0000,0x52AA,0x52AA,0x52AA,
  0x52AA,0x52AA,0x52AA,0x52AA,0x52AA,0x52AA,0xAD55,0xAD55,0xAD55,0xAD55,0xAD55,0xAD55,
  0xAD55,0xAD55,0xAD55,0xAD55,0xAD55,0xAD55,0xAD55,0xAD55,0xAD55,0xAD55,0xAD55,0xAD55,
  0xAD55,0xAD55,0xAD55,0xAD55,0xAD55,0xAD55,0xAD55,0xAD55,0xAD55,0xAD55,0xAD55,0xAD55,
  0xAD55,0xAD55,0xAD55,0xAD55,0xAD55,0xAD55,0xAD55,0xAD55,0xAD55,0xAD55,0xAD55,0xAD55,
  0xAD55,0xAD55,0xAD55,0xAD55,0xAD55,0xAD55,0xAD55,0xAD55,0xAD55,0xAD55,0xAD55,0xAD55,
  0xAD55,0xAD55,0xAD55,0xAD55,0xAD55,0xAD55,0xAD55,0xAD55,0xAD55,0xAD55,0xAD55,0xAD55,
  0xAD55,0xAD55,0xAD55,0xAD55,0xAD55,0xAD55,0xAD55,0xAD55,0xAD55,0xAD55,0xAD55,0xAD55,
  0xAD55,0xAD55,0xAD55,0xAD55,0xAD55,0xAD55,0xAD55,0xAD55,0xAD55,0xAD55,0xAD55,0xAD55,
  0xAD55,0xAD55,0xAD55,0xAD55,0xAD55,0xAD55,0xAD55,0xAD55,0xAD55,0xAD55,0xAD55,0xAD55,
  0xAD55,0xAD55,0xAD55,0xAD55,0xAD55,0xAD55,0xAD55,0xAD55,0xAD55,0xAD55,0x52AA,0x52AA,
  0x52AA,0x52AA,0x52AA,0x52AA,0x52AA,0x52AA,0x52AA,0x10A3,0x0000,0x0000,0x0000,0x0000,
  0x0000,0x0000,0x0000,0x52AA,0xF81F,0xF81F,0xF81F,0xF81F,0xF81F,0xF81F,0xF81F,0xF81F,
  0xF81F,0xF81F,0xF81F,0xF81F,0xF81F,0xF81F,0xF81F,0xF81F,0x10A3,0x10A3,0x0000,0x0000,
  0x0000,0x0000,0x0000,0x0000,0x0000,0x0000,0x52AA,0x52AA,0x52AA,0x52AA,0x52AA,0x52AA,
  0x52AA,0x52AA,0x10A3,0x0000,0x0000,0x0000,0x0000,0x0000,0x0000,0x0000,0x0000,0xF81F,
  0x10A3,0x0000,0x0000,0x0000,0x0000,0x0000,0x0000,0x0000,0x0000,0x52AA,0x52AA,0x52AA,
  0x52AA,0x52AA,0x52AA,0x52AA,0x52AA,0x52AA,0xAD55,0xAD55,0xAD55,0xAD55,0xAD55,0xAD55,
  0xAD55,0xAD55,0xAD55,0xAD55,0xAD55,0xAD55,0xAD55,0xAD55,0xAD55,0xAD55,0xAD55,0xAD55,
  0xAD55,0xAD55,0xAD55,0xAD55,0xAD55,0xAD55,0xAD55,0xAD55,0xAD55,0xAD55,0xAD55,0xAD55,
  0xAD55,0xAD55,0xAD55,0xAD55,0xAD55,0xAD55,0xAD55,0xAD55,0xAD55,0xAD55,0xAD55,0xAD55,
  0xAD55,0xAD55,0xAD55,0xAD55,0xAD55,0xAD55,0xAD55,0xAD55,0xAD55,0xAD55,0xAD55,0xAD55,
  0xAD55,0xAD55,0xAD55,0xAD55,0xAD55,0xAD55,0xAD55,0xAD55,0xAD55,0xAD55,0xAD55,0xAD55,
  0xAD55,0xAD55,0xAD55,0xAD55,0xAD55,0xAD55,0xAD55,0xAD55,0xAD55,0xAD55,0xAD55,0xAD55,
  0xAD55,0xAD55,0xAD55,0xAD55,0xAD55,0xAD55,0xAD55,0xAD55,0xAD55,0xAD55,0xAD55,0xAD55,
  0xAD55,0xAD55,0xAD55,0xAD55,0xAD55,0xAD55,0xAD55,0xAD55,0xAD55,0xAD55,0xAD55,0xAD55,
  0xAD55,0xAD55,0xAD55,0xAD55,0xAD55,0xAD55,0xAD55,0xAD55,0xAD55,0xAD55,0x52AA,0x52AA,
  0x52AA,0x52AA,0x52AA,0x52AA,0x52AA,0x52AA,0x52AA,0x10A3,0x0000,0x0000,0x0000,0x0000,
  0x0000,0x0000,0x0000,0x52AA,0xF81F,0xF81F,0xF81F,0xF81F,0xF81F,0xF81F,0xF81F,0xF81F,
  0xF81F,0xF81F,0xF81F,0xF81F,0xF81F,0xF81F,0xF81F,0xF81F,0x10A3,0x10A3,0x0000,0x0000,
  0x0000,0x0000,0x0000,0x0000,0x0000,0x0000,0x52AA,0x52AA,0x52AA,0x52AA,0x52AA,0x52AA,
  0x52AA,0x52AA,0x10A3,0x0000,0x0000,0x0000,0x0000,0x0000,0x0000,0x0000,0x0000,0xF81F,
  0x10A3,0x0000,0x0000,0x0000,0x0000,0x0000,0x0000,0x0000,0x0000,0x52AA,0x52AA,0x52AA,
  0x52AA,0x52AA,0x52AA,0x52AA,0x52AA,0x52AA,0xAD55,0xAD55,0xAD55,0xAD55,0xAD55,0xAD55,
  0xAD55,0xAD55,0xAD55,0xAD55,0xAD55,0xAD55,0xAD55,0xAD55,0xAD55,0xAD55,0xAD55,0xAD55,
  0xAD55,0xAD55,0xAD55,0xAD55,0xAD55,0xAD55,0xAD55,0xAD55,0xAD55,0xAD55,0xAD55,0xAD55,
  0xAD55,0xAD55,0xAD55,0xAD55,0xAD55,0xAD55,0xAD55,0xAD55,0xAD55,0xAD55,0xAD55,0xAD55,
  0xAD55,0xAD55,0xAD55,0xAD55,0xAD55,0xAD55,0xAD55,0xAD55,0xAD55,0xAD55,0xAD55,0xAD55,
  0xAD55,0xAD55,0xAD55,0xAD55,0xAD55,0xAD55,0xAD55,0xAD55,0xAD55,0xAD55,0xAD55,0xAD55,
  0xAD55,0xAD55,0xAD55,0xAD55,0xAD55,0xAD55,0xAD55,0xAD55,0xAD55,0xAD55,0xAD55,0xAD55,
  0xAD55,0xAD55,0xAD55,0xAD55,0xAD55,0xAD55,0xAD55,0xAD55,0xAD55,0xAD55,0xAD55,0xAD55,
  0xAD55,0xAD55,0xAD55,0xAD55,0xAD55,0xAD55,0xAD55,0xAD55,0xAD55,0xAD55,0xAD55,0xAD55,
  0xAD55,0xAD55,0xAD55,0xAD55,0xAD55,0xAD55,0xAD55,0xAD55,0xAD55,0xAD55,0x52AA,0x52AA,
  0x52AA,0x52AA,0x52AA,0x52AA,0x52AA,0x52AA,0x52AA,0x10A3,0x0000,0x0000,0x0000,0x0000,
  0x0000,0x0000,0x0000,0x52AA,0xF81F,0xF81F,0xF81F,0xF81F,0xF81F,0xF81F,0xF81F,0xF81F,
  0xF81F,0xF81F,0xF81F,0xF81F,0xF81F,0xF81F,0xF81F,0xF81F,0xF81F,0x10A3,0x0000,0x0000,
  0x0000,0x0000,0x0000,0x0000,0x0000,0x0000,0x52AA,0x52AA,0x52AA,0x52AA,0x52AA,0x52AA,
  0x52AA,0x52AA,0x10A3,0x0000,0x0000,0x0000,0x0000,0x0000,0x0000,0x0000,0x0000,0xF81F,
  0x10A3,0x0000,0x0000,0x0000,0x0000,0x0000,0x0000,0x0000,0x0000,0x52AA,0x52AA,0x52AA,
  0x52AA,0x52AA,0x52AA,0x52AA,0x52AA,0x52AA,0xAD55,0xAD55,0xAD55,0xAD55,0xAD55,0xAD55,
  0xAD55,0xAD55,0xAD55,0xAD55,0xAD55,0xAD55,0xAD55,0xAD55,0xAD55,0xAD55,0xAD55,0xAD55,
  0xAD55,0xAD55,0xAD55,0xAD55,0xAD55,0xAD55,0xAD55,0xAD55,0xAD55,0xAD55,0xAD55,0xAD55,
  0xAD55,0xAD55,0xAD55,0xAD55,0xAD55,0xAD55,0xAD55,0xAD55,0xAD55,0xAD55,0xAD55,0xAD55,
  0xAD55,0xAD55,0xAD55,0xAD55,0xAD55,0xAD55,0xAD55,0xAD55,0xAD55,0xAD55,0xAD55,0xAD55,
  0xAD55,0xAD55,0xAD55,0xAD55,0xAD55,0xAD55,0xAD55,0xAD55,0xAD55,0xAD55,0xAD55,0xAD55,
  0xAD55,0xAD55,0xAD55,0xAD55,0xAD55,0xAD55,0xAD55,0xAD55,0xAD55,0xAD55,0xAD55,0xAD55,
  0xAD55,0xAD55,0xAD55,0xAD55,0xAD55,0xAD55,0xAD55,0xAD55,0xAD55,0xAD55,0xAD55,0xAD55,
  0xAD55,0xAD55,0xAD55,0xAD55,0xAD55,0xAD55,0xAD55,0xAD55,0xAD55,0xAD55,0xAD55,0xAD55,
  0xAD55,0xAD55,0xAD55,0xAD55,0xAD55,0xAD55,0xAD55,0xAD55,0xAD55,0xAD55,0x52AA,0x52AA,
  0x52AA,0x52AA,0x52AA,0x52AA,0x52AA,0x52AA,0x52AA,0x10A3,0x0000,0x0000,0x0000,0x0000,
  0x0000,0x0000,0x0000,0x52AA,0xF81F,0xF81F,0xF81F,0xF81F,0xF81F,0xF81F,0xF81F,0xF81F,
  0xF81F,0xF81F,0xF81F,0xF81F,0xF81F,0xF81F,0xF81F,0xF81F,0x10A3,0x10A3,0x0000,0x0000,
  0x0000,0x0000,0x0000,0x0000,0x0000,0x0000,0x52AA,0x52AA,0x52AA,0x52AA,0x52AA,0x52AA,
  0x52AA,0x52AA,0x10A3,0x0000,0x0000,0x0000,0x0000,0x0000,0x0000,0x0000,0x0000,0xF81F,
  0x10A3,0x0000,0x0000,0x0000,0x0000,0x0000,0x0000,0x0000,0x0000,0x52AA,0x52AA,0x52AA,
  0x52AA,0x52AA,0x52AA,0x52AA,0x52AA,0x52AA,0xAD55,0xAD55,0xAD55,0xAD55,0xAD55,0xAD55,
  0xAD55,0xAD55,0xAD55,0xAD55,0xAD55,0xAD55,0xAD55,0xAD55,0xAD55,0xAD55,0xAD55,0xAD55,
  0xAD55,0xAD55,0xAD55,0xAD55,0xAD55,0xAD55,0xAD55,0xAD55,0xAD55,0xAD55,0xAD55,0xAD55,
  0xAD55,0xAD55,0xAD55,0xAD55,0xAD55,0xAD55,0xAD55,0xAD55,0xAD55,0xAD55,0xAD55,0xAD55,
  0xAD55,0xAD55,0xAD55,0xAD55,0xAD55,0xAD55,0xAD55,0xAD55,0xAD55,0xAD55,0xAD55,0xAD55,
  0xAD55,0xAD55,0xAD55,0xAD55,0xAD55,0xAD55,0xAD55,0xAD55,0xAD55,0xAD55,0xAD55,0xAD55,
  0xAD55,0xAD55,0xAD55,0xAD55,0xAD55,0xAD55,0xAD55,0xAD55,0xAD55,0xAD55,0xAD55,0xAD55,
  0xAD55,0xAD55,0xAD55,0xAD55,0xAD55,0xAD55,0xAD55,0xAD55,0xAD55,0xAD55,0xAD55,0xAD55,
  0xAD55,0xAD55,0xAD55,0xAD55,0xAD55,0xAD55,0xAD55,0xAD55,0xAD55,0xAD55,0xAD55,0xAD55,
  0xAD55,0xAD55,0xAD55,0xAD55,0xAD55,0xAD55,0xAD55,0xAD55,0xAD55,0xAD55,0x52AA,0x52AA,
  0x52AA,0x52AA,0x52AA,0x52AA,0x52AA,0x52AA,0x52AA,0x10A3,0x0000,0x0000,0x0000,0x0000,
  0x0000,0x0000,0x0000,0x52AA,0xF81F,0xF81F,0xF81F,0xF81F,0xF81F,0xF81F,0xF81F,0xF81F,
  0xF81F,0xF81F,0xF81F,0xF81F,0xF81F,0xF81F,0xF81F,0xF81F,0x10A3,0x10A3,0x0000,0x0000,
  0x0000,0x0000,0x0000,0x0000,0x0000,0x0000,0x52AA,0x52AA,0x52AA,0x52AA,0x52AA,0x52AA,
  0x52AA,0x52AA,0x52AA,0x0000,0x0000,0x0000,0x0000,0x0000,0x0000,0x0000,0x0000,0xF81F,
  0x10A3,0x0000,0x0000,0x0000,0x0000,0x0000,0x0000,0x0000,0x0000,0x52AA,0x52AA,0x52AA,
  0x52AA,0x52AA,0x52AA,0x52AA,0x52AA,0x52AA,0xAD55,0xAD55,0xAD55,0xAD55,0xAD55,0xAD55,
  0xAD55,0xAD55,0xAD55,0xAD55,0xAD55,0xAD55,0xAD55,0xAD55,0xAD55,0xAD55,0xAD55,0xAD55,
  0xAD55,0xAD55,0xAD55,0xAD55,0xAD55,0xAD55,0xAD55,0xAD55,0xAD55,0xAD55,0xAD55,0xAD55,
  0xAD55,0xAD55,0xAD55,0xAD55,0xAD55,0xAD55,0xAD55,0xAD55,0xAD55,0xAD55,0xAD55,0xAD55,
  0xAD55,0xAD55,0xAD55,0xAD55,0xAD55,0xAD55,0xAD55,0xAD55,0xAD55,0xAD55,0xAD55,0xAD55,
  0xAD55,0xAD55,0xAD55,0xAD55,0xAD55,0xAD55,0xAD55,0xAD55,0xAD55,0xAD55,0xAD55,0xAD55,
  0xAD55,0xAD55,0xAD55,0xAD55,0xAD55,0xAD55,0xAD55,0xAD55,0xAD55,0xAD55,0xAD55,0xAD55,
  0xAD55,0xAD55,0xAD55,0xAD55,0xAD55,0xAD55,0xAD55,0xAD55,0xAD55,0xAD55,0xAD55,0xAD55,
  0xAD55,0xAD55,0xAD55,0xAD55,0xAD55,0xAD55,0xAD55,0xAD55,0xAD55,0xAD55,0xAD55,0xAD55,
  0xAD55,0xAD55,0xAD55,0xAD55,0xAD55,0xAD55,0xAD55,0xAD55,0xAD55,0xAD55,0x52AA,0x52AA,
  0x52AA,0x52AA,0x52AA,0x52AA,0x52AA,0x52AA,0x52AA,0x10A3,0x0000,0x0000,0x0000,0x0000,
  0x0000,0x0000,0x0000,0x52AA,0xF81F,0xF81F,0xF81F,0xF81F,0xF81F,0xF81F,0xF81F,0xF81F,
  0xF81F,0xF81F,0xF81F,0xF81F,0xF81F,0xF81F,0xF81F,0xF81F,0x10A3,0x10A3,0x0000,0x0000,
  0x0000,0x0000,0x0000,0x0000,0x0000,0x0000,0x52AA,0x52AA,0x52AA,0x52AA,0x52AA,0x52AA,
  0x52AA,0x52AA,0x0000,0x0000,0x0000,0x0000,0x0000,0x0000,0x0000,0x0000,0x0000,0xF81F,
  0x10A3,0x0000,0x0000,0x0000,0x0000,0x0000,0x0000,0x0000,0x0000,0xAD55,0xAD55,0xAD55,
  0xAD55,0xAD55,0xAD55,0xAD55,0xAD55,0xAD55,0xAD55,0xAD55,0xAD55,0xAD55,0xAD55,0xAD55,
  0xAD55,0xAD55,0xAD55,0xAD55,0xAD55,0xAD55,0xAD55,0xAD55,0xAD55,0xAD55,0xAD55,0x10A3,
  0x10A3,0x10A3,0x10A3,0x10A3,0x10A3,0x10A3,0x10A3,0x10A3,0xAD55,0xAD55,0xAD55,0xAD55,
  0xAD55,0xAD55,0xAD55,0xAD55,0xAD55,0xAD55,0xAD55,0xAD55,0xAD55,0xAD55,0xAD55,0xAD55,
  0xAD55,0xAD55,0xAD55,0xAD55,0xAD55,0xAD55,0xAD55,0xAD55,0xAD55,0xAD55,0xAD55,0xAD55,
  0xAD55,0xAD55,0xAD55,0xAD55,0xAD55,0xAD55,0xAD55,0xAD55,0xAD55,0xAD55,0xAD55,0xAD55,
  0xAD55,0xAD55,0xAD55,0xAD55,0xAD55,0xAD55,0xAD55,0xAD55,0xAD55,0xAD55,0xAD55,0xAD55,
  0xAD55,0xAD55,0xAD55,0xAD55,0xAD55,0xAD55,0xAD55,0xAD55,0xAD55,0x10A3,0x10A3,0x10A3,
  0x10A3,0x10A3,0x10A3,0x10A3,0x10A3,0xAD55,0xAD55,0xAD55,0xAD55,0xAD55,0xAD55,0xAD55,
  0xAD55,0xAD55,0xAD55,0xAD55,0xAD55,0xAD55,0xAD55,0xAD55,0xAD55,0xAD55,0xAD55,0xAD55,
  0xAD55,0xAD55,0xAD55,0xAD55,0xAD55,0xAD55,0xAD55,0x0000,0x0000,0x0000,0x0000,0x0000,
  0x0000,0x0000,0x0000,0x52AA,0xF81F,0xF81F,0xF81F,0xF81F,0xF81F,0xF81F,0xF81F,0xF81F,
  0xF81F,0xF81F,0xF81F,0xF81F,0xF81F,0xF81F,0xF81F,0xF81F,0x10A3,0x10A3,0x0000,0x0000,
  0x0000,0x0000,0x0000,0x0000,0x0000,0x0000,0xAD55,0xAD55,0xAD55,0xAD55,0xAD55,0xAD55,
  0xAD55,0xAD55,0x0000,0x0000,0x0000,0x0000,0x0000,0x0000,0x0000,0x0000,0x0000,0xF81F,
  0x10A3,0x0000,0x0000,0x0000,0x0000,0x0000,0x0000,0x0000,0x0000,0xAD55,0xAD55,0xAD55,
  0xAD55,0xAD55,0xAD55,0xAD55,0xAD55,0xAD55,0xAD55,0xAD55,0xAD55,0xAD55,0xAD55,0xAD55,
  0xAD55,0xAD55,0xAD55,0xAD55,0xAD55,0xAD55,0xAD55,0xAD55,0xAD55,0xAD55,0xAD55,0x0000,
  0x0000,0x0000,0x0000,0x0000,0x0000,0x0000,0x0000,0x0000,0xAD55,0xAD55,0xAD55,0xAD55,
  0xAD55,0xAD55,0xAD55,0xAD55,0xAD55,0xAD55,0xAD55,0xAD55,0xAD55,0xAD55,0xAD55,0xAD55,
  0xAD55,0xAD55,0xAD55,0xAD55,0xAD55,0xAD55,0xAD55,0xAD55,0xAD55,0xAD55,0xAD55,0xAD55,
  0xAD55,0xAD55,0xAD55,0xAD55,0xAD55,0xAD55,0xAD55,0xAD55,0xAD55,0xAD55,0xAD55,0xAD55,
  0xAD55,0xAD55,0xAD55,0xAD55,0xAD55,0xAD55,0xAD55,0xAD55,0xAD55,0xAD55,0xAD55,0xAD55,
  0xAD55,0xAD55,0xAD55,0xAD55,0xAD55,0xAD55,0xAD55,0xAD55,0xAD55,0x0000,0x0000,0x0000,
  0x0000,0x0000,0x0000,0x0000,0x0000,0xAD55,0xAD55,0xAD55,0xAD55,0xAD55,0xAD55,0xAD55,
  0xAD55,0xAD55,0xAD55,0xAD55,0xAD55,0xAD55,0xAD55,0xAD55,0xAD55,0xAD55,0xAD55,0xAD55,
  0xAD55,0xAD55,0xAD55,0xAD55,0xAD55,0xAD55,0xAD55,0x0000,0x0000,0x0000,0x0000,0x0000,
  0x0000,0x0000,0x0000,0x52AA,0xF81F,0xF81F,0xF81F,0xF81F,0xF81F,0xF81F,0xF81F,0xF81F,
  0xF81F,0xF81F,0xF81F,0xF81F,0xF81F,0xF81F,0xF81F,0xF81F,0x10A3,0x10A3,0x0000,0x0000,
  0x0000,0x0000,0x0000,0x0000,0x0000,0x0000,0xAD55,0xAD55,0xAD55,0xAD55,0xAD55,0xAD55,
  0xAD55,0xAD55,0xAD55,0x0000,0x0000,0x0000,0x0000,0x0000,0x0000,0x0000,0x0000,0xF81F,
  0x10A3,0x0000,0x0000,0x0000,0x0000,0x0000,0x0000,0x0000,0x0000,0xAD55,0xAD55,0xAD55,
  0xAD55,0xAD55,0xAD55,0xAD55,0xAD55,0xAD55,0xAD55,0xAD55,0xAD55,0xAD55,0xAD55,0xAD55,
  0xAD55,0xAD55,0xAD55,0xAD55,0xAD55,0xAD55,0xAD55,0xAD55,0xAD55,0xAD55,0xAD55,0x0000,
  0x0000,0x0000,0x0000,0x0000,0x0000,0x0000,0x0000,0x0000,0xAD55,0xAD55,0xAD55,0xAD55,
  0xAD55,0xAD55,0xAD55,0xAD55,0xAD55,0xAD55,0xAD55,0xAD55,0xAD55,0xAD55,0xAD55,0xAD55,
  0xAD55,0xAD55,0xAD55,0xAD55,0xAD55,0xAD55,0xAD55,0xAD55,0xAD55,0xAD55,0xAD55,0xAD55,
  0xAD55,0xAD55,0xAD55,0xAD55,0xAD55,0xAD55,0xAD55,0xAD55,0xAD55,0xAD55,0xAD55,0xAD55,
  0xAD55,0xAD55,0xAD55,0xAD55,0xAD55,0xAD55,0xAD55,0xAD55,0xAD55,0xAD55,0xAD55,0xAD55,
  0xAD55,0xAD55,0xAD55,0xAD55,0xAD55,0xAD55,0xAD55,0xAD55,0xAD55,0x0000,0x0000,0x0000,
  0x0000,0x0000,0x0000,0x0000,0x0000,0xAD55,0xAD55,0xAD55,0xAD55,0xAD55,0xAD55,0xAD55,
  0xAD55,0xAD55,0xAD55,0xAD55,0xAD55,0xAD55,0xAD55,0xAD55,0xAD55,0xAD55,0xAD55,0xAD55,
  0xAD55,0xAD55,0xAD55,0xAD55,0xAD55,0xAD55,0xAD55,0x0000,0x0000,0x0000,0x0000,0x0000,
  0x0000,0x0000,0x0000,0x52AA,0xF81F,0xF81F,0xF81F,0xF81F,0xF81F,0xF81F,0xF81F,0xF81F,
  0xF81F,0xF81F,0xF81F,0xF81F,0xF81F,0xF81F,0xF81F,0xF81F,0x10A3,0x10A3,0x0000,0x0000,
  0x0000,0x0000,0x0000,0x0000,0x0000,0x0000,0xAD55,0xAD55,0xAD55,0xAD55,0xAD55,0xAD55,
  0xAD55,0xAD55,0xAD55,0x0000,0x0000,0x0000,0x0000,0x0000,0x0000,0x0000,0x0000,0xF81F,
  0x10A3,0x0000,0x0000,0x0000,0x0000,0x0000,0x0000,0x0000,0x0000,0xAD55,0xAD55,0xAD55,
  0xAD55,0xAD55,0xAD55,0xAD55,0xAD55,0xAD55,0xAD55,0xAD55,0xAD55,0xAD55,0xAD55,0xAD55,
  0xAD55,0xAD55,0xAD55,0xAD55,0xAD55,0xAD55,0xAD55,0xAD55,0xAD55,0xAD55,0xAD55,0x0000,
  0x0000,0x0000,0x0000,0x0000,0x0000,0x0000,0x0000,0x0000,0xAD55,0xAD55,0xAD55,0xAD55,
  0xAD55,0xAD55,0xAD55,0xAD55,0xAD55,0xAD55,0xAD55,0xAD55,0xAD55,0xAD55,0xAD55,0xAD55,
  0xAD55,0xAD55,0xAD55,0xAD55,0xAD55,0xAD55,0xAD55,0xAD55,0xAD55,0xAD55,0xAD55,0xAD55,
  0xAD55,0xAD55,0xAD55,0xAD55,0xAD55,0xAD55,0xAD55,0xAD55,0xAD55,0xAD55,0xAD55,0xAD55,
  0xAD55,0xAD55,0xAD55,0xAD55,0xAD55,0xAD55,0xAD55,0xAD55,0xAD55,0xAD55,0xAD55,0xAD55,
  0xAD55,0xAD55,0xAD55,0xAD55,0xAD55,0xAD55,0xAD55,0xAD55,0xAD55,0x0000,0x0000,0x0000,
  0x0000,0x0000,0x0000,0x0000,0x0000,0xAD55,0xAD55,0xAD55,0xAD55,0xAD55,0xAD55,0xAD55,
  0xAD55,0xAD55,0xAD55,0xAD55,0xAD55,0xAD55,0xAD55,0xAD55,0xAD55,0xAD55,0xAD55,0xAD55,
  0xAD55,0xAD55,0xAD55,0xAD55,0xAD55,0xAD55,0xAD55,0x0000,0x0000,0x0000,0x0000,0x0000,
  0x0000,0x0000,0x0000,0x52AA,0xF81F,0xF81F,0xF81F,0xF81F,0xF81F,0xF81F,0xF81F,0xF81F,
  0xF81F,0xF81F,0xF81F,0xF81F,0xF81F,0xF81F,0xF81F,0xF81F,0x10A3,0x10A3,0x0000,0x0000,
  0x0000,0x0000,0x0000,0x0000,0x0000,0x0000,0xAD55,0xAD55,0xAD55,0xAD55,0xAD55,0xAD55,
  0xAD55,0xAD55,0xAD55,0x0000,0x0000,0x0000,0x0000,0x0000,0x0000,0x0000,0x0000,0xF81F,
  0x10A3,0x0000,0x0000,0x0000,0x0000,0x0000,0x0000,0x0000,0x0000,0xAD55,0xAD55,0xAD55,
  0xAD55,0xAD55,0xAD55,0xAD55,0xAD55,0xAD55,0xAD55,0xAD55,0xAD55,0xAD55,0xAD55,0xAD55,
  0xAD55,0xAD55,0xAD55,0xAD55,0xAD55,0xAD55,0xAD55,0xAD55,0xAD55,0xAD55,0xAD55,0x0000,
  0x0000,0x0000,0x0000,0x0000,0x0000,0x0000,0x0000,0x0000,0xAD55,0xAD55,0xAD55,0xAD55,
  0xAD55,0xAD55,0xAD55,0xAD55,0xAD55,0xAD55,0xAD55,0xAD55,0xAD55,0xAD55,0xAD55,0xAD55,
  0xAD55,0xAD55,0xAD55,0xAD55,0xAD55,0xAD55,0xAD55,0xAD55,0xAD55,0xAD55,0xAD55,0xAD55,
  0xAD55,0xAD55,0xAD55,0xAD55,0xAD55,0xAD55,0xAD55,0xAD55,0xAD55,0xAD55,0xAD55,0xAD55,
  0xAD55,0xAD55,0xAD55,0xAD55,0xAD55,0xAD55,0xAD55,0xAD55,0xAD55,0xAD55,0xAD55,0xAD55,
  0xAD55,0xAD55,0xAD55,0xAD55,0xAD55,0xAD55,0xAD55,0xAD55,0xAD55,0x0000,0x0000,0x0000,
  0x0000,0x0000,0x0000,0x0000,0x0000,0xAD55,0xAD55,0xAD55,0xAD55,0xAD55,0xAD55,0xAD55,
  0xAD55,0xAD55,0xAD55,0xAD55,0xAD55,0xAD55,0xAD55,0xAD55,0xAD55,0xAD55,0xAD55,0xAD55,
  0xAD55,0xAD55,0xAD55,0xAD55,0xAD55,0xAD55,0xAD55,0x0000,0x0000,0x0000,0x0000,0x0000,
  0x0000,0x0000,0x0000,0x52AA,0xF81F,0xF81F,0xF81F,0xF81F,0xF81F,0xF81F,0xF81F,0xF81F,
  0xF81F,0xF81F,0xF81F,0xF81F,0xF81F,0xF81F,0xF81F,0xF81F,0x10A3,0x10A3,0x0000,0x0000,
  0x0000,0x0000,0x0000,0x0000,0x0000,0x0000,0xAD55,0xAD55,0xAD55,0xAD55,0xAD55,0xAD55,
  0xAD55,0xAD55,0xAD55,0x0000,0x0000,0x0000,0x0000,0x0000,0x0000,0x0000,0x0000,0xF81F,
  0x10A3,0x0000,0x0000,0x0000,0x0000,0x0000,0x0000,0x0000,0x0000,0xAD55,0xAD55,0xAD55,
  0xAD55,0xAD55,0xAD55,0xAD55,0xAD55,0xAD55,0xAD55,0xAD55,0xAD55,0xAD55,0xAD55,0xAD55,
  0xAD55,0xAD55,0xAD55,0xAD55,0xAD55,0xAD55,0xAD55,0xAD55,0xAD55,0xAD55,0xAD55,0x0000,
  0x0000,0x0000,0x0000,0x0000,0x0000,0x0000,0x0000,0x0000,0xAD55,0xAD55,0xAD55,0xAD55,
  0xAD55,0xAD55,0xAD55,0xAD55,0xAD55,0xAD55,0xAD55,0xAD55,0xAD55,0xAD55,0xAD55,0xAD55,
  0xAD55,0xAD55,0xAD55,0xAD55,0xAD55,0xAD55,0xAD55,0xAD55,0xAD55,0xAD55,0xAD55,0xAD55,
  0xAD55,0xAD55,0xAD55,0xAD55,0xAD55,0xAD55,0xAD55,0xAD55,0xAD55,0xAD55,0xAD55,0xAD55,
  0xAD55,0xAD55,0xAD55,0xAD55,0xAD55,0xAD55,0xAD55,0xAD55,0xAD55,0xAD55,0xAD55,0xAD55,
  0xAD55,0xAD55,0xAD55,0xAD55,0xAD55,0xAD55,0xAD55,0xAD55,0xAD55,0x0000,0x0000,0x0000,
  0x0000,0x0000,0x0000,0x0000,0x0000,0xAD55,0xAD55,0xAD55,0xAD55,0xAD55,0xAD55,0xAD55,
  0xAD55,0xAD55,0xAD55,0xAD55,0xAD55,0xAD55,0xAD55,0xAD55,0xAD55,0xAD55,0xAD55,0xAD55,
  0xAD55,0xAD55,0xAD55,0xAD55,0xAD55,0xAD55,0xAD55,0x0000,0x0000,0x0000,0x0000,0x0000,
  0x0000,0x0000,0x0000,0x52AA,0xF81F,0xF81F,0xF81F,0xF81F,0xF81F,0xF81F,0xF81F,0xF81F,
  0xF81F,0xF81F,0xF81F,0xF81F,0xF81F,0xF81F,0xF81F,0xF81F,0x10A3,0x10A3,0x0000,0x0000,
  0x0000,0x0000,0x0000,0x0000,0x0000,0x0000,0xAD55,0xAD55,0xAD55,0xAD55,0xAD55,0xAD55,
  0xAD55,0xAD55,0xAD55,0x0000,0x0000,0x0000,0x0000,0x0000,0x0000,0x0000,0x0000,0xF81F,
  0x10A3,0x0000,0x0000,0x0000,0x0000,0x0000,0x0000,0x0000,0x0000,0xAD55,0xAD55,0xAD55,
  0xAD55,0xAD55,0xAD55,0xAD55,0xAD55,0xAD55,0xAD55,0xAD55,0xAD55,0xAD55,0xAD55,0xAD55,
  0xAD55,0xAD55,0xAD55,0xAD55,0xAD55,0xAD55,0xAD55,0xAD55,0xAD55,0xAD55,0xAD55,0x0000,
  0x0000,0x0000,0x0000,0x0000,0x0000,0x0000,0x0000,0x0000,0xAD55,0xAD55,0xAD55,0xAD55,
  0xAD55,0xAD55,0xAD55,0xAD55,0xAD55,0xAD55,0xAD55,0xAD55,0xAD55,0xAD55,0xAD55,0xAD55,
  0xAD55,0xAD55,0xAD55,0xAD55,0xAD55,0xAD55,0xAD55,0xAD55,0xAD55,0xAD55,0xAD55,0xAD55,
  0xAD55,0xAD55,0xAD55,0xAD55,0xAD55,0xAD55,0xAD55,0xAD55,0xAD55,0xAD55,0xAD55,0xAD55,
  0xAD55,0xAD55,0xAD55,0xAD55,0xAD55,0xAD55,0xAD55,0xAD55,0xAD55,0xAD55,0xAD55,0xAD55,
  0xAD55,0xAD55,0xAD55,0xAD55,0xAD55,0xAD55,0xAD55,0xAD55,0xAD55,0x0000,0x0000,0x0000,
  0x0000,0x0000,0x0000,0x0000,0x0000,0xAD55,0xAD55,0xAD55,0xAD55,0xAD55,0xAD55,0xAD55,
  0xAD55,0xAD55,0xAD55,0xAD55,0xAD55,0xAD55,0xAD55,0xAD55,0xAD55,0xAD55,0xAD55,0xAD55,
  0xAD55,0xAD55,0xAD55,0xAD55,0xAD55,0xAD55,0xAD55,0x0000,0x0000,0x0000,0x0000,0x0000,
  0x0000,0x0000,0x0000,0x52AA,0xF81F,0xF81F,0xF81F,0xF81F,0xF81F,0xF81F,0xF81F,0xF81F,
  0xF81F,0xF81F,0xF81F,0xF81F,0xF81F,0xF81F,0xF81F,0xF81F,0x10A3,0x10A3,0x0000,0x0000,
  0x0000,0x0000,0x0000,0x0000,0x0000,0x0000,0xAD55,0xAD55,0xAD55,0xAD55,0xAD55,0xAD55,
  0xAD55,0xAD55,0xAD55,0x0000,0x0000,0x0000,0x0000,0x0000,0x0000,0x0000,0x0000,0xF81F,
  0x10A3,0x0000,0x0000,0x0000,0x0000,0x0000,0x0000,0x0000,0x0000,0xAD55,0xAD55,0xAD55,
  0xAD55,0xAD55,0xAD55,0xAD55,0xAD55,0xAD55,0xAD55,0xAD55,0xAD55,0xAD55,0xAD55,0xAD55,
  0xAD55,0xAD55,0xAD55,0xAD55,0xAD55,0xAD55,0xAD55,0xAD55,0xAD55,0xAD55,0xAD55,0x0000,
  0x0000,0x0000,0x0000,0x0000,0x0000,0x0000,0x0000,0x0000,0xAD55,0xAD55,0xAD55,0xAD55,
  0xAD55,0xAD55,0xAD55,0xAD55,0xAD55,0xAD55,0xAD55,0xAD55,0xAD55,0xAD55,0xAD55,0xAD55,
  0xAD55,0xAD55,0xAD55,0xAD55,0xAD55,0xAD55,0xAD55,0xAD55,0xAD55,0xAD55,0xAD55,0xAD55,
  0xAD55,0xAD55,0xAD55,0xAD55,0xAD55,0xAD55,0xAD55,0xAD55,0xAD55,0xAD55,0xAD55,0xAD55,
  0xAD55,0xAD55,0xAD55,0xAD55,0xAD55,0xAD55,0xAD55,0xAD55,0xAD55,0xAD55,0xAD55,0xAD55,
  0xAD55,0xAD55,0xAD55,0xAD55,0xAD55,0xAD55,0xAD55,0xAD55,0xAD55,0x0000,0x0000,0x0000,
  0x0000,0x0000,0x0000,0x0000,0x0000,0xAD55,0xAD55,0xAD55,0xAD55,0xAD55,0xAD55,0xAD55,
  0xAD55,0xAD55,0xAD55,0xAD55,0xAD55,0xAD55,0xAD55,0xAD55,0xAD55,0xAD55,0xAD55,0xAD55,
  0xAD55,0xAD55,0xAD55,0xAD55,0xAD55,0xAD55,0xAD55,0x0000,0x0000,0x0000,0x0000,0x0000,
  0x0000,0x0000,0x0000,0x52AA,0xF81F,0xF81F,0xF81F,0xF81F,0xF81F,0xF81F,0xF81F,0xF81F,
  0xF81F,0xF81F,0xF81F,0xF81F,0xF81F,0xF81F,0xF81F,0xF81F,0x10A3,0x10A3,0x0000,0x0000,
  0x0000,0x0000,0x0000,0x0000,0x0000,0x0000,0xAD55,0xAD55,0xAD55,0xAD55,0xAD55,0xAD55,
  0xAD55,0xAD55,0xAD55,0x0000,0x0000,0x0000,0x0000,0x0000,0x0000,0x0000,0x0000,0xF81F,
  0x10A3,0x0000,0x0000,0x0000,0x0000,0x0000,0x0000,0x0000,0x0000,0xAD55,0xAD55,0xAD55,
  0xAD55,0xAD55,0xAD55,0xAD55,0xAD55,0xAD55,0xAD55,0xAD55,0xAD55,0xAD55,0xAD55,0xAD55,
  0xAD55,0xAD55,0xAD55,0xAD55,0xAD55,0xAD55,0xAD55,0xAD55,0xAD55,0xAD55,0xAD55,0x0000,
  0x0000,0x0000,0x0000,0x0000,0x0000,0x0000,0x0000,0x0000,0xAD55,0xAD55,0xAD55,0xAD55,
  0xAD55,0xAD55,0xAD55,0xAD55,0xAD55,0xAD55,0xAD55,0xAD55,0xAD55,0xAD55,0xAD55,0xAD55,
  0xAD55,0xAD55,0xAD55,0xAD55,0xAD55,0xAD55,0xAD55,0xAD55,0xAD55,0xAD55,0xAD55,0xAD55,
  0xAD55,0xAD55,0xAD55,0xAD55,0xAD55,0xAD55,0xAD55,0xAD55,0xAD55,0xAD55,0xAD55,0xAD55,
  0xAD55,0xAD55,0xAD55,0xAD55,0xAD55,0xAD55,0xAD55,0xAD55,0xAD55,0xAD55,0xAD55,0xAD55,
  0xAD55,0xAD55,0xAD55,0xAD55,0xAD55,0xAD55,0xAD55,0xAD55,0xAD55,0x0000,0x0000,0x0000,
  0x0000,0x0000,0x0000,0x0000,0x0000,0xAD55,0xAD55,0xAD55,0xAD55,0xAD55,0xAD55,0xAD55,
  0xAD55,0xAD55,0xAD55,0xAD55,0xAD55,0xAD55,0xAD55,0xAD55,0xAD55,0xAD55,0xAD55,0xAD55,
  0xAD55,0xAD55,0xAD55,0xAD55,0xAD55,0xAD55,0xAD55,0x0000,0x0000,0x0000,0x0000,0x0000,
  0x0000,0x0000,0x0000,0x52AA,0xF81F,0xF81F,0xF81F,0xF81F,0xF81F,0xF81F,0xF81F,0xF81F,
  0xF81F,0xF81F,0xF81F,0xF81F,0xF81F,0xF81F,0xF81F,0xF81F,0x10A3,0x10A3,0x0000,0x0000,
  0x0000,0x0000,0x0000,0x0000,0x0000,0x0000,0xAD55,0xAD55,0xAD55,0xAD55,0xAD55,0xAD55,
  0xAD55,0xAD55,0xAD55,0x0000,0x0000,0x0000,0x0000,0x0000,0x0000,0x0000,0x0000,0xF81F,
  0x10A3,0x0000,0x0000,0x0000,0x0000,0x0000,0x0000,0x0000,0x0000,0x52AA,0x52AA,0x52AA,
  0x52AA,0x52AA,0x52AA,0x52AA,0x52AA,0x52AA,0xAD55,0xAD55,0xAD55,0xAD55,0xAD55,0xAD55,
  0xAD55,0xAD55,0xAD55,0xAD55,0xAD55,0xAD55,0xAD55,0xAD55,0xAD55,0xAD55,0xAD55,0x0000,
  0x0000,0x0000,0x0000,0x0000,0x0000,0x0000,0x0000,0x0000,0xAD55,0xAD55,0xAD55,0xAD55,
  0xAD55,0xAD55,0xAD55,0xAD55,0x10A3,0x0000,0x0000,0x0000,0x0000,0x0000,0x0000,0x0000,
  0x0000,0xAD55,0xAD55,0xAD55,0xAD55,0xAD55,0xAD55,0xAD55,0xAD55,0xAD55,0xAD55,0xAD55,
  0xAD55,0xAD55,0xAD55,0xAD55,0xAD55,0xAD55,0xAD55,0xAD55,0xAD55,0xAD55,0xAD55,0xAD55,
  0xAD55,0xAD55,0xAD55,0x10A3,0x0000,0x0000,0x0000,0x0000,0x0000,0x0000,0x0000,0x0000,
  0xAD55,0xAD55,0xAD55,0xAD55,0xAD55,0xAD55,0xAD55,0xAD55,0xAD55,0x0000,0x0000,0x0000,
  0x0000,0x0000,0x0000,0x0000,0x0000,0xAD55,0xAD55,0xAD55,0xAD55,0xAD55,0xAD55,0xAD55,
  0xAD55,0xAD55,0xAD55,0xAD55,0xAD55,0xAD55,0xAD55,0xAD55,0xAD55,0xAD55,0x52AA,0x52AA,
  0x52AA,0x52AA,0x52AA,0x52AA,0x52AA,0x52AA,0x52AA,0x10A3,0x0000,0x0000,0x0000,0x0000,
  0x0000,0x0000,0x0000,0x0000,0x0000,0x0000,0x0000,0x0000,0x0000,0x0000,0x0000,0x0000,
  0x0000,0x0000,0x0000,0x0000,0x0000,0x0000,0x0000,0x0000,0xF81F,0xAD55,0xAD55,0xAD55,
  0xAD55,0xAD55,0xAD55,0xAD55,0xAD55,0xAD55,0xAD55,0xAD55,0xAD55,0xAD55,0xAD55,0xAD55,
  0xAD55,0xAD55,0xAD55,0x0000,0x0000,0x0000,0x0000,0x0000,0x0000,0x0000,0x0000,0xF81F,
  0x10A3,0x0000,0x0000,0x0000,0x0000,0x0000,0x0000,0x0000,0x0000,0x52AA,0x52AA,0x52AA,
  0x52AA,0x52AA,0x52AA,0x52AA,0x52AA,0x52AA,0xAD55,0xAD55,0xAD55,0xAD55,0xAD55,0xAD55,
  0xAD55,0xAD55,0xAD55,0xAD55,0xAD55,0xAD55,0xAD55,0xAD55,0xAD55,0xAD55,0xAD55,0x0000,
  0x0000,0x0000,0x0000,0x0000,0x0000,0x0000,0x0000,0x0000,0xAD55,0xAD55,0xAD55,0xAD55,
  0xAD55,0xAD55,0xAD55,0xAD55,0x10A3,0x0000,0x0000,0x0000,0x0000,0x0000,0x0000,0x0000,
  0x0000,0x0000,0xAD55,0xAD55,0xAD55,0xAD55,0xAD55,0xAD55,0xAD55,0xAD55,0xAD55,0xAD55,
  0xAD55,0xAD55,0xAD55,0xAD55,0xAD55,0xAD55,0xAD55,0xAD55,0xAD55,0xAD55,0xAD55,0xAD55,
  0xAD55,0xAD55,0xAD55,0x10A3,0x0000,0x0000,0x0000,0x0000,0x0000,0x0000,0x0000,0x0000,
  0xAD55,0xAD55,0xAD55,0xAD55,0xAD55,0xAD55,0xAD55,0xAD55,0xAD55,0x0000,0x0000,0x0000,
  0x0000,0x0000,0x0000,0x0000,0x0000,0xAD55,0xAD55,0xAD55,0xAD55,0xAD55,0xAD55,0xAD55,
  0xAD55,0xAD55,0xAD55,0xAD55,0xAD55,0xAD55,0xAD55,0xAD55,0xAD55,0xAD55,0x52AA,0x52AA,
  0x52AA,0x52AA,0x52AA,0x52AA,0x52AA,0x52AA,0x52AA,0x10A3,0x0000,0x0000,0x0000,0x0000,
  0x0000,0x0000,0x0000,0x0000,0x0000,0x0000,0x0000,0x0000,0x0000,0x0000,0x0000,0x0000,
  0x0000,0x0000,0x0000,0x0000,0x0000,0x0000,0x0000,0x0000,0x0000,0xAD55,0xAD55,0xAD55,
  0xAD55,0xAD55,0xAD55,0xAD55,0xAD55,0xAD55,0xAD55,0xAD55,0xAD55,0xAD55,0xAD55,0xAD55,
  0xAD55,0xAD55,0xAD55,0x0000,0x0000,0x0000,0x0000,0x0000,0x0000,0x0000,0x0000,0xF81F,
  0x10A3,0x0000,0x0000,0x0000,0x0000,0x0000,0x0000,0x0000,0x0000,0x52AA,0x52AA,0x52AA,
  0x52AA,0x52AA,0x52AA,0x52AA,0x52AA,0x52AA,0xAD55,0xAD55,0xAD55,0xAD55,0xAD55,0xAD55,
  0xAD55,0xAD55,0xAD55,0xAD55,0xAD55,0xAD55,0xAD55,0xAD55,0xAD55,0xAD55,0xAD55,0x0000,
  0x0000,0x0000,0x0000,0x0000,0x0000,0x0000,0x0000,0x0000,0xAD55,0xAD55,0xAD55,0xAD55,
  0xAD55,0xAD55,0xAD55,0xAD55,0x10A3,0x0000,0x0000,0x0000,0x0000,0x0000,0x0000,0x0000,
  0x0000,0x0000,0xAD55,0xAD55,0xAD55,0xAD55,0xAD55,0xAD55,0xAD55,0xAD55,0xAD55,0xAD55,
  0xAD55,0xAD55,0xAD55,0xAD55,0xAD55,0xAD55,0xAD55,0xAD55,0xAD55,0xAD55,0xAD55,0xAD55,
  0xAD55,0xAD55,0xAD55,0x10A3,0x0000,0x0000,0x0000,0x0000,0x0000,0x0000,0x0000,0x0000,
  0xAD55,0xAD55,0xAD55,0xAD55,0xAD55,0xAD55,0xAD55,0xAD55,0xAD55,0x0000,0x0000,0x0000,
  0x0000,0x0000,0x0000,0x0000,0x0000,0xAD55,0xAD55,0xAD55,0xAD55,0xAD55,0xAD55,0xAD55,
  0xAD55,0xAD55,0xAD55,0xAD55,0xAD55,0xAD55,0xAD55,0xAD55,0xAD55,0xAD55,0x52AA,0x52AA,
  0x52AA,0x52AA,0x52AA,0x52AA,0x52AA,0x52AA,0x52AA,0x10A3,0x0000,0x0000,0x0000,0x0000,
  0x0000,0x0000,0x0000,0x0000,0x0000,0x0000,0x0000,0x0000,0x0000,0x0000,0x0000,0x0000,
  0x0000,0x0000,0x0000,0x0000,0x0000,0x0000,0x0000,0x0000,0x0000,0xAD55,0xAD55,0xAD55,
  0xAD55,0xAD55,0xAD55,0xAD55,0xAD55,0xAD55,0xAD55,0xAD55,0xAD55,0xAD55,0xAD55,0xAD55,
  0xAD55,0xAD55,0xAD55,0x0000,0x0000,0x0000,0x0000,0x0000,0x0000,0x0000,0x0000,0xF81F,
  0x10A3,0x0000,0x0000,0x0000,0x0000,0x0000,0x0000,0x0000,0x0000,0x52AA,0x52AA,0x52AA,
  0x52AA,0x52AA,0x52AA,0x52AA,0x52AA,0x52AA,0xAD55,0xAD55,0xAD55,0xAD55,0xAD55,0xAD55,
  0xAD55,0xAD55,0xAD55,0xAD55,0xAD55,0xAD55,0xAD55,0xAD55,0xAD55,0xAD55,0xAD55,0x0000,
  0x0000,0x0000,0x0000,0x0000,0x0000,0x0000,0x0000,0x0000,0xAD55,0xAD55,0xAD55,0xAD55,
  0xAD55,0xAD55,0xAD55,0xAD55,0x10A3,0x0000,0x0000,0x0000,0x0000,0x0000,0x0000,0x0000,
  0x0000,0x0000,0xAD55,0xAD55,0xAD55,0xAD55,0xAD55,0xAD55,0xAD55,0xAD55,0xAD55,0xAD55,
  0xAD55,0xAD55,0xAD55,0xAD55,0xAD55,0xAD55,0xAD55,0xAD55,0xAD55,0xAD55,0xAD55,0xAD55,
  0xAD55,0xAD55,0xAD55,0x10A3,0x0000,0x0000,0x0000,0x0000,0x0000,0x0000,0x0000,0x0000,
  0xAD55,0xAD55,0xAD55,0xAD55,0xAD55,0xAD55,0xAD55,0xAD55,0xAD55,0x0000,0x0000,0x0000,
  0x0000,0x0000,0x0000,0x0000,0x0000,0xAD55,0xAD55,0xAD55,0xAD55,0xAD55,0xAD55,0xAD55,
  0xAD55,0xAD55,0xAD55,0xAD55,0xAD55,0xAD55,0xAD55,0xAD55,0xAD55,0xAD55,0x52AA,0x52AA,
  0x52AA,0x52AA,0x52AA,0x52AA,0x52AA,0x52AA,0x52AA,0x10A3,0x0000,0x0000,0x0000,0x0000,
  0x0000,0x0000,0x0000,0x0000,0x0000,0x0000,0x0000,0x0000,0x0000,0x0000,0x0000,0x0000,
  0x0000,0x0000,0x0000,0x0000,0x0000,0x0000,0x0000,0x0000,0x0000,0xAD55,0xAD55,0xAD55,
  0xAD55,0xAD55,0xAD55,0xAD55,0xAD55,0xAD55,0xAD55,0xAD55,0xAD55,0xAD55,0xAD55,0xAD55,
  0xAD55,0xAD55,0xAD55,0x0000,0x0000,0x0000,0x0000,0x0000,0x0000,0x0000,0x0000,0xF81F,
  0x10A3,0x0000,0x0000,0x0000,0x0000,0x0000,0x0000,0x0000,0x0000,0x52AA,0x52AA,0x52AA,
  0x52AA,0x52AA,0x52AA,0x52AA,0x52AA,0x52AA,0xAD55,0xAD55,0xAD55,0xAD55,0xAD55,0xAD55,
  0xAD55,0xAD55,0xAD55,0xAD55,0xAD55,0xAD55,0xAD55,0xAD55,0xAD55,0xAD55,0xAD55,0x0000,
  0x0000,0x0000,0x0000,0x0000,0x0000,0x0000,0x0000,0x0000,0xAD55,0xAD55,0xAD55,0xAD55,
  0xAD55,0xAD55,0xAD55,0xAD55,0x10A3,0x0000,0x0000,0x0000,0x0000,0x0000,0x0000,0x0000,
  0x0000,0x0000,0xAD55,0xAD55,0xAD55,0xAD55,0xAD55,0xAD55,0xAD55,0xAD55,0xAD55,0xAD55,
  0xAD55,0xAD55,0xAD55,0xAD55,0xAD55,0xAD55,0xAD55,0xAD55,0xAD55,0xAD55,0xAD55,0xAD55,
  0xAD55,0xAD55,0xAD55,0x10A3,0x0000,0x0000,0x0000,0x0000,0x0000,0x0000,0x0000,0x0000,
  0xAD55,0xAD55,0xAD55,0xAD55,0xAD55,0xAD55,0xAD55,0xAD55,0xAD55,0x0000,0x0000,0x0000,
  0x0000,0x0000,0x0000,0x0000,0x0000,0xAD55,0xAD55,0xAD55,0xAD55,0xAD55,0xAD55,0xAD55,
  0xAD55,0xAD55,0xAD55,0xAD55,0xAD55,0xAD55,0xAD55,0xAD55,0xAD55,0xAD55,0x52AA,0x52AA,
  0x52AA,0x52AA,0x52AA,0x52AA,0x52AA,0x52AA,0x52AA,0x10A3,0x0000,0x0000,0x0000,0x0000,
  0x0000,0x0000,0x0000,0x0000,0x0000,0x0000,0x0000,0x0000,0x0000,0x0000,0x0000,0x0000,
  0x0000,0x0000,0x0000,0x0000,0x0000,0x0000,0x0000,0x0000,0x0000,0xAD55,0xAD55,0xAD55,
  0xAD55,0xAD55,0xAD55,0xAD55,0xAD55,0xAD55,0xAD55,0xAD55,0xAD55,0xAD55,0xAD55,0xAD55,
  0xAD55,0xAD55,0xAD55,0x0000,0x0000,0x0000,0x0000,0x0000,0x0000,0x0000,0x0000,0xF81F,
  0x10A3,0x0000,0x0000,0x0000,0x0000,0x0000,0x0000,0x0000,0x0000,0x52AA,0x52AA,0x52AA,
  0x52AA,0x52AA,0x52AA,0x52AA,0x52AA,0x52AA,0xAD55,0xAD55,0xAD55,0xAD55,0xAD55,0xAD55,
  0xAD55,0xAD55,0xAD55,0xAD55,0xAD55,0xAD55,0xAD55,0xAD55,0xAD55,0xAD55,0xAD55,0x0000,
  0x0000,0x0000,0x0000,0x0000,0x0000,0x0000,0x0000,0x0000,0xAD55,0xAD55,0xAD55,0xAD55,
  0xAD55,0xAD55,0xAD55,0xAD55,0x10A3,0x0000,0x0000,0x0000,0x0000,0x0000,0x0000,0x0000,
  0x0000,0x0000,0xAD55,0xAD55,0xAD55,0xAD55,0xAD55,0xAD55,0xAD55,0xAD55,0xAD55,0xAD55,
  0xAD55,0xAD55,0xAD55,0xAD55,0xAD55,0xAD55,0xAD55,0xAD55,0xAD55,0xAD55,0xAD55,0xAD55,
  0xAD55,0xAD55,0xAD55,0x10A3,0x0000,0x0000,0x0000,0x0000,0x0000,0x0000,0x0000,0x0000,
  0xAD55,0xAD55,0xAD55,0xAD55,0xAD55,0xAD55,0xAD55,0xAD55,0xAD55,0x0000,0x0000,0x0000,
  0x0000,0x0000,0x0000,0x0000,0x0000,0xAD55,0xAD55,0xAD55,0xAD55,0xAD55,0xAD55,0xAD55,
  0xAD55,0xAD55,0xAD55,0xAD55,0xAD55,0xAD55,0xAD55,0xAD55,0xAD55,0xAD55,0x52AA,0x52AA,
  0x52AA,0x52AA,0x52AA,0x52AA,0x52AA,0x52AA,0x52AA,0x10A3,0x0000,0x0000,0x0000,0x0000,
  0x0000,0x0000,0x0000,0x0000,0x0000,0x0000,0x0000,0x0000,0x0000,0x0000,0x0000,0x0000,
  0x0000,0x0000,0x0000,0x0000,0x0000,0x0000,0x0000,0x0000,0x0000,0xAD55,0xAD55,0xAD55,
  0xAD55,0xAD55,0xAD55,0xAD55,0xAD55,0xAD55,0xAD55,0xAD55,0xAD55,0xAD55,0xAD55,0xAD55,
  0xAD55,0xAD55,0xAD55,0x0000,0x0000,0x0000,0x0000,0x0000,0x0000,0x0000,0x0000,0xF81F,
  0x10A3,0x0000,0x0000,0x0000,0x0000,0x0000,0x0000,0x0000,0x0000,0x52AA,0x52AA,0x52AA,
  0x52AA,0x52AA,0x52AA,0x52AA,0x52AA,0x52AA,0xAD55,0xAD55,0xAD55,0xAD55,0xAD55,0xAD55,
  0xAD55,0xAD55,0xAD55,0xAD55,0xAD55,0xAD55,0xAD55,0xAD55,0xAD55,0xAD55,0xAD55,0x0000,
  0x0000,0x0000,0x0000,0x0000,0x0000,0x0000,0x0000,0x0000,0xAD55,0xAD55,0xAD55,0xAD55,
  0xAD55,0xAD55,0xAD55,0xAD55,0x10A3,0x0000,0x0000,0x0000,0x0000,0x0000,0x0000,0x0000,
  0x0000,0x0000,0xAD55,0xAD55,0xAD55,0xAD55,0xAD55,0xAD55,0xAD55,0xAD55,0xAD55,0xAD55,
  0xAD55,0xAD55,0xAD55,0xAD55,0xAD55,0xAD55,0xAD55,0xAD55,0xAD55,0xAD55,0xAD55,0xAD55,
  0xAD55,0xAD55,0xAD55,0x10A3,0x0000,0x0000,0x0000,0x0000,0x0000,0x0000,0x0000,0x0000,
  0xAD55,0xAD55,0xAD55,0xAD55,0xAD55,0xAD55,0xAD55,0xAD55,0xAD55,0x0000,0x0000,0x0000,
  0x0000,0x0000,0x0000,0x0000,0x0000,0xAD55,0xAD55,0xAD55,0xAD55,0xAD55,0xAD55,0xAD55,
  0xAD55,0xAD55,0xAD55,0xAD55,0xAD55,0xAD55,0xAD55,0xAD55,0xAD55,0xAD55,0x52AA,0x52AA,
  0x52AA,0x52AA,0x52AA,0x52AA,0x52AA,0x52AA,0x52AA,0x10A3,0x0000,0x0000,0x0000,0x0000,
  0x0000,0x0000,0x0000,0x0000,0x0000,0x0000,0x0000,0x0000,0x0000,0x0000,0x0000,0x0000,
  0x0000,0x0000,0x0000,0x0000,0x0000,0x0000,0x0000,0x0000,0x0000,0xAD55,0xAD55,0xAD55,
  0xAD55,0xAD55,0xAD55,0xAD55,0xAD55,0xAD55,0xAD55,0xAD55,0xAD55,0xAD55,0xAD55,0xAD55,
  0xAD55,0xAD55,0xAD55,0x0000,0x0000,0x0000,0x0000,0x0000,0x0000,0x0000,0x0000,0xF81F,
  0x10A3,0x0000,0x0000,0x0000,0x0000,0x0000,0x0000,0x0000,0x0000,0x10A3,0x52AA,0x52AA,
  0x52AA,0x52AA,0x52AA,0x52AA,0x52AA,0x52AA,0xAD55,0xAD55,0xAD55,0xAD55,0xAD55,0xAD55,
  0xAD55,0xAD55,0xAD55,0xAD55,0xAD55,0xAD55,0xAD55,0xAD55,0xAD55,0xAD55,0xAD55,0x0000,
  0x0000,0x0000,0x0000,0x0000,0x0000,0x0000,0x0000,0x0000,0xAD55,0xAD55,0xAD55,0xAD55,
  0xAD55,0xAD55,0xAD55,0xAD55,0x10A3,0x0000,0x0000,0x0000,0x0000,0x0000,0x0000,0x0000,
  0x0000,0x0000,0xAD55,0xAD55,0xAD55,0xAD55,0xAD55,0xAD55,0xAD55,0xAD55,0xAD55,0xAD55,
  0xAD55,0xAD55,0xAD55,0xAD55,0xAD55,0xAD55,0xAD55,0xAD55,0xAD55,0xAD55,0xAD55,0xAD55,
  0xAD55,0xAD55,0xAD55,0x10A3,0x0000,0x0000,0x0000,0x0000,0x0000,0x0000,0x0000,0x0000,
  0xAD55,0xAD55,0xAD55,0xAD55,0xAD55,0xAD55,0xAD55,0xAD55,0xAD55,0x0000,0x0000,0x0000,
  0x0000,0x0000,0x0000,0x0000,0x0000,0xAD55,0xAD55,0xAD55,0xAD55,0xAD55,0xAD55,0xAD55,
  0xAD55,0xAD55,0xAD55,0xAD55,0xAD55,0xAD55,0xAD55,0xAD55,0xAD55,0xAD55,0x52AA,0x52AA,
  0x52AA,0x52AA,0x52AA,0x52AA,0x52AA,0x52AA,0x52AA,0x10A3,0x0000,0x0000,0x0000,0x0000,
  0x0000,0x0000,0x0000,0x0000,0x0000,0x0000,0x0000,0x0000,0x0000,0x0000,0x0000,0x0000,
  0x0000,0x0000,0x0000,0x0000,0x0000,0x0000,0x0000,0x0000,0x0000,0xAD55,0xAD55,0xAD55,
  0xAD55,0xAD55,0xAD55,0xAD55,0xAD55,0xAD55,0xAD55,0xAD55,0xAD55,0xAD55,0xAD55,0xAD55,
  0xAD55,0xAD55,0x52AA,0x0000,0x0000,0x0000,0x0000,0x0000,0x0000,0x0000,0x0000,0x0000,
  0x10A3,0x52AA,0x52AA,0x52AA,0x52AA,0x52AA,0x52AA,0x52AA,0x52AA,0x10A3,0x52AA,0x52AA,
  0x52AA,0x52AA,0x52AA,0x52AA,0x52AA,0x52AA,0xAD55,0xAD55,0xAD55,0xAD55,0xAD55,0xAD55,
  0xAD55,0xAD55,0xAD55,0xAD55,0xAD55,0xAD55,0xAD55,0xAD55,0xAD55,0xAD55,0xAD55,0x0000,
  0x0000,0x0000,0x0000,0x0000,0x0000,0x0000,0x0000,0x0000,0xAD55,0xAD55,0xAD55,0xAD55,
  0xAD55,0xAD55,0xAD55,0xAD55,0x10A3,0x0000,0x0000,0x0000,0x0000,0x0000,0x0000,0x0000,
  0x0000,0x0000,0xAD55,0xAD55,0xAD55,0xAD55,0xAD55,0xAD55,0xAD55,0xAD55,0xAD55,0xAD55,
  0xAD55,0xAD55,0xAD55,0xAD55,0xAD55,0xAD55,0xAD55,0xAD55,0xAD55,0xAD55,0xAD55,0xAD55,
  0xAD55,0xAD55,0xAD55,0x10A3,0x0000,0x0000,0x0000,0x0000,0x0000,0x0000,0x0000,0x0000,
  0xAD55,0xAD55,0xAD55,0xAD55,0xAD55,0xAD55,0xAD55,0xAD55,0xAD55,0x0000,0x0000,0x0000,
  0x0000,0x0000,0x0000,0x0000,0x0000,0xAD55,0xAD55,0xAD55,0xAD55,0xAD55,0xAD55,0xAD55,
  0xAD55,0xAD55,0xAD55,0xAD55,0xAD55,0xAD55,0xAD55,0xAD55,0xAD55,0xAD55,0x52AA,0x52AA,
  0x52AA,0x52AA,0x52AA,0x52AA,0x52AA,0x52AA,0x52AA,0x10A3,0x10A3,0x10A3,0x10A3,0x10A3,
  0x10A3,0x10A3,0x10A3,0x10A3,0x10A3,0x10A3,0x10A3,0x10A3,0x10A3,0x10A3,0x10A3,0x10A3,
  0x10A3,0x10A3,0x10A3,0x10A3,0x10A3,0x10A3,0x10A3,0x10A3,0x10A3,0xAD55,0xAD55,0xAD55,
  0xAD55,0xAD55,0xAD55,0xAD55,0xAD55,0xAD55,0xAD55,0xAD55,0xAD55,0xAD55,0xAD55,0xAD55,
  0xAD55,0x52AA,0x52AA,0x52AA,0x52AA,0x52AA,0x52AA,0x52AA,0x52AA,0x52AA,0x0000,0xF81F,
  0xF81F,0xF81F,0xF81F,0xF81F,0xF81F,0xF81F,0xF81F,0xF81F,0xF81F,0x10A3,0x0000,0x0000,
  0x0000,0x0000,0x0000,0x0000,0x0000,0x0000,0x52AA,0x52AA,0x52AA,0x52AA,0x52AA,0x52AA,
  0x52AA,0x52AA,0x52AA,0xAD55,0xAD55,0xAD55,0xAD55,0xAD55,0xAD55,0xAD55,0xAD55,0x0000,
  0x0000,0x0000,0x0000,0x0000,0x0000,0x0000,0x0000,0x0000,0xAD55,0xAD55,0xAD55,0xAD55,
  0xAD55,0xAD55,0xAD55,0xAD55,0x10A3,0x0000,0x0000,0x0000,0x0000,0x0000,0x0000,0x0000,
  0x0000,0x0000,0xAD55,0xAD55,0xAD55,0xAD55,0xAD55,0xAD55,0xAD55,0xAD55,0xAD55,0xAD55,
  0xAD55,0xAD55,0xAD55,0xAD55,0xAD55,0xAD55,0xAD55,0xAD55,0xAD55,0xAD55,0xAD55,0xAD55,
  0xAD55,0xAD55,0xAD55,0x10A3,0x0000,0x0000,0x0000,0x0000,0x0000,0x0000,0x0000,0x0000,
  0xAD55,0xAD55,0xAD55,0xAD55,0xAD55,0xAD55,0xAD55,0xAD55,0xAD55,0x0000,0x0000,0x0000,
  0x0000,0x0000,0x0000,0x0000,0x0000,0xAD55,0xAD55,0xAD55,0xAD55,0xAD55,0xAD55,0xAD55,
  0xAD55,0xAD55,0x52AA,0x52AA,0x52AA,0x52AA,0x52AA,0x52AA,0x52AA,0x52AA,0x10A3,0x0000,
  0x0000,0x0000,0x0000,0x0000,0x0000,0x0000,0x0000,0x0000,0xAD55,0xAD55,0xAD55,0xAD55,
  0xAD55,0xAD55,0xAD55,0xAD55,0xAD55,0xAD55,0xAD55,0xAD55,0xAD55,0xAD55,0xAD55,0xAD55,
  0xAD55,0x52AA,0x52AA,0x52AA,0x52AA,0x52AA,0x52AA,0x52AA,0x52AA,0xAD55,0xAD55,0xAD55,
  0xAD55,0xAD55,0xAD55,0xAD55,0xAD55,0xAD55,0x0000,0x0000,0x0000,0x0000,0x0000,0x0000,
  0x0000,0x0000,0x52AA,0xF81F,0xF81F,0xF81F,0xF81F,0xF81F,0xF81F,0xF81F,0xF81F,0xF81F,
  0xF81F,0xF81F,0xF81F,0xF81F,0xF81F,0xF81F,0xF81F,0xF81F,0xF81F,0x10A3,0x10A3,0x0000,
  0x0000,0x0000,0x0000,0x0000,0x0000,0x0000,0x52AA,0x52AA,0x52AA,0x52AA,0x52AA,0x52AA,
  0x52AA,0x52AA,0x52AA,0xAD55,0xAD55,0xAD55,0xAD55,0xAD55,0xAD55,0xAD55,0xAD55,0x0000,
  0x0000,0x0000,0x0000,0x0000,0x0000,0x0000,0x0000,0x0000,0xAD55,0xAD55,0xAD55,0xAD55,
  0xAD55,0xAD55,0xAD55,0xAD55,0x10A3,0x0000,0x0000,0x0000,0x0000,0x0000,0x0000,0x0000,
  0x0000,0x0000,0xAD55,0xAD55,0xAD55,0xAD55,0xAD55,0xAD55,0xAD55,0xAD55,0xAD55,0xAD55,
  0xAD55,0xAD55,0xAD55,0xAD55,0xAD55,0xAD55,0xAD55,0xAD55,0xAD55,0xAD55,0xAD55,0xAD55,
  0xAD55,0xAD55,0xAD55,0x10A3,0x0000,0x0000,0x0000,0x0000,0x0000,0x0000,0x0000,0x0000,
  0xAD55,0xAD55,0xAD55,0xAD55,0xAD55,0xAD55,0xAD55,0xAD55,0xAD55,0x0000,0x0000,0x0000,
  0x0000,0x0000,0x0000,0x0000,0x0000,0xAD55,0xAD55,0xAD55,0xAD55,0xAD55,0xAD55,0xAD55,
  0xAD55,0xAD55,0x52AA,0x52AA,0x52AA,0x52AA,0x52AA,0x52AA,0x52AA,0x52AA,0x10A3,0x0000,
  0x0000,0x0000,0x0000,0x0000,0x0000,0x0000,0x0000,0x0000,0xAD55,0xAD55,0xAD55,0xAD55,
  0xAD55,0xAD55,0xAD55,0xAD55,0xAD55,0xAD55,0xAD55,0xAD55,0xAD55,0xAD55,0xAD55,0xAD55,
  0xAD55,0x52AA,0x52AA,0x52AA,0x52AA,0x52AA,0x52AA,0x52AA,0x52AA,0xAD55,0xAD55,0xAD55,
  0xAD55,0xAD55,0xAD55,0xAD55,0xAD55,0xAD55,0x0000,0x0000,0x0000,0x0000,0x0000,0x0000,
  0x0000,0x0000,0xF81F,0xF81F,0xF81F,0xF81F,0xF81F,0xF81F,0xF81F,0xF81F,0xF81F,0xF81F,
  0xF81F,0xF81F,0xF81F,0xF81F,0xF81F,0xF81F,0xF81F,0xF81F,0xF81F,0x10A3,0x0000,0x0000,
  0x0000,0x0000,0x0000,0x0000,0x0000,0x0000,0x52AA,0x52AA,0x52AA,0x52AA,0x52AA,0x52AA,
  0x52AA,0x52AA,0x52AA,0xAD55,0xAD55,0xAD55,0xAD55,0xAD55,0xAD55,0xAD55,0xAD55,0x0000,
  0x0000,0x0000,0x0000,0x0000,0x0000,0x0000,0x0000,0x0000,0xAD55,0xAD55,0xAD55,0xAD55,
  0xAD55,0xAD55,0xAD55,0xAD55,0x10A3,0x0000,0x0000,0x0000,0x0000,0x0000,0x0000,0x0000,
  0x0000,0x0000,0xAD55,0xAD55,0xAD55,0xAD55,0xAD55,0xAD55,0xAD55,0xAD55,0xAD55,0xAD55,
  0xAD55,0xAD55,0xAD55,0xAD55,0xAD55,0xAD55,0xAD55,0xAD55,0xAD55,0xAD55,0xAD55,0xAD55,
  0xAD55,0xAD55,0xAD55,0x10A3,0x0000,0x0000,0x0000,0x0000,0x0000,0x0000,0x0000,0x0000,
  0xAD55,0xAD55,0xAD55,0xAD55,0xAD55,0xAD55,0xAD55,0xAD55,0xAD55,0x0000,0x0000,0x0000,
  0x0000,0x0000,0x0000,0x0000,0x0000,0xAD55,0xAD55,0xAD55,0xAD55,0xAD55,0xAD55,0xAD55,
  0xAD55,0xAD55,0x52AA,0x52AA,0x52AA,0x52AA,0x52AA,0x52AA,0x52AA,0x52AA,0x10A3,0x0000,
  0x0000,0x0000,0x0000,0x0000,0x0000,0x0000,0x0000,0x0000,0xAD55,0xAD55,0xAD55,0xAD55,
  0xAD55,0xAD55,0xAD55,0xAD55,0xAD55,0xAD55,0xAD55,0xAD55,0xAD55,0xAD55,0xAD55,0xAD55,
  0xAD55,0x52AA,0x52AA,0x52AA,0x52AA,0x52AA,0x52AA,0x52AA,0x52AA,0xAD55,0xAD55,0xAD55,
  0xAD55,0xAD55,0xAD55,0xAD55,0xAD55,0xAD55,0x0000,0x0000,0x0000,0x0000,0x0000,0x0000,
  0x0000,0x0000,0xF81F,0xF81F,0xF81F,0xF81F,0xF81F,0xF81F,0xF81F,0xF81F,0xF81F,0xF81F,
  0xF81F,0xF81F,0xF81F,0xF81F,0xF81F,0xF81F,0xF81F,0xF81F,0xF81F,0x10A3,0x0000,0x0000,
  0x0000,0x0000,0x0000,0x0000,0x0000,0x0000,0x52AA,0x52AA,0x52AA,0x52AA,0x52AA,0x52AA,
  0x52AA,0x52AA,0x52AA,0xAD55,0xAD55,0xAD55,0xAD55,0xAD55,0xAD55,0xAD55,0xAD55,0x0000,
  0x0000,0x0000,0x0000,0x0000,0x0000,0x0000,0x0000,0x0000,0xAD55,0xAD55,0xAD55,0xAD55,
  0xAD55,0xAD55,0xAD55,0xAD55,0x10A3,0x0000,0x0000,0x0000,0x0000,0x0000,0x0000,0x0000,
  0x0000,0x0000,0xAD55,0xAD55,0xAD55,0xAD55,0xAD55,0xAD55,0xAD55,0xAD55,0xAD55,0xAD55,
  0xAD55,0xAD55,0xAD55,0xAD55,0xAD55,0xAD55,0xAD55,0xAD55,0xAD55,0xAD55,0xAD55,0xAD55,
  0xAD55,0xAD55,0xAD55,0x10A3,0x0000,0x0000,0x0000,0x0000,0x0000,0x0000,0x0000,0x0000,
  0xAD55,0xAD55,0xAD55,0xAD55,0xAD55,0xAD55,0xAD55,0xAD55,0xAD55,0x0000,0x0000,0x0000,
  0x0000,0x0000,0x0000,0x0000,0x0000,0xAD55,0xAD55,0xAD55,0xAD55,0xAD55,0xAD55,0xAD55,
  0xAD55,0xAD55,0x52AA,0x52AA,0x52AA,0x52AA,0x52AA,0x52AA,0x52AA,0x52AA,0x10A3,0x0000,
  0x0000,0x0000,0x0000,0x0000,0x0000,0x0000,0x0000,0x0000,0xAD55,0xAD55,0xAD55,0xAD55,
  0xAD55,0xAD55,0xAD55,0xAD55,0xAD55,0xAD55,0xAD55,0xAD55,0xAD55,0xAD55,0xAD55,0xAD55,
  0xAD55,0x52AA,0x52AA,0x52AA,0x52AA,0x52AA,0x52AA,0x52AA,0x52AA,0xAD55,0xAD55,0xAD55,
  0xAD55,0xAD55,0xAD55,0xAD55,0xAD55,0xAD55,0x0000,0x0000,0x0000,0x0000,0x0000,0x0000,
  0x0000,0x0000,0xF81F,0xF81F,0xF81F,0xF81F,0xF81F,0xF81F,0xF81F,0xF81F,0xF81F,0xF81F,
  0xF81F,0xF81F,0xF81F,0xF81F,0xF81F,0xF81F,0xF81F,0xF81F,0xF81F,0x10A3,0x0000,0x0000,
  0x0000,0x0000,0x0000,0x0000,0x0000,0x0000,0x52AA,0x52AA,0x52AA,0x52AA,0x52AA,0x52AA,
  0x52AA,0x52AA,0x52AA,0xAD55,0xAD55,0xAD55,0xAD55,0xAD55,0xAD55,0xAD55,0xAD55,0x0000,
  0x0000,0x0000,0x0000,0x0000,0x0000,0x0000,0x0000,0x0000,0xAD55,0xAD55,0xAD55,0xAD55,
  0xAD55,0xAD55,0xAD55,0xAD55,0x10A3,0x0000,0x0000,0x0000,0x0000,0x0000,0x0000,0x0000,
  0x0000,0x0000,0xAD55,0xAD55,0xAD55,0xAD55,0xAD55,0xAD55,0xAD55,0xAD55,0xAD55,0xAD55,
  0xAD55,0xAD55,0xAD55,0xAD55,0xAD55,0xAD55,0xAD55,0xAD55,0xAD55,0xAD55,0xAD55,0xAD55,
  0xAD55,0xAD55,0xAD55,0x10A3,0x0000,0x0000,0x0000,0x0000,0x0000,0x0000,0x0000,0x0000,
  0xAD55,0xAD55,0xAD55,0xAD55,0xAD55,0xAD55,0xAD55,0xAD55,0xAD55,0x0000,0x0000,0x0000,
  0x0000,0x0000,0x0000,0x0000,0x0000,0xAD55,0xAD55,0xAD55,0xAD55,0xAD55,0xAD55,0xAD55,
  0xAD55,0xAD55,0x52AA,0x52AA,0x52AA,0x52AA,0x52AA,0x52AA,0x52AA,0x52AA,0x10A3,0x0000,
  0x0000,0x0000,0x0000,0x0000,0x0000,0x0000,0x0000,0x0000,0xAD55,0xAD55,0xAD55,0xAD55,
  0xAD55,0xAD55,0xAD55,0xAD55,0xAD55,0xAD55,0xAD55,0xAD55,0xAD55,0xAD55,0xAD55,0xAD55,
  0xAD55,0x52AA,0x52AA,0x52AA,0x52AA,0x52AA,0x52AA,0x52AA,0x52AA,0xAD55,0xAD55,0xAD55,
  0xAD55,0xAD55,0xAD55,0xAD55,0xAD55,0xAD55,0x0000,0x0000,0x0000,0x0000,0x0000,0x0000,
  0x0000,0x0000,0xF81F,0xF81F,0xF81F,0xF81F,0xF81F,0xF81F,0xF81F,0xF81F,0xF81F,0xF81F,
  0xF81F,0xF81F,0xF81F,0xF81F,0xF81F,0xF81F,0xF81F,0xF81F,0xF81F,0x10A3,0x0000,0x0000,
  0x0000,0x0000,0x0000,0x0000,0x0000,0x0000,0x52AA,0x52AA,0x52AA,0x52AA,0x52AA,0x52AA,
  0x52AA,0x52AA,0x52AA,0xAD55,0xAD55,0xAD55,0xAD55,0xAD55,0xAD55,0xAD55,0xAD55,0x0000,
  0x0000,0x0000,0x0000,0x0000,0x0000,0x0000,0x0000,0x0000,0xAD55,0xAD55,0xAD55,0xAD55,
  0xAD55,0xAD55,0xAD55,0xAD55,0x10A3,0x0000,0x0000,0x0000,0x0000,0x0000,0x0000,0x0000,
  0x0000,0x0000,0xAD55,0xAD55,0xAD55,0xAD55,0xAD55,0xAD55,0xAD55,0xAD55,0xAD55,0xAD55,
  0xAD55,0xAD55,0xAD55,0xAD55,0xAD55,0xAD55,0xAD55,0xAD55,0xAD55,0xAD55,0xAD55,0xAD55,
  0xAD55,0xAD55,0xAD55,0x10A3,0x0000,0x0000,0x0000,0x0000,0x0000,0x0000,0x0000,0x0000,
  0xAD55,0xAD55,0xAD55,0xAD55,0xAD55,0xAD55,0xAD55,0xAD55,0xAD55,0x0000,0x0000,0x0000,
  0x0000,0x0000,0x0000,0x0000,0x0000,0xAD55,0xAD55,0xAD55,0xAD55,0xAD55,0xAD55,0xAD55,
  0xAD55,0xAD55,0x52AA,0x52AA,0x52AA,0x52AA,0x52AA,0x52AA,0x52AA,0x52AA,0x10A3,0x0000,
  0x0000,0x0000,0x0000,0x0000,0x0000,0x0000,0x0000,0x0000,0xAD55,0xAD55,0xAD55,0xAD55,
  0xAD55,0xAD55,0xAD55,0xAD55,0xAD55,0xAD55,0xAD55,0xAD55,0xAD55,0xAD55,0xAD55,0xAD55,
  0xAD55,0x52AA,0x52AA,0x52AA,0x52AA,0x52AA,0x52AA,0x52AA,0x52AA,0xAD55,0xAD55,0xAD55,
  0xAD55,0xAD55,0xAD55,0xAD55,0xAD55,0xAD55,0x0000,0x0000,0x0000,0x0000,0x0000,0x0000,
  0x0000,0x0000,0xF81F,0xF81F,0xF81F,0xF81F,0xF81F,0xF81F,0xF81F,0xF81F,0xF81F,0xF81F,
  0xF81F,0xF81F,0xF81F,0xF81F,0xF81F,0xF81F,0xF81F,0xF81F,0xF81F,0x10A3,0x0000,0x0000,
  0x0000,0x0000,0x0000,0x0000,0x0000,0x0000,0x52AA,0x52AA,0x52AA,0x52AA,0x52AA,0x52AA,
  0x52AA,0x52AA,0x52AA,0xAD55,0xAD55,0xAD55,0xAD55,0xAD55,0xAD55,0xAD55,0xAD55,0x0000,
  0x0000,0x0000,0x0000,0x0000,0x0000,0x0000,0x0000,0x0000,0xAD55,0xAD55,0xAD55,0xAD55,
  0xAD55,0xAD55,0xAD55,0xAD55,0x10A3,0x0000,0x0000,0x0000,0x0000,0x0000,0x0000,0x0000,
  0x0000,0x0000,0xAD55,0xAD55,0xAD55,0xAD55,0xAD55,0xAD55,0xAD55,0xAD55,0xAD55,0xAD55,
  0xAD55,0xAD55,0xAD55,0xAD55,0xAD55,0xAD55,0xAD55,0xAD55,0xAD55,0xAD55,0xAD55,0xAD55,
  0xAD55,0xAD55,0xAD55,0x10A3,0x0000,0x0000,0x0000,0x0000,0x0000,0x0000,0x0000,0x0000,
  0xAD55,0xAD55,0xAD55,0xAD55,0xAD55,0xAD55,0xAD55,0xAD55,0xAD55,0x0000,0x0000,0x0000,
  0x0000,0x0000,0x0000,0x0000,0x0000,0xAD55,0xAD55,0xAD55,0xAD55,0xAD55,0xAD55,0xAD55,
  0xAD55,0xAD55,0x52AA,0x52AA,0x52AA,0x52AA,0x52AA,0x52AA,0x52AA,0x52AA,0x10A3,0x0000,
  0x0000,0x0000,0x0000,0x0000,0x0000,0x0000,0x0000,0x0000,0xAD55,0xAD55,0xAD55,0xAD55,
  0xAD55,0xAD55,0xAD55,0xAD55,0xAD55,0xAD55,0xAD55,0xAD55,0xAD55,0xAD55,0xAD55,0xAD55,
  0xAD55,0x52AA,0x52AA,0x52AA,0x52AA,0x52AA,0x52AA,0x52AA,0x52AA,0xAD55,0xAD55,0xAD55,
  0xAD55,0xAD55,0xAD55,0xAD55,0xAD55,0xAD55,0x0000,0x0000,0x0000,0x0000,0x0000,0x0000,
  0x0000,0x0000,0xF81F,0xF81F,0xF81F,0xF81F,0xF81F,0xF81F,0xF81F,0xF81F,0xF81F,0xF81F,
  0xF81F,0xF81F,0xF81F,0xF81F,0xF81F,0xF81F,0xF81F,0xF81F,0xF81F,0x10A3,0x0000,0x0000,
  0x0000,0x0000,0x0000,0x0000,0x0000,0x0000,0x52AA,0x52AA,0x52AA,0x52AA,0x52AA,0x52AA,
  0x52AA,0x52AA,0x52AA,0xAD55,0xAD55,0xAD55,0xAD55,0xAD55,0xAD55,0xAD55,0xAD55,0x0000,
  0x0000,0x0000,0x0000,0x0000,0x0000,0x0000,0x0000,0x0000,0xAD55,0xAD55,0xAD55,0xAD55,
  0xAD55,0xAD55,0xAD55,0xAD55,0x10A3,0x0000,0x0000,0x0000,0x0000,0x0000,0x0000,0x0000,
  0x0000,0x0000,0xAD55,0xAD55,0xAD55,0xAD55,0xAD55,0xAD55,0xAD55,0xAD55,0xAD55,0xAD55,
  0xAD55,0xAD55,0xAD55,0xAD55,0xAD55,0xAD55,0xAD55,0xAD55,0xAD55,0xAD55,0xAD55,0xAD55,
  0xAD55,0xAD55,0xAD55,0x10A3,0x0000,0x0000,0x0000,0x0000,0x0000,0x0000,0x0000,0x0000,
  0xAD55,0xAD55,0xAD55,0xAD55,0xAD55,0xAD55,0xAD55,0xAD55,0xAD55,0x0000,0x0000,0x0000,
  0x0000,0x0000,0x0000,0x0000,0x0000,0xAD55,0xAD55,0xAD55,0xAD55,0xAD55,0xAD55,0xAD55,
  0xAD55,0xAD55,0x52AA,0x52AA,0x52AA,0x52AA,0x52AA,0x52AA,0x52AA,0x52AA,0x10A3,0x0000,
  0x0000,0x0000,0x0000,0x0000,0x0000,0x0000,0x0000,0x0000,0xAD55,0xAD55,0xAD55,0xAD55,
  0xAD55,0xAD55,0xAD55,0xAD55,0xAD55,0xAD55,0xAD55,0xAD55,0xAD55,0xAD55,0xAD55,0xAD55,
  0xAD55,0x52AA,0x52AA,0x52AA,0x52AA,0x52AA,0x52AA,0x52AA,0x52AA,0xAD55,0xAD55,0xAD55,
  0xAD55,0xAD55,0xAD55,0xAD55,0xAD55,0xAD55,0x0000,0x0000,0x0000,0x0000,0x0000,0x0000,
  0x0000,0x0000,0xF81F,0xF81F,0xF81F,0xF81F,0xF81F,0xF81F,0xF81F,0xF81F,0xF81F,0xF81F,
  0xF81F,0xF81F,0xF81F,0xF81F,0xF81F,0xF81F,0xF81F,0xF81F,0xF81F,0x10A3,0x10A3,0xF81F,
  0xF81F,0xF81F,0xF81F,0xF81F,0xF81F,0x0000,0x0000,0x0000,0x0000,0x0000,0x0000,0x0000,
  0x0000,0x0000,0x0000,0x0000,0x0000,0x0000,0x0000,0x0000,0x0000,0x0000,0x0000,0x0000,
  0x0000,0x0000,0x0000,0x0000,0x0000,0x0000,0x0000,0x0000,0xAD55,0xAD55,0xAD55,0xAD55,
  0xAD55,0xAD55,0xAD55,0xAD55,0x10A3,0x0000,0x0000,0x0000,0x0000,0x0000,0x0000,0x0000,
  0x0000,0x0000,0x0000,0x0000,0x0000,0x0000,0x0000,0x0000,0x0000,0x0000,0x0000,0x0000,
  0x0000,0x0000,0x0000,0x0000,0x0000,0x0000,0x0000,0x0000,0x0000,0x0000,0x0000,0x0000,
  0x0000,0x0000,0x0000,0x0000,0x0000,0x0000,0x0000,0x0000,0x0000,0x0000,0x0000,0x0000,
  0xAD55,0xAD55,0xAD55,0xAD55,0xAD55,0xAD55,0xAD55,0xAD55,0xAD55,0x0000,0x0000,0x0000,
  0x0000,0x0000,0x0000,0x0000,0x0000,0x0000,0x0000,0x0000,0x0000,0x0000,0x0000,0x0000,
  0x0000,0x0000,0x0000,0x0000,0x0000,0x0000,0x0000,0x0000,0x0000,0x0000,0x0000,0x0000,
  0x0000,0x0000,0x0000,0x0000,0x0000,0x0000,0x0000,0x0000,0x0000,0x0000,0x0000,0x0000,
  0x0000,0x0000,0x0000,0x0000,0x0000,0x0000,0x0000,0x0000,0x0000,0x0000,0x0000,0x0000,
  0x0000,0x0000,0x0000,0x0000,0x0000,0x0000,0x0000,0x0000,0x0000,0x0000,0x0000,0x0000,
  0x0000,0x0000,0x0000,0x0000,0x0000,0xF81F,0xF81F,0xF81F,0xF81F,0xF81F,0xF81F,0xF81F,
  0xF81F,0x0000,0xF81F,0xF81F,0xF81F,0xF81F,0xF81F,0xF81F,0xF81F,0xF81F,0xF81F,0xF81F,
  0xF81F,0xF81F,0xF81F,0xF81F,0xF81F,0xF81F,0xF81F,0xF81F,0xF81F,0xF81F,0xF81F,0xF81F,
  0xF81F,0xF81F,0xF81F,0xF81F,0xF81F,0xF81F,0x0000,0x0000,0x0000,0x0000,0x0000,0x0000,
  0x0000,0x0000,0x0000,0x0000,0x0000,0x0000,0x0000,0x0000,0x0000,0x0000,0x0000,0x0000,
  0x0000,0x0000,0x0000,0x0000,0x0000,0x0000,0x0000,0x0000,0xAD55,0xAD55,0xAD55,0xAD55,
  0xAD55,0xAD55,0xAD55,0xAD55,0x10A3,0x0000,0x0000,0x0000,0x0000,0x0000,0x0000,0x0000,
  0x0000,0x0000,0x0000,0x0000,0x0000,0x0000,0x0000,0x0000,0x0000,0x0000,0x0000,0x0000,
  0x0000,0x0000,0x0000,0x0000,0x0000,0x0000,0x0000,0x0000,0x0000,0x0000,0x0000,0x0000,
  0x0000,0x0000,0x0000,0x0000,0x0000,0x0000,0x0000,0x0000,0x0000,0x0000,0x0000,0x0000,
  0xAD55,0xAD55,0xAD55,0xAD55,0xAD55,0xAD55,0xAD55,0xAD55,0xAD55,0x0000,0x0000,0x0000,
  0x0000,0x0000,0x0000,0x0000,0x0000,0x0000,0x0000,0x0000,0x0000,0x0000,0x0000,0x0000,
  0x0000,0x0000,0x0000,0x0000,0x0000,0x0000,0x0000,0x0000,0x0000,0x0000,0x0000,0x0000,
  0x0000,0x0000,0x0000,0x0000,0x0000,0x0000,0x0000,0x0000,0x0000,0x0000,0x0000,0x0000,
  0x0000,0x0000,0x0000,0x0000,0x0000,0x0000,0x0000,0x0000,0x0000,0x0000,0x0000,0x0000,
  0x0000,0x0000,0x0000,0x0000,0x0000,0x0000,0x0000,0x0000,0x0000,0x0000,0x0000,0x0000,
  0x0000,0x0000,0x0000,0x0000,0x0000,0x0000,0xF81F,0xF81F,0xF81F,0xF81F,0xF81F,0xF81F,
  0xF81F,0xF81F,0xF81F,0xF81F,0xF81F,0xF81F,0xF81F,0xF81F,0xF81F,0xF81F,0xF81F,0xF81F,
  0xF81F,0xF81F,0xF81F,0xF81F,0xF81F,0xF81F,0xF81F,0xF81F,0xF81F,0xF81F,0xF81F,0xF81F,
  0xF81F,0xF81F,0xF81F,0xF81F,0xF81F,0xF81F,0x0000,0x0000,0x0000,0x0000,0x0000,0x0000,
  0x0000,0x0000,0x0000,0x0000,0x0000,0x0000,0x0000,0x0000,0x0000,0x0000,0x0000,0x0000,
  0x0000,0x0000,0x0000,0x0000,0x0000,0x0000,0x0000,0x0000,0xAD55,0xAD55,0xAD55,0xAD55,
  0xAD55,0xAD55,0xAD55,0xAD55,0x10A3,0x0000,0x0000,0x0000,0x0000,0x0000,0x0000,0x0000,
  0x0000,0x0000,0x0000,0x0000,0x0000,0x0000,0x0000,0x0000,0x0000,0x0000,0x0000,0x0000,
  0x0000,0x0000,0x0000,0x0000,0x0000,0x0000,0x0000,0x0000,0x0000,0x0000,0x0000,0x0000,
  0x0000,0x0000,0x0000,0x0000,0x0000,0x0000,0x0000,0x0000,0x0000,0x0000,0x0000,0x0000,
  0xAD55,0xAD55,0xAD55,0xAD55,0xAD55,0xAD55,0xAD55,0xAD55,0xAD55,0x0000,0x0000,0x0000,
  0x0000,0x0000,0x0000,0x0000,0x0000,0x0000,0x0000,0x0000,0x0000,0x0000,0x0000,0x0000,
  0x0000,0x0000,0x0000,0x0000,0x0000,0x0000,0x0000,0x0000,0x0000,0x0000,0x0000,0x0000,
  0x0000,0x0000,0x0000,0x0000,0x0000,0x0000,0x0000,0x0000,0x0000,0x0000,0x0000,0x0000,
  0x0000,0x0000,0x0000,0x0000,0x0000,0x0000,0x0000,0x0000,0x0000,0x0000,0x0000,0x0000,
  0x0000,0x0000,0x0000,0x0000,0x0000,0x0000,0x0000,0x0000,0x0000,0x0000,0x0000,0x0000,
  0x0000,0x0000,0x0000,0x0000,0x0000,0x0000,0xF81F,0xF81F,0xF81F,0xF81F,0xF81F,0xF81F,
  0xF81F,0xF81F,0xF81F,0xF81F,0xF81F,0xF81F,0xF81F,0xF81F,0xF81F,0xF81F,0xF81F,0xF81F,
  0xF81F,0xF81F,0xF81F,0xF81F,0xF81F,0xF81F,0xF81F,0xF81F,0xF81F,0xF81F,0xF81F,0xF81F,
  0xF81F,0xF81F,0xF81F,0xF81F,0xF81F,0xF81F,0x0000,0x0000,0x0000,0x0000,0x0000,0x0000,
  0x0000,0x0000,0x0000,0x0000,0x0000,0x0000,0x0000,0x0000,0x0000,0x0000,0x0000,0x0000,
  0x0000,0x0000,0x0000,0x0000,0x0000,0x0000,0x0000,0x0000,0xAD55,0xAD55,0xAD55,0xAD55,
  0xAD55,0xAD55,0xAD55,0xAD55,0x10A3,0x0000,0x0000,0x0000,0x0000,0x0000,0x0000,0x0000,
  0x0000,0x0000,0x0000,0x0000,0x0000,0x0000,0x0000,0x0000,0x0000,0x0000,0x0000,0x0000,
  0x0000,0x0000,0x0000,0x0000,0x0000,0x0000,0x0000,0x0000,0x0000,0x0000,0x0000,0x0000,
  0x0000,0x0000,0x0000,0x0000,0x0000,0x0000,0x0000,0x0000,0x0000,0x0000,0x0000,0x0000,
  0xAD55,0xAD55,0xAD55,0xAD55,0xAD55,0xAD55,0xAD55,0xAD55,0xAD55,0x0000,0x0000,0x0000,
  0x0000,0x0000,0x0000,0x0000,0x0000,0x0000,0x0000,0x0000,0x0000,0x0000,0x0000,0x0000,
  0x0000,0x0000,0x0000,0x0000,0x0000,0x0000,0x0000,0x0000,0x0000,0x0000,0x0000,0x0000,
  0x0000,0x0000,0x0000,0x0000,0x0000,0x0000,0x0000,0x0000,0x0000,0x0000,0x0000,0x0000,
  0x0000,0x0000,0x0000,0x0000,0x0000,0x0000,0x0000,0x0000,0x0000,0x0000,0x0000,0x0000,
  0x0000,0x0000,0x0000,0x0000,0x0000,0x0000,0x0000,0x0000,0x0000,0x0000,0x0000,0x0000,
  0x0000,0x0000,0x0000,0x0000,0x0000,0x0000,0xF81F,0xF81F,0xF81F,0xF81F,0xF81F,0xF81F,
  0xF81F,0xF81F,0xF81F,0xF81F,0xF81F,0xF81F,0xF81F,0xF81F,0xF81F,0xF81F,0xF81F,0xF81F,
  0xF81F,0xF81F,0xF81F,0xF81F,0xF81F,0xF81F,0xF81F,0xF81F,0xF81F,0xF81F,0xF81F,0xF81F,
  0xF81F,0xF81F,0xF81F,0xF81F,0xF81F,0xF81F,0x0000,0x0000,0x0000,0x0000,0x0000,0x0000,
  0x0000,0x0000,0x0000,0x0000,0x0000,0x0000,0x0000,0x0000,0x0000,0x0000,0x0000,0x0000,
  0x0000,0x0000,0x0000,0x0000,0x0000,0x0000,0x0000,0x0000,0xAD55,0xAD55,0xAD55,0xAD55,
  0xAD55,0xAD55,0xAD55,0xAD55,0x10A3,0x0000,0x0000,0x0000,0x0000,0x0000,0x0000,0x0000,
  0x0000,0x0000,0x0000,0x0000,0x0000,0x0000,0x0000,0x0000,0x0000,0x0000,0x0000,0x0000,
  0x0000,0x0000,0x0000,0x0000,0x0000,0x0000,0x0000,0x0000,0x0000,0x0000,0x0000,0x0000,
  0x0000,0x0000,0x0000,0x0000,0x0000,0x0000,0x0000,0x0000,0x0000,0x0000,0x0000,0x0000,
  0xAD55,0xAD55,0xAD55,0xAD55,0xAD55,0xAD55,0xAD55,0xAD55,0xAD55,0x0000,0x0000,0x0000,
  0x0000,0x0000,0x0000,0x0000,0x0000,0x0000,0x0000,0x0000,0x0000,0x0000,0x0000,0x0000,
  0x0000,0x0000,0x0000,0x0000,0x0000,0x0000,0x0000,0x0000,0x0000,0x0000,0x0000,0x0000,
  0x0000,0x0000,0x0000,0x0000,0x0000,0x0000,0x0000,0x0000,0x0000,0x0000,0x0000,0x0000,
  0x0000,0x0000,0x0000,0x0000,0x0000,0x0000,0x0000,0x0000,0x0000,0x0000,0x0000,0x0000,
  0x0000,0x0000,0x0000,0x0000,0x0000,0x0000,0x0000,0x0000,0x0000,0x0000,0x0000,0x0000,
  0x0000,0x0000,0x0000,0x0000,0x0000,0x0000,0xF81F,0xF81F,0xF81F,0xF81F,0xF81F,0xF81F,
  0xF81F,0xF81F,0xF81F,0xF81F,0xF81F,0xF81F,0xF81F,0xF81F,0xF81F,0xF81F,0xF81F,0xF81F,
  0xF81F,0xF81F,0xF81F,0xF81F,0xF81F,0xF81F,0xF81F,0xF81F,0xF81F,0xF81F,0xF81F,0xF81F,
  0xF81F,0xF81F,0xF81F,0xF81F,0xF81F,0xF81F,0x0000,0x0000,0x0000,0x0000,0x0000,0x0000,
  0x0000,0x0000,0x0000,0x0000,0x0000,0x0000,0x0000,0x0000,0x0000,0x0000,0x0000,0x0000,
  0x0000,0x0000,0x0000,0x0000,0x0000,0x0000,0x0000,0x0000,0xAD55,0xAD55,0xAD55,0xAD55,
  0xAD55,0xAD55,0xAD55,0xAD55,0x10A3,0x0000,0x0000,0x0000,0x0000,0x0000,0x0000,0x0000,
  0x0000,0x0000,0x0000,0x0000,0x0000,0x0000,0x0000,0x0000,0x0000,0x0000,0x0000,0x0000,
  0x0000,0x0000,0x0000,0x0000,0x0000,0x0000,0x0000,0x0000,0x0000,0x0000,0x0000,0x0000,
  0x0000,0x0000,0x0000,0x0000,0x0000,0x0000,0x0000,0x0000,0x0000,0x0000,0x0000,0x0000,
  0xAD55,0xAD55,0xAD55,0xAD55,0xAD55,0xAD55,0xAD55,0xAD55,0xAD55,0x0000,0x0000,0x0000,
  0x0000,0x0000,0x0000,0x0000,0x0000,0x0000,0x0000,0x0000,0x0000,0x0000,0x0000,0x0000,
  0x0000,0x0000,0x0000,0x0000,0x0000,0x0000,0x0000,0x0000,0x0000,0x0000,0x0000,0x0000,
  0x0000,0x0000,0x0000,0x0000,0x0000,0x0000,0x0000,0x0000,0x0000,0x0000,0x0000,0x0000,
  0x0000,0x0000,0x0000,0x0000,0x0000,0x0000,0x0000,0x0000,0x0000,0x0000,0x0000,0x0000,
  0x0000,0x0000,0x0000,0x0000,0x0000,0x0000,0x0000,0x0000,0x0000,0x0000,0x0000,0x0000,
  0x0000,0x0000,0x0000,0x0000,0x0000,0x0000,0xF81F,0xF81F,0xF81F,0xF81F,0xF81F,0xF81F,
  0xF81F,0xF81F,0xF81F,0xF81F,0xF81F,0xF81F,0xF81F,0xF81F,0xF81F,0xF81F,0xF81F,0xF81F,
  0xF81F,0xF81F,0xF81F,0xF81F,0xF81F,0xF81F,0xF81F,0xF81F,0xF81F,0xF81F,0xF81F,0xF81F,
  0xF81F,0xF81F,0xF81F,0xF81F,0xF81F,0xF81F,0x0000,0x0000,0x0000,0x0000,0x0000,0x0000,
  0x0000,0x0000,0x0000,0x0000,0x0000,0x0000,0x0000,0x0000,0x0000,0x0000,0x0000,0x0000,
  0x0000,0x0000,0x0000,0x0000,0x0000,0x0000,0x0000,0x0000,0xAD55,0xAD55,0xAD55,0xAD55,
  0xAD55,0xAD55,0xAD55,0xAD55,0x10A3,0x0000,0x0000,0x0000,0x0000,0x0000,0x0000,0x0000,
  0x0000,0x0000,0x0000,0x0000,0x0000,0x0000,0x0000,0x0000,0x0000,0x0000,0x0000,0x0000,
  0x0000,0x0000,0x0000,0x0000,0x0000,0x0000,0x0000,0x0000,0x0000,0x0000,0x0000,0x0000,
  0x0000,0x0000,0x0000,0x0000,0x0000,0x0000,0x0000,0x0000,0x0000,0x0000,0x0000,0x0000,
  0xAD55,0xAD55,0xAD55,0xAD55,0xAD55,0xAD55,0xAD55,0xAD55,0xAD55,0x0000,0x0000,0x0000,
  0x0000,0x0000,0x0000,0x0000,0x0000,0x0000,0x0000,0x0000,0x0000,0x0000,0x0000,0x0000,
  0x0000,0x0000,0x0000,0x0000,0x0000,0x0000,0x0000,0x0000,0x0000,0x0000,0x0000,0x0000,
  0x0000,0x0000,0x0000,0x0000,0x0000,0x0000,0x0000,0x0000,0x0000,0x0000,0x0000,0x0000,
  0x0000,0x0000,0x0000,0x0000,0x0000,0x0000,0x0000,0x0000,0x0000,0x0000,0x0000,0x0000,
  0x0000,0x0000,0x0000,0x0000,0x0000,0x0000,0x0000,0x0000,0x0000,0x0000,0x0000,0x0000,
  0x0000,0x0000,0x0000,0x0000,0x0000,0x0000,0xF81F,0xF81F,0xF81F,0xF81F,0xF81F,0xF81F,
  0xF81F,0xF81F,0xF81F,0xF81F,0xF81F,0xF81F,0xF81F,0xF81F,0xF81F,0xF81F,0xF81F,0xF81F,
  0xF81F,0xF81F,0xF81F,0xF81F,0xF81F,0xF81F,0xF81F,0xF81F,0xF81F,0xF81F,0xF81F,0xF81F,
  0xF81F,0xF81F,0xF81F,0xF81F,0xF81F,0xF81F,0x0000,0x0000,0x0000,0x0000,0x0000,0x0000,
  0x0000,0x0000,0x0000,0x0000,0x0000,0x0000,0x0000,0x0000,0x0000,0x0000,0x0000,0x0000,
  0x0000,0x0000,0x0000,0x0000,0x0000,0x0000,0x0000,0x10A3,0xAD55,0xAD55,0xAD55,0xAD55,
  0xAD55,0xAD55,0xAD55,0xAD55,0x10A3,0x0000,0x0000,0x0000,0x0000,0x0000,0x0000,0x0000,
  0x0000,0x0000,0x0000,0x0000,0x0000,0x0000,0x0000,0x0000,0x0000,0x0000,0x0000,0x0000,
  0x0000,0x0000,0x0000,0x0000,0x0000,0x0000,0x0000,0x0000,0x0000,0x0000,0x0000,0x0000,
  0x0000,0x0000,0x0000,0x10A3,0x10A3,0x0000,0x0000,0x0000,0x0000,0x0000,0x0000,0x0000,
  0xAD55,0xAD55,0xAD55,0xAD55,0xAD55,0xAD55,0xAD55,0xAD55,0xAD55,0x0000,0x0000,0x0000,
  0x0000,0x0000,0x0000,0x0000,0x0000,0x0000,0x0000,0x0000,0x0000,0x0000,0x0000,0x0000,
  0x0000,0x0000,0x0000,0x0000,0x0000,0x0000,0x0000,0x0000,0x0000,0x0000,0x0000,0x0000,
  0x0000,0x0000,0x0000,0x0000,0x0000,0x0000,0x0000,0x0000,0x0000,0x0000,0x0000,0x0000,
  0x0000,0x0000,0x0000,0x0000,0x0000,0x0000,0x0000,0x0000,0x0000,0x0000,0x0000,0x0000,
  0x0000,0x0000,0x0000,0x0000,0x0000,0x0000,0x0000,0x0000,0x0000,0x0000,0x0000,0x0000,
  0x0000,0x0000,0x0000,0x0000,0x0000,0x0000,0xF81F,0xF81F,0xF81F,0xF81F,0xF81F,0xF81F,
  0xF81F,0xF81F,0xF81F,0xF81F,0xF81F,0xF81F,0xF81F,0xF81F,0xF81F,0xF81F,0xF81F,0xF81F,
  0xF81F,0xF81F,0xF81F,0xF81F,0xF81F,0xF81F,0xF81F,0xF81F,0xF81F,0xF81F,0xF81F,0xF81F,
  0xF81F,0xF81F,0xF81F,0xF81F,0xF81F,0x0000,0x0000,0x0000,0x0000,0x0000,0x0000,0x0000,
  0x0000,0x0000,0x0000,0x0000,0x0000,0x0000,0x0000,0x0000,0x0000,0x0000,0x0000,0x0000,
  0x0000,0x0000,0x0000,0x0000,0x0000,0x0000,0x0000,0x10A3,0xAD55,0xAD55,0xAD55,0xAD55,
  0xAD55,0xAD55,0xAD55,0xAD55,0x10A3,0x10A3,0x0000,0x0000,0x0000,0x0000,0x0000,0x0000,
  0x0000,0x0000,0x0000,0x0000,0x0000,0x0000,0x0000,0x0000,0x0000,0x0000,0x0000,0x0000,
  0x0000,0x0000,0x0000,0x0000,0x0000,0x0000,0x0000,0x0000,0x0000,0x0000,0x0000,0x0000,
  0x0000,0x0000,0x0000,0x0000,0x0000,0x0000,0x0000,0x0000,0x0000,0x0000,0x0000,0x0000,
  0xAD55,0xAD55,0xAD55,0xAD55,0xAD55,0xAD55,0xAD55,0xAD55,0xAD55,0x0000,0x0000,0x0000,
  0x0000,0x0000,0x0000,0x0000,0x0000,0x0000,0x0000,0x0000,0x0000,0x0000,0x0000,0x0000,
  0x0000,0x0000,0x0000,0x0000,0x0000,0x0000,0x0000,0x0000,0x0000,0x0000,0x0000,0x0000,
  0x0000,0x0000,0x0000,0x0000,0x0000,0x0000,0x0000,0x0000,0x0000,0x0000,0x0000,0x0000,
  0x0000,0x0000,0x0000,0x0000,0x0000,0x0000,0x0000,0x0000,0x0000,0x0000,0x0000,0x0000,
  0x0000,0x0000,0x0000,0x0000,0x0000,0x0000,0x0000,0x0000,0x0000,0x0000,0x0000,0x0000,
  0x0000,0x0000,0x0000,0x0000,0x0000,0x10A3,0xF81F,0xF81F,0xF81F,0xF81F,0xF81F,0xF81F,
  0xF81F,0xF81F,0xF81F,0xF81F,0xF81F,0xF81F,0xF81F,0xF81F,0xF81F,0xF81F,0xF81F,0xF81F,
  0xF81F,0xF81F,0xF81F,0xF81F,0xF81F,0xF81F,0xF81F,0xF81F,0xF81F,0xF81F,0xF81F,0xF81F,
  0xF81F,0xF81F,0xF81F,0xF81F,0xF81F,0xF81F,0x10A3,0x10A3,0x10A3,0x10A3,0x10A3,0x10A3,
  0x10A3,0x10A3,0x10A3,0x10A3,0x10A3,0x10A3,0x10A3,0x10A3,0x10A3,0x10A3,0x10A3,0x10A3,
  0x10A3,0x0000,0x0000,0x0000,0x0000,0x0000,0x0000,0x0000,0x10A3,0x10A3,0x10A3,0x10A3,
  0x10A3,0x10A3,0x10A3,0x10A3,0x0000,0x0000,0x0000,0x0000,0x0000,0x0000,0x0000,0x0000,
  0x0000,0x0000,0x10A3,0x10A3,0x10A3,0x10A3,0x10A3,0x10A3,0x10A3,0x10A3,0x10A3,0x10A3,
  0x10A3,0x10A3,0x10A3,0x10A3,0x10A3,0x10A3,0x10A3,0x10A3,0x10A3,0x10A3,0x10A3,0x10A3,
  0x10A3,0x10A3,0x10A3,0x10A3,0x0000,0x0000,0x0000,0x0000,0x0000,0x0000,0x0000,0x0000,
  0x10A3,0x10A3,0x10A3,0x10A3,0x10A3,0x10A3,0x0000,0x0000,0x0000,0x0000,0x0000,0x0000,
  0x0000,0x0000,0x0000,0x0000,0x0000,0x10A3,0x10A3,0x10A3,0x10A3,0x10A3,0x10A3,0x10A3,
  0x10A3,0x10A3,0x10A3,0x10A3,0x10A3,0x10A3,0x10A3,0x10A3,0x10A3,0x10A3,0x10A3,0x10A3,
  0x10A3,0x10A3,0x10A3,0x10A3,0x10A3,0x10A3,0x10A3,0x10A3,0x10A3,0x10A3,0x10A3,0x10A3,
  0x10A3,0x10A3,0x10A3,0x10A3,0x10A3,0x10A3,0x10A3,0x10A3,0x10A3,0x10A3,0x10A3,0x10A3,
  0x10A3,0x10A3,0x10A3,0x10A3,0x10A3,0x10A3,0x10A3,0x10A3,0x10A3,0x10A3,0x10A3,0x10A3,
  0x10A3,0x10A3,0x10A3,0x10A3,0x10A3,0x10A3,0xF81F,0xF81F,0xF81F,0xF81F,0xF81F,0xF81F,
  0xF81F,0xF81F,0xF81F,0xF81F,0xF81F,0xF81F,0xF81F,0xF81F,0xF81F,0xF81F,0xF81F,0xF81F,
  0xF81F,0xF81F,0xF81F,0xF81F,0xF81F,0xF81F,0xF81F,0xF81F,0xF81F,0xF81F,0xF81F,0xF81F,
  0xF81F,0xF81F,0xF81F,0xF81F,0xF81F,0xF81F,0xF81F,0xF81F,0xF81F,0xF81F,0xF81F,0xF81F,
  0xF81F,0xF81F,0xF81F,0xF81F,0xF81F,0xF81F,0xF81F,0xF81F,0xF81F,0xF81F,0xF81F,0x10A3,
  0x0000,0x0000,0x0000,0x0000,0x0000,0x0000,0x0000,0x0000,0x0000,0x0000,0x0000,0x0000,
  0x0000,0x0000,0x0000,0x0000,0x0000,0x0000,0x0000,0x0000,0x0000,0x0000,0x0000,0x0000,
  0x0000,0xF81F,0xF81F,0xF81F,0xF81F,0xF81F,0xF81F,0xF81F,0xF81F,0xF81F,0xF81F,0xF81F,
  0xF81F,0xF81F,0xF81F,0xF81F,0xF81F,0xF81F,0xF81F,0xF81F,0xF81F,0xF81F,0xF81F,0xF81F,
  0xF81F,0xF81F,0xF81F,0x10A3,0x0000,0x0000,0x0000,0x0000,0x0000,0x0000,0x0000,0x0000,
  0x0000,0x0000,0x0000,0x0000,0x0000,0x0000,0x0000,0x0000,0x0000,0x0000,0x0000,0x0000,
  0x0000,0x0000,0x0000,0x0000,0x0000,0xF81F,0xF81F,0xF81F,0xF81F,0xF81F,0xF81F,0xF81F,
  0xF81F,0xF81F,0xF81F,0xF81F,0xF81F,0xF81F,0xF81F,0xF81F,0xF81F,0xF81F,0xF81F,0xF81F,
  0xF81F,0xF81F,0xF81F,0xF81F,0xF81F,0xF81F,0xF81F,0xF81F,0xF81F,0xF81F,0xF81F,0xF81F,
  0xF81F,0xF81F,0xF81F,0xF81F,0xF81F,0xF81F,0xF81F,0xF81F,0xF81F,0xF81F,0xF81F,0xF81F,
  0xF81F,0xF81F,0xF81F,0xF81F,0xF81F,0xF81F,0xF81F,0xF81F,0xF81F,0xF81F,0xF81F,0xF81F,
  0xF81F,0xF81F,0xF81F,0xF81F,0xF81F,0xF81F,0xF81F,0xF81F,0xF81F,0xF81F,0xF81F,0xF81F,
  0xF81F,0xF81F,0xF81F,0xF81F,0xF81F,0xF81F,0xF81F,0xF81F,0xF81F,0xF81F,0xF81F,0xF81F,
  0xF81F,0xF81F,0xF81F,0xF81F,0xF81F,0xF81F,0xF81F,0xF81F,0xF81F,0xF81F,0xF81F,0xF81F,
  0xF81F,0xF81F,0xF81F,0xF81F,0xF81F,0xF81F,0xF81F,0xF81F,0xF81F,0xF81F,0xF81F,0xF81F,
  0xF81F,0xF81F,0xF81F,0xF81F,0xF81F,0xF81F,0xF81F,0xF81F,0xF81F,0xF81F,0xF81F,0x0000,
  0x0000,0x0000,0x0000,0x0000,0x0000,0x0000,0x0000,0x0000,0x0000,0x0000,0x0000,0x0000,
  0x0000,0x0000,0x0000,0x0000,0x0000,0x0000,0x0000,0x0000,0x0000,0x0000,0x0000,0x0000,
  0x0000,0xF81F,0xF81F,0xF81F,0xF81F,0xF81F,0xF81F,0xF81F,0xF81F,0xF81F,0xF81F,0xF81F,
  0xF81F,0xF81F,0xF81F,0xF81F,0xF81F,0xF81F,0xF81F,0xF81F,0xF81F,0xF81F,0xF81F,0xF81F,
  0xF81F,0xF81F,0xF81F,0x10A3,0x0000,0x0000,0x0000,0x0000,0x0000,0x0000,0x0000,0x0000,
  0x0000,0x0000,0x0000,0x0000,0x0000,0x0000,0x0000,0x0000,0x0000,0x0000,0x0000,0x0000,
  0x0000,0x0000,0x0000,0x0000,0x0000,0xF81F,0xF81F,0xF81F,0xF81F,0xF81F,0xF81F,0xF81F,
  0xF81F,0xF81F,0xF81F,0xF81F,0xF81F,0xF81F,0xF81F,0xF81F,0xF81F,0xF81F,0xF81F,0xF81F,
  0xF81F,0xF81F,0xF81F,0xF81F,0xF81F,0xF81F,0xF81F,0xF81F,0xF81F,0xF81F,0xF81F,0xF81F,
  0xF81F,0xF81F,0xF81F,0xF81F,0xF81F,0xF81F,0xF81F,0xF81F,0xF81F,0xF81F,0xF81F,0xF81F,
  0xF81F,0xF81F,0xF81F,0xF81F,0xF81F,0xF81F,0xF81F,0xF81F,0xF81F,0xF81F,0xF81F,0xF81F,
  0xF81F,0xF81F,0xF81F,0xF81F,0xF81F,0xF81F,0xF81F,0xF81F,0xF81F,0xF81F,0xF81F,0xF81F,
  0xF81F,0xF81F,0xF81F,0xF81F,0xF81F,0xF81F,0xF81F,0xF81F,0xF81F,0xF81F,0xF81F,0xF81F,
  0xF81F,0xF81F,0xF81F,0xF81F,0xF81F,0xF81F,0xF81F,0xF81F,0xF81F,0xF81F,0xF81F,0xF81F,
  0xF81F,0xF81F,0xF81F,0xF81F,0xF81F,0xF81F,0xF81F,0xF81F,0xF81F,0xF81F,0xF81F,0xF81F,
  0xF81F,0xF81F,0xF81F,0xF81F,0xF81F,0xF81F,0xF81F,0xF81F,0xF81F,0xF81F,0xF81F,0x0000,
  0x0000,0x0000,0x0000,0x0000,0x0000,0x0000,0x0000,0x0000,0x0000,0x0000,0x0000,0x0000,
  0x0000,0x0000,0x0000,0x0000,0x0000,0x0000,0x0000,0x0000,0x0000,0x0000,0x0000,0x0000,
  0x0000,0xF81F,0xF81F,0xF81F,0xF81F,0xF81F,0xF81F,0xF81F,0xF81F,0xF81F,0xF81F,0xF81F,
  0xF81F,0xF81F,0xF81F,0xF81F,0xF81F,0xF81F,0xF81F,0xF81F,0xF81F,0xF81F,0xF81F,0xF81F,
  0xF81F,0xF81F,0xF81F,0x10A3,0x0000,0x0000,0x0000,0x0000,0x0000,0x0000,0x0000,0x0000,
  0x0000,0x0000,0x0000,0x0000,0x0000,0x0000,0x0000,0x0000,0x0000,0x0000,0x0000,0x0000,
  0x0000,0x0000,0x0000,0x0000,0x0000,0xF81F,0xF81F,0xF81F,0xF81F,0xF81F,0xF81F,0xF81F,
  0xF81F,0xF81F,0xF81F,0xF81F,0xF81F,0xF81F,0xF81F,0xF81F,0xF81F,0xF81F,0xF81F,0xF81F,
  0xF81F,0xF81F,0xF81F,0xF81F,0xF81F,0xF81F,0xF81F,0xF81F,0xF81F,0xF81F,0xF81F,0xF81F,
  0xF81F,0xF81F,0xF81F,0xF81F,0xF81F,0xF81F,0xF81F,0xF81F,0xF81F,0xF81F,0xF81F,0xF81F,
  0xF81F,0xF81F,0xF81F,0xF81F,0xF81F,0xF81F,0xF81F,0xF81F,0xF81F,0xF81F,0xF81F,0xF81F,
  0xF81F,0xF81F,0xF81F,0xF81F,0xF81F,0xF81F,0xF81F,0xF81F,0xF81F,0xF81F,0xF81F,0xF81F,
  0xF81F,0xF81F,0xF81F,0xF81F,0xF81F,0xF81F,0xF81F,0xF81F,0xF81F,0xF81F,0xF81F,0xF81F,
  0xF81F,0xF81F,0xF81F,0xF81F,0xF81F,0xF81F,0xF81F,0xF81F,0xF81F,0xF81F,0xF81F,0xF81F,
  0xF81F,0xF81F,0xF81F,0xF81F,0xF81F,0xF81F,0xF81F,0xF81F,0xF81F,0xF81F,0xF81F,0xF81F,
  0xF81F,0xF81F,0xF81F,0xF81F,0xF81F,0xF81F,0xF81F,0xF81F,0xF81F,0xF81F,0xF81F,0x0000,
  0x0000,0x0000,0x0000,0x0000,0x0000,0x0000,0x0000,0x0000,0x0000,0x0000,0x0000,0x0000,
  0x0000,0x0000,0x0000,0x0000,0x0000,0x0000,0x0000,0x0000,0x0000,0x0000,0x0000,0x0000,
  0x0000,0xF81F,0xF81F,0xF81F,0xF81F,0xF81F,0xF81F,0xF81F,0xF81F,0xF81F,0xF81F,0xF81F,
  0xF81F,0xF81F,0xF81F,0xF81F,0xF81F,0xF81F,0xF81F,0xF81F,0xF81F,0xF81F,0xF81F,0xF81F,
  0xF81F,0xF81F,0xF81F,0x10A3,0x0000,0x0000,0x0000,0x0000,0x0000,0x0000,0x0000,0x0000,
  0x0000,0x0000,0x0000,0x0000,0x0000,0x0000,0x0000,0x0000,0x0000,0x0000,0x0000,0x0000,
  0x0000,0x0000,0x0000,0x0000,0x0000,0xF81F,0xF81F,0xF81F,0xF81F,0xF81F,0xF81F,0xF81F,
  0xF81F,0xF81F,0xF81F,0xF81F,0xF81F,0xF81F,0xF81F,0xF81F,0xF81F,0xF81F,0xF81F,0xF81F,
  0xF81F,0xF81F,0xF81F,0xF81F,0xF81F,0xF81F,0xF81F,0xF81F,0xF81F,0xF81F,0xF81F,0xF81F,
  0xF81F,0xF81F,0xF81F,0xF81F,0xF81F,0xF81F,0xF81F,0xF81F,0xF81F,0xF81F,0xF81F,0xF81F,
  0xF81F,0xF81F,0xF81F,0xF81F,0xF81F,0xF81F,0xF81F,0xF81F,0xF81F,0xF81F,0xF81F,0xF81F,
  0xF81F,0xF81F,0xF81F,0xF81F,0xF81F,0xF81F,0xF81F,0xF81F,0xF81F,0xF81F,0xF81F,0xF81F,
  0xF81F,0xF81F,0xF81F,0xF81F,0xF81F,0xF81F,0xF81F,0xF81F,0xF81F,0xF81F,0xF81F,0xF81F,
  0xF81F,0xF81F,0xF81F,0xF81F,0xF81F,0xF81F,0xF81F,0xF81F,0xF81F,0xF81F,0xF81F,0xF81F,
  0xF81F,0xF81F,0xF81F,0xF81F,0xF81F,0xF81F,0xF81F,0xF81F,0xF81F,0xF81F,0xF81F,0xF81F,
  0xF81F,0xF81F,0xF81F,0xF81F,0xF81F,0xF81F,0xF81F,0xF81F,0xF81F,0xF81F,0xF81F,0x0000,
  0x0000,0x0000,0x0000,0x0000,0x0000,0x0000,0x0000,0x0000,0x0000,0x0000,0x0000,0x0000,
  0x0000,0x0000,0x0000,0x0000,0x0000,0x0000,0x0000,0x0000,0x0000,0x0000,0x0000,0x0000,
  0x0000,0xF81F,0xF81F,0xF81F,0xF81F,0xF81F,0xF81F,0xF81F,0xF81F,0xF81F,0xF81F,0xF81F,
  0xF81F,0xF81F,0xF81F,0xF81F,0xF81F,0xF81F,0xF81F,0xF81F,0xF81F,0xF81F,0xF81F,0xF81F,
  0xF81F,0xF81F,0xF81F,0x10A3,0x0000,0x0000,0x0000,0x0000,0x0000,0x0000,0x0000,0x0000,
  0x0000,0x0000,0x0000,0x0000,0x0000,0x0000,0x0000,0x0000,0x0000,0x0000,0x0000,0x0000,
  0x0000,0x0000,0x0000,0x0000,0x0000,0xF81F,0xF81F,0xF81F,0xF81F,0xF81F,0xF81F,0xF81F,
  0xF81F,0xF81F,0xF81F,0xF81F,0xF81F,0xF81F,0xF81F,0xF81F,0xF81F,0xF81F,0xF81F,0xF81F,
  0xF81F,0xF81F,0xF81F,0xF81F,0xF81F,0xF81F,0xF81F,0xF81F,0xF81F,0xF81F,0xF81F,0xF81F,
  0xF81F,0xF81F,0xF81F,0xF81F,0xF81F,0xF81F,0xF81F,0xF81F,0xF81F,0xF81F,0xF81F,0xF81F,
  0xF81F,0xF81F,0xF81F,0xF81F,0xF81F,0xF81F,0xF81F,0xF81F,0xF81F,0xF81F,0xF81F,0xF81F,
  0xF81F,0xF81F,0xF81F,0xF81F,0xF81F,0xF81F,0xF81F,0xF81F,0xF81F,0xF81F,0xF81F,0xF81F,
  0xF81F,0xF81F,0xF81F,0xF81F,0xF81F,0xF81F,0xF81F,0xF81F,0xF81F,0xF81F,0xF81F,0xF81F,
  0xF81F,0xF81F,0xF81F,0xF81F,0xF81F,0xF81F,0xF81F,0xF81F,0xF81F,0xF81F,0xF81F,0xF81F,
  0xF81F,0xF81F,0xF81F,0xF81F,0xF81F,0xF81F,0xF81F,0xF81F,0xF81F,0xF81F,0xF81F,0xF81F,
  0xF81F,0xF81F,0xF81F,0xF81F,0xF81F,0xF81F,0xF81F,0xF81F,0xF81F,0xF81F,0xF81F,0x0000,
  0x0000,0x0000,0x0000,0x0000,0x0000,0x0000,0x0000,0x0000,0x0000,0x0000,0x0000,0x0000,
  0x0000,0x0000,0x0000,0x0000,0x0000,0x0000,0x0000,0x0000,0x0000,0x0000,0x0000,0x0000,
  0x0000,0xF81F,0xF81F,0xF81F,0xF81F,0xF81F,0xF81F,0xF81F,0xF81F,0xF81F,0xF81F,0xF81F,
  0xF81F,0xF81F,0xF81F,0xF81F,0xF81F,0xF81F,0xF81F,0xF81F,0xF81F,0xF81F,0xF81F,0xF81F,
  0xF81F,0xF81F,0xF81F,0x10A3,0x0000,0x0000,0x0000,0x0000,0x0000,0x0000,0x0000,0x0000,
  0x0000,0x0000,0x0000,0x0000,0x0000,0x0000,0x0000,0x0000,0x0000,0x0000,0x0000,0x0000,
  0x0000,0x0000,0x0000,0x0000,0x0000,0xF81F,0xF81F,0xF81F,0xF81F,0xF81F,0xF81F,0xF81F,
  0xF81F,0xF81F,0xF81F,0xF81F,0xF81F,0xF81F,0xF81F,0xF81F,0xF81F,0xF81F,0xF81F,0xF81F,
  0xF81F,0xF81F,0xF81F,0xF81F,0xF81F,0xF81F,0xF81F,0xF81F,0xF81F,0xF81F,0xF81F,0xF81F,
  0xF81F,0xF81F,0xF81F,0xF81F,0xF81F,0xF81F,0xF81F,0xF81F,0xF81F,0xF81F,0xF81F,0xF81F,
  0xF81F,0xF81F,0xF81F,0xF81F,0xF81F,0xF81F,0xF81F,0xF81F,0xF81F,0xF81F,0xF81F,0xF81F,
  0xF81F,0xF81F,0xF81F,0xF81F,0xF81F,0xF81F,0xF81F,0xF81F,0xF81F,0xF81F,0xF81F,0xF81F,
  0xF81F,0xF81F,0xF81F,0xF81F,0xF81F,0xF81F,0xF81F,0xF81F,0xF81F,0xF81F,0xF81F,0xF81F,
  0xF81F,0xF81F,0xF81F,0xF81F,0xF81F,0xF81F,0xF81F,0xF81F,0xF81F,0xF81F,0xF81F,0xF81F,
  0xF81F,0xF81F,0xF81F,0xF81F,0xF81F,0xF81F,0xF81F,0xF81F,0xF81F,0xF81F,0xF81F,0xF81F,
  0xF81F,0xF81F,0xF81F,0xF81F,0xF81F,0xF81F,0xF81F,0xF81F,0xF81F,0xF81F,0xF81F,0x0000,
  0x0000,0x0000,0x0000,0x0000,0x0000,0x0000,0x0000,0x0000,0x0000,0x0000,0x0000,0x0000,
  0x0000,0x0000,0x0000,0x0000,0x0000,0x0000,0x0000,0x0000,0x0000,0x0000,0x0000,0x0000,
  0x0000,0xF81F,0xF81F,0xF81F,0xF81F,0xF81F,0xF81F,0xF81F,0xF81F,0xF81F,0xF81F,0xF81F,
  0xF81F,0xF81F,0xF81F,0xF81F,0xF81F,0xF81F,0xF81F,0xF81F,0xF81F,0xF81F,0xF81F,0xF81F,
  0xF81F,0xF81F,0xF81F,0x10A3,0x0000,0x0000,0x0000,0x0000,0x0000,0x0000,0x0000,0x0000,
  0x0000,0x0000,0x0000,0x0000,0x0000,0x0000,0x0000,0x0000,0x0000,0x0000,0x0000,0x0000,
  0x0000,0x0000,0x0000,0x0000,0x0000,0xF81F,0xF81F,0xF81F,0xF81F,0xF81F,0xF81F,0xF81F,
  0xF81F,0xF81F,0xF81F,0xF81F,0xF81F,0xF81F,0xF81F,0xF81F,0xF81F,0xF81F,0xF81F,0xF81F,
  0xF81F,0xF81F,0xF81F,0xF81F,0xF81F,0xF81F,0xF81F,0xF81F,0xF81F,0xF81F,0xF81F,0xF81F,
  0xF81F,0xF81F,0xF81F,0xF81F,0xF81F,0xF81F,0xF81F,0xF81F,0xF81F,0xF81F,0xF81F,0xF81F,
  0xF81F,0xF81F,0xF81F,0xF81F,0xF81F,0xF81F,0xF81F,0xF81F,0xF81F,0xF81F,0xF81F,0xF81F,
  0xF81F,0xF81F,0xF81F,0xF81F,0xF81F,0xF81F,0xF81F,0xF81F,0xF81F,0xF81F,0xF81F,0xF81F,
  0xF81F,0xF81F,0xF81F,0xF81F,0xF81F,0xF81F,0xF81F,0xF81F,0xF81F,0xF81F,0xF81F,0xF81F,
  0xF81F,0xF81F,0xF81F,0xF81F,0xF81F,0xF81F,0xF81F,0xF81F,0xF81F,0xF81F,0xF81F,0xF81F,
  0xF81F,0xF81F,0xF81F,0xF81F,0xF81F,0xF81F,0xF81F,0xF81F,0xF81F,0xF81F,0xF81F,0xF81F,
  0xF81F,0xF81F,0xF81F,0xF81F,0xF81F,0xF81F,0xF81F,0xF81F,0xF81F,0xF81F,0xF81F,0xF81F,
  0xF81F,0xF81F,0xF81F,0xF81F,0xF81F,0xF81F,0xF81F,0xF81F,0xF81F,0xF81F,0xF81F,0xF81F,
  0xF81F,0xF81F,0xF81F,0xF81F,0xF81F,0xF81F,0xF81F,0xF81F,0xF81F,0xF81F,0xF81F,0xF81F,
  0xF81F,0xF81F,0xF81F,0xF81F,0xF81F,0xF81F,0xF81F,0xF81F,0xF81F,0xF81F,0xF81F,0xF81F,
  0xF81F,0xF81F,0xF81F,0xF81F,0xF81F,0xF81F,0xF81F,0xF81F,0xF81F,0xF81F,0xF81F,0xF81F,
  0xF81F,0xF81F,0xF81F,0xF81F,0xF81F,0xF81F,0xF81F,0xF81F,0xF81F,0xF81F,0xF81F,0xF81F,
  0xF81F,0xF81F,0xF81F,0xF81F,0xF81F,0xF81F,0xF81F,0xF81F,0xF81F,0xF81F,0xF81F,0xF81F,
  0xF81F,0xF81F,0xF81F,0xF81F,0xF81F,0xF81F,0xF81F,0xF81F,0xF81F,0xF81F,0xF81F,0xF81F,
  0xF81F,0xF81F,0xF81F,0xF81F,0xF81F,0xF81F,0xF81F,0xF81F,0xF81F,0xF81F,0xF81F,0xF81F,
  0xF81F,0xF81F,0xF81F,0xF81F,0xF81F,0xF81F,0xF81F,0xF81F,0xF81F,0xF81F,0xF81F,0xF81F,
  0xF81F,0xF81F,0xF81F,0xF81F,0xF81F,0xF81F,0xF81F,0xF81F,0xF81F,0xF81F,0xF81F,0xF81F,
  0xF81F,0xF81F,0xF81F,0xF81F,0xF81F,0xF81F,0xF81F,0xF81F,0xF81F,0xF81F,0xF81F,0xF81F,
  0xF81F,0xF81F,0xF81F,0xF81F,0xF81F,0xF81F,0xF81F,0xF81F,0xF81F,0xF81F,0xF81F,0xF81F,
  0xF81F,0xF81F,0xF81F,0xF81F,0xF81F,0xF81F,0xF81F,0xF81F,0xF81F,0xF81F,0xF81F,0xF81F,
};
