// Generated by tools/toaster_convert.py -- do not edit.
// After Dark flying toaster sprites, artwork (c) Berkeley Systems.
#pragma once
#include <stdint.h>

#define TOASTER_SPRITE_W 64
#define TOASTER_SPRITE_H 64
#define TOASTER_TRANSPARENT 0xF81F

static const uint16_t kToasterFrames[4][4096] = {
  {
    0xF81F, 0xF81F, 0xF81F, 0xF81F, 0xF81F, 0xF81F, 0xF81F, 0xF81F, 0xF81F, 0xF81F, 0xF81F, 0xF81F, 0xF81F, 0xF81F, 0xF81F, 0xF81F,
    0xF81F, 0xF81F, 0xF81F, 0xF81F, 0xEF7D, 0xEF7D, 0xEF7D, 0xEF7D, 0xF81F, 0xF81F, 0xF81F, 0xF81F, 0xF81F, 0xF81F, 0xF81F, 0xF81F,
    0xF81F, 0xF81F, 0xF81F, 0xF81F, 0xF81F, 0xF81F, 0xF81F, 0xF81F, 0xF81F, 0xF81F, 0xF81F, 0xF81F, 0xF81F, 0xF81F, 0xF81F, 0xF81F,
    0xF81F, 0xF81F, 0xF81F, 0xF81F, 0xF81F, 0xF81F, 0xF81F, 0xF81F, 0xF81F, 0xF81F, 0xF81F, 0xF81F, 0xF81F, 0xF81F, 0xF81F, 0xF81F,
    0xF81F, 0xF81F, 0xF81F, 0xF81F, 0xF81F, 0xF81F, 0xF81F, 0xF81F, 0xF81F, 0xF81F, 0xF81F, 0xF81F, 0xF81F, 0xF81F, 0xF81F, 0xF81F,
    0xF81F, 0xEF7D, 0xEF7D, 0xEF7D, 0xFFFF, 0xFFFF, 0xFFFF, 0xEF7D, 0xEF7D, 0xEF7D, 0xF81F, 0xF81F, 0xF81F, 0xF81F, 0xF81F, 0xF81F,
    0xF81F, 0xF81F, 0xF81F, 0xF81F, 0xF81F, 0xF81F, 0xF81F, 0xF81F, 0xF81F, 0xF81F, 0xF81F, 0xF81F, 0xF81F, 0xF81F, 0xF81F, 0xF81F,
    0xF81F, 0xF81F, 0xF81F, 0xF81F, 0xF81F, 0xF81F, 0xF81F, 0xF81F, 0xF81F, 0xF81F, 0xF81F, 0xF81F, 0xF81F, 0xF81F, 0xF81F, 0xF81F,
    0xF81F, 0xF81F, 0xF81F, 0xF81F, 0xF81F, 0xF81F, 0xF81F, 0xF81F, 0xF81F, 0xF81F, 0xF81F, 0xF81F, 0xF81F, 0xF81F, 0xF81F, 0xEF7D,
    0xEF7D, 0xEF7D, 0xFFFF, 0xFFFF, 0xFFFF, 0xFFFF, 0xFFFF, 0xFFFF, 0xCE79, 0xCE79, 0xCE79, 0xF81F, 0xF81F, 0xF81F, 0xF81F, 0xF81F,
    0xF81F, 0xF81F, 0xF81F, 0xF81F, 0xF81F, 0xF81F, 0xF81F, 0xF81F, 0xF81F, 0xF81F, 0xF81F, 0xF81F, 0xF81F, 0xF81F, 0xF81F, 0xF81F,
    0xF81F, 0xF81F, 0xF81F, 0xF81F, 0xF81F, 0xF81F, 0xF81F, 0xF81F, 0xF81F, 0xF81F, 0xF81F, 0xF81F, 0xF81F, 0xF81F, 0xF81F, 0xF81F,
    0xF81F, 0xF81F, 0xF81F, 0xF81F, 0xF81F, 0xF81F, 0xF81F, 0xF81F, 0xF81F, 0xF81F, 0xF81F, 0xF81F, 0xF81F, 0xF81F, 0xEF7D, 0xEF7D,
    0xEF7D, 0xFFFF, 0xFFFF, 0xFFFF, 0xFFFF, 0xCE79, 0xCE79, 0xCE79, 0x9CD3, 0x9CD3, 0x9CD3, 0x9CD3, 0xF81F, 0xF81F, 0xF81F, 0xF81F,
    0xF81F, 0xF81F, 0xF81F, 0xF81F, 0xF81F, 0xF81F, 0xF81F, 0xF81F, 0xF81F, 0xF81F, 0xF81F, 0xF81F, 0xF81F, 0xF81F, 0xF81F, 0xF81F,
    0xF81F, 0xF81F, 0xF81F, 0xF81F, 0xF81F, 0xF81F, 0xF81F, 0xF81F, 0xF81F, 0xF81F, 0xF81F, 0xF81F, 0xF81F, 0xF81F, 0xF81F, 0xF81F,
    0xF81F, 0xF81F, 0xF81F, 0xF81F, 0xF81F, 0xF81F, 0xF81F, 0xF81F, 0xF81F, 0xF81F, 0xF81F, 0xF81F, 0xF81F, 0xEF7D, 0xEF7D, 0xFFFF,
    0xFFFF, 0xFFFF, 0xFFFF, 0xFFFF, 0xCE79, 0x9CD3, 0x9CD3, 0x9CD3, 0xFFFF, 0xFFFF, 0xFFFF, 0xCE79, 0xF81F, 0xF81F, 0xF81F, 0xF81F,
    0xF81F, 0xF81F, 0xF81F, 0xF81F, 0xF81F, 0xF81F, 0xF81F, 0xF81F, 0xF81F, 0xF81F, 0xF81F, 0xF81F, 0xF81F, 0xF81F, 0xF81F, 0xF81F,
    0xF81F, 0xF81F, 0xF81F, 0xF81F, 0xF81F, 0xF81F, 0xF81F, 0xF81F, 0xF81F, 0xF81F, 0xF81F, 0xF81F, 0xF81F, 0xF81F, 0xF81F, 0xF81F,
    0xF81F, 0xF81F, 0xF81F, 0xF81F, 0xF81F, 0xF81F, 0xF81F, 0xF81F, 0xF81F, 0xF81F, 0xF81F, 0xF81F, 0xEF7D, 0xEF7D, 0xFFFF, 0xFFFF,
    0xFFFF, 0xFFFF, 0xFFFF, 0xCE79, 0x9CD3, 0xFFFF, 0xFFFF, 0xFFFF, 0xFFFF, 0xFFFF, 0xCE79, 0xCE79, 0xF81F, 0xF81F, 0xF81F, 0xF81F,
    0xF81F, 0xF81F, 0xF81F, 0xF81F, 0xF81F, 0xF81F, 0xF81F, 0xF81F, 0xF81F, 0xF81F, 0xF81F, 0xF81F, 0xF81F, 0xF81F, 0xF81F, 0xF81F,
    0xF81F, 0xF81F, 0xF81F, 0xF81F, 0xF81F, 0xF81F, 0xF81F, 0xF81F, 0xF81F, 0xF81F, 0xF81F, 0xF81F, 0xF81F, 0xF81F, 0xF81F, 0xF81F,
    0xF81F, 0xF81F, 0xF81F, 0xF81F, 0xF81F, 0xF81F, 0xF81F, 0xF81F, 0xF81F, 0xF81F, 0xF81F, 0xF81F, 0xEF7D, 0xFFFF, 0xFFFF, 0xFFFF,
    0xFFFF, 0xFFFF, 0xFFFF, 0xFFFF, 0xFFFF, 0xCE79, 0xCE79, 0xCE79, 0xCE79, 0xCE79, 0xCE79, 0xF81F, 0xF81F, 0xF81F, 0xF81F, 0xF81F,
    0xF81F, 0xF81F, 0xF81F, 0xF81F, 0xF81F, 0xF81F, 0xF81F, 0xF81F, 0xF81F, 0xF81F, 0xF81F, 0xF81F, 0xF81F, 0xF81F, 0xF81F, 0xF81F,
    0xF81F, 0xF81F, 0xF81F, 0xF81F, 0xF81F, 0xF81F, 0xF81F, 0xF81F, 0xF81F, 0xF81F, 0xF81F, 0xF81F, 0xF81F, 0xF81F, 0xF81F, 0xF81F,
    0xF81F, 0xF81F, 0xF81F, 0xF81F, 0xF81F, 0xF81F, 0xF81F, 0xF81F, 0xF81F, 0xF81F, 0xF81F, 0xEF7D, 0xFFFF, 0xFFFF, 0xFFFF, 0xFFFF,
    0xFFFF, 0xFFFF, 0xFFFF, 0xCE79, 0xCE79, 0x9CD3, 0x9CD3, 0x9CD3, 0x9CD3, 0xF81F, 0xF81F, 0xF81F, 0xF81F, 0x9CD3, 0x9CD3, 0x9CD3,
    0x9CD3, 0x9CD3, 0x9CD3, 0x9CD3, 0x9CD3, 0x9CD3, 0x9CD3, 0xF81F, 0xF81F, 0xF81F, 0xF81F, 0xF81F, 0xF81F, 0xF81F, 0xF81F, 0xF81F,
    0xF81F, 0xF81F, 0xF81F, 0xF81F, 0xF81F, 0xF81F, 0xF81F, 0xF81F, 0xF81F, 0xF81F, 0xF81F, 0xF81F, 0xF81F, 0xF81F, 0xF81F, 0xF81F,
    0xF81F, 0xF81F, 0xF81F, 0xF81F, 0xF81F, 0xF81F, 0xF81F, 0xF81F, 0xF81F, 0xF81F, 0xEF7D, 0xEF7D, 0xFFFF, 0xFFFF, 0xFFFF, 0xFFFF,
    0xFFFF, 0xFFFF, 0xCE79, 0x9CD3, 0x9CD3, 0xFFFF, 0xFFFF, 0xFFFF, 0x0000, 0x9CD3, 0x9CD3, 0xCE79, 0xCE79, 0xCE79, 0xCE79, 0xCE79,
    0xCE79, 0xCE79, 0xCE79, 0xCE79, 0xCE79, 0xCE79, 0xCE79, 0xCE79, 0xCE79, 0x9CD3, 0xF81F, 0xF81F, 0xF81F, 0xF81F, 0xF81F, 0xF81F,
    0xF81F, 0xF81F, 0xF81F, 0xF81F, 0xF81F, 0xF81F, 0xF81F, 0xF81F, 0xF81F, 0xF81F, 0xF81F, 0xF81F, 0xF81F, 0xF81F, 0xF81F, 0xF81F,
    0xF81F, 0xF81F, 0xF81F, 0xF81F, 0xF81F, 0xF81F, 0xF81F, 0xF81F, 0xF81F, 0xF81F, 0xEF7D, 0xFFFF, 0xFFFF, 0xFFFF, 0xFFFF, 0xFFFF,
    0xFFFF, 0xFFFF, 0xFFFF, 0xFFFF, 0xFFFF, 0xFFFF, 0x9CD3, 0x9CD3, 0xCE79, 0xCE79, 0xCE79, 0xCE79, 0xCE79, 0xCE79, 0x3180, 0x3180,
    0x3180, 0x3180, 0x3180, 0x3180, 0x3180, 0x3180, 0x3180, 0xCE79, 0xCE79, 0xCE79, 0xCE79, 0x9CD3, 0xF81F, 0xF81F, 0xF81F, 0xF81F,
    0xF81F, 0xF81F, 0xF81F, 0xF81F, 0xF81F, 0xF81F, 0xF81F, 0xF81F, 0xF81F, 0xF81F, 0xF81F, 0xF81F, 0xF81F, 0xF81F, 0xF81F, 0xF81F,
    0xF81F, 0xF81F, 0xF81F, 0xF81F, 0xF81F, 0xF81F, 0xF81F, 0xF81F, 0xF81F, 0xEF7D, 0xFFFF, 0xFFFF, 0xFFFF, 0xFFFF, 0xFFFF, 0xFFFF,
    0xFFFF, 0xFFFF, 0xFFFF, 0x9CD3, 0x9CD3, 0xCE79, 0xCE79, 0xCE79, 0xCE79, 0xCE79, 0x3180, 0x3180, 0x3180, 0x3180, 0x3180, 0x3180,
    0x6180, 0x6180, 0x6180, 0x6180, 0x6180, 0x6180, 0x3180, 0x1082, 0x1082, 0xCE79, 0xCE79, 0xCE79, 0xCE79, 0x9CD3, 0x6326, 0x6326,
    0x6326, 0xF81F, 0xF81F, 0xF81F, 0xF81F, 0xF81F, 0xF81F, 0xF81F, 0xF81F, 0xF81F, 0xF81F, 0xF81F, 0xF81F, 0xF81F, 0xF81F, 0xF81F,
    0xF81F, 0xF81F, 0xF81F, 0xF81F, 0xF81F, 0xF81F, 0xF81F, 0xF81F, 0xEF7D, 0xEF7D, 0xFFFF, 0xFFFF, 0xFFFF, 0xFFFF, 0xFFFF, 0xFFFF,
    0xFFFF, 0x9CD3, 0xCE79, 0xCE79, 0xCE79, 0xCE79, 0xCE79, 0x3180, 0x3180, 0x3180, 0x3180, 0x3180, 0x6180, 0x6180, 0xC980, 0xC980,
    0xC980, 0xC980, 0xC980, 0xEF7D, 0xEF7D, 0xEF7D, 0xEF7D, 0xEF7D, 0xCE79, 0xCE79, 0xCE79, 0xCE79, 0xCE79, 0xCE79, 0x9CD3, 0x3180,
    0x3180, 0x6326, 0x6326, 0xF81F, 0xF81F, 0xF81F, 0xF81F, 0xF81F, 0xF81F, 0xF81F, 0xF81F, 0xF81F, 0xF81F, 0xF81F, 0xF81F, 0xF81F,
    0xF81F, 0xF81F, 0xF81F, 0xF81F, 0xF81F, 0xF81F, 0xF81F, 0xF81F, 0xEF7D, 0xEF7D, 0xFFFF, 0xFFFF, 0xFFFF, 0xFFFF, 0xFFFF, 0x9CD3,
    0xCE79, 0xCE79, 0xCE79, 0xCE79, 0x1082, 0x3180, 0x3180, 0x3180, 0x6180, 0x6180, 0xC980, 0xC980, 0xC980, 0xC980, 0xEF7D, 0xEF7D,
    0xEF7D, 0xEF7D, 0xCE79, 0xCE79, 0xCE79, 0xCE79, 0xCE79, 0xCE79, 0x0000, 0x0000, 0x0000, 0xCE79, 0xCE79, 0xCE79, 0xCE79, 0xCE79,
    0x9CD3, 0x3180, 0x3180, 0x6326, 0xF81F, 0xF81F, 0xF81F, 0xF81F, 0xF81F, 0xF81F, 0xF81F, 0xF81F, 0xF81F, 0xF81F, 0xF81F, 0xF81F,
    0xF81F, 0xF81F, 0xF81F, 0xF81F, 0xF81F, 0xF81F, 0xF81F, 0xF81F, 0xEF7D, 0xFFFF, 0xFFFF, 0xFFFF, 0xFFFF, 0x9CD3, 0xCE79, 0xCE79,
    0xCE79, 0xCE79, 0x1082, 0x3180, 0x3180, 0x3180, 0x6180, 0xC980, 0xC980, 0xC980, 0xC980, 0xEF7D, 0xEF7D, 0xCE79, 0xCE79, 0xCE79,
    0xCE79, 0xCE79, 0xCE79, 0x0000, 0x0000, 0x1082, 0x1082, 0x1082, 0x1082, 0x1082, 0x1082, 0x0000, 0x0000, 0x0000, 0xCE79, 0xCE79,
    0xCE79, 0xCE79, 0x9CD3, 0x1082, 0x3180, 0x6326, 0xF81F, 0xF81F, 0xF81F, 0xF81F, 0xF81F, 0xF81F, 0xF81F, 0xF81F, 0xF81F, 0xF81F,
    0xF81F, 0xF81F, 0xF81F, 0xF81F, 0xF81F, 0xF81F, 0xF81F, 0xFFFF, 0xEF7D, 0xFFFF, 0xFFFF, 0x9CD3, 0xCE79, 0xCE79, 0xCE79, 0xCE79,
    0x1082, 0x3180, 0x3180, 0x3180, 0x6180, 0xC980, 0xC980, 0xC980, 0xEF7D, 0xEF7D, 0xCE79, 0xCE79, 0xCE79, 0xCE79, 0x0000, 0x0000,
    0x0000, 0x0000, 0x1082, 0x1082, 0x1082, 0x1082, 0x1082, 0x1082, 0x1082, 0x1082, 0x1082, 0x1082, 0x1082, 0x0000, 0x0000, 0xCE79,
    0xCE79, 0xFFFF, 0xCE79, 0x9CD3, 0x1082, 0x3180, 0x6326, 0xF81F, 0xF81F, 0xF81F, 0xF81F, 0xF81F, 0xF81F, 0xF81F, 0xF81F, 0xF81F,
    0xF81F, 0xF81F, 0xF81F, 0xF81F, 0xF81F, 0xF81F, 0xF81F, 0xEF7D, 0xFFFF, 0x9CD3, 0xCE79, 0xCE79, 0xCE79, 0xCE79, 0x1082, 0x3180,
    0x3180, 0x3180, 0x6180, 0xC980, 0xC980, 0xEF7D, 0xEF7D, 0xCE79, 0xCE79, 0xCE79, 0xCE79, 0x0000, 0x0000, 0x0000, 0x1082, 0x1082,
    0x1082, 0x1082, 0x1082, 0x1082, 0x6180, 0x6180, 0x6180, 0x6180, 0xC980, 0xC980, 0xC980, 0xEF7D, 0xEF7D, 0xEF7D, 0xFFFF, 0xFFFF,
    0xFFFF, 0xFFFF, 0xFFFF, 0xFFFF, 0xFFFF, 0xFFFF, 0xFFFF, 0xFFFF, 0xFFFF, 0xEF7D, 0xFFFF, 0xFFFF, 0xEF7D, 0xCE79, 0xF81F, 0xF81F,
    0xF81F, 0xF81F, 0xF81F, 0xF81F, 0xF81F, 0xF81F, 0xF81F, 0xEF7D, 0x9CD3, 0xCE79, 0xCE79, 0xCE79, 0x1082, 0x1082, 0x3180, 0x3180,
    0x6180, 0xC980, 0xC980, 0xC980, 0xEF7D, 0xCE79, 0xCE79, 0xCE79, 0x0000, 0x0000, 0x0000, 0x1082, 0x0000, 0x1082, 0x1082, 0x1082,
    0x6180, 0xC980, 0xC980, 0xC980, 0xC980, 0xC980, 0xEF7D, 0xEF7D, 0xEF7D, 0xFFFF, 0xFFFF, 0xFFFF, 0xFFFF, 0xFFFF, 0xFFFF, 0xFFFF,
    0xFFFF, 0xFFFF, 0xFFFF, 0xFFFF, 0xFFFF, 0xFFFF, 0xFFFF, 0xFFFF, 0xFFFF, 0xFFFF, 0xFFFF, 0xEF7D, 0xEF7D, 0xEF7D, 0xEF7D, 0xCE79,
    0xF81F, 0xF81F, 0xF81F, 0xF81F, 0xF81F, 0xF81F, 0x9CD3, 0xEF7D, 0xCE79, 0xCE79, 0x1082, 0x1082, 0x3180, 0x3180, 0x3180, 0x6180,
    0xC980, 0xC980, 0xEF7D, 0xEF7D, 0xCE79, 0xCE79, 0x0000, 0x0000, 0x0000, 0x1082, 0x1082, 0x1082, 0x6180, 0x6180, 0xC980, 0xC980,
    0xC980, 0xFFFF, 0xEF7D, 0xEF7D, 0xEF7D, 0xEF7D, 0xFFFF, 0xFFFF, 0xFFFF, 0xFFFF, 0xFFFF, 0xFFFF, 0xFFFF, 0xFFFF, 0xFFFF, 0xFFFF,
    0xFFFF, 0xFFFF, 0xFFFF, 0xFFFF, 0xFFFF, 0xFFFF, 0xFFFF, 0xEF7D, 0xEF7D, 0xEF7D, 0xEF7D, 0xCE79, 0xCE79, 0xCE79, 0xCE79, 0xCE79,
    0xF81F, 0xF81F, 0xF81F, 0xF81F, 0xF81F, 0x9CD3, 0xEF7D, 0xCE79, 0xCE79, 0x1082, 0x1082, 0x3180, 0x3180, 0x6180, 0xC980, 0xC980,
    0xEF7D, 0xEF7D, 0xCE79, 0xCE79, 0x0000, 0x0000, 0x0000, 0x1082, 0x1082, 0x1082, 0x6180, 0xC980, 0xC980, 0xC980, 0xEF7D, 0xEF7D,
    0xEF7D, 0xEF7D, 0xFFFF, 0xFFFF, 0xFFFF, 0xFFFF, 0xEF7D, 0xEF7D, 0xEF7D, 0xFFFF, 0xFFFF, 0xFFFF, 0xFFFF, 0xFFFF, 0xFFFF, 0xFFFF,
    0xCE79, 0xEF7D, 0xEF7D, 0xEF7D, 0xEF7D, 0xEF7D, 0xCE79, 0xCE79, 0xCE79, 0xCE79, 0xCE79, 0x9CD3, 0x9CD3, 0x9CD3, 0x9CD3, 0x9CD3,
    0xF81F, 0xF81F, 0xF81F, 0xF81F, 0x9CD3, 0xCE79, 0xCE79, 0xCE79, 0x1082, 0x1082, 0x3180, 0x3180, 0x6180, 0xC980, 0xC980, 0xEF7D,
    0xCE79, 0xCE79, 0xCE79, 0x0000, 0x0000, 0x1082, 0x1082, 0x6180, 0x6180, 0xC980, 0xC980, 0xC980, 0xEF7D, 0xEF7D, 0xFFFF, 0xFFFF,
    0xFFFF, 0xFFFF, 0xFFFF, 0xEF7D, 0xEF7D, 0xEF7D, 0xCE79, 0xCE79, 0xFFFF, 0xFFFF, 0xFFFF, 0xFFFF, 0xFFFF, 0xFFFF, 0xFFFF, 0xFFFF,
    0xFFFF, 0xCE79, 0xCE79, 0xCE79, 0xCE79, 0xCE79, 0xCE79, 0x9CD3, 0x9CD3, 0x9CD3, 0x9CD3, 0xFFFF, 0xFFFF, 0xFFFF, 0xEF7D, 0xF81F,
    0xF81F, 0xF81F, 0xF81F, 0x9CD3, 0xCE79, 0xEF7D, 0xCE79, 0x1082, 0x1082, 0x3180, 0x6326, 0x6180, 0xC980, 0xEF7D, 0xEF7D, 0xCE79,
    0xCE79, 0x0000, 0x0000, 0x1082, 0x1082, 0x6180, 0x6180, 0xC980, 0xC980, 0xC980, 0xEF7D, 0xEF7D, 0xEF7D, 0xFFFF, 0xFFFF, 0xEF7D,
    0xEF7D, 0xEF7D, 0xEF7D, 0xEF7D, 0xCE79, 0x9CD3, 0x9CD3, 0xFFFF, 0xFFFF, 0xFFFF, 0xFFFF, 0xFFFF, 0xFFFF, 0xFFFF, 0xFFFF, 0xFFFF,
    0xFFFF, 0xFFFF, 0xFFFF, 0xFFFF, 0xFFFF, 0xFFFF, 0xFFFF, 0xFFFF, 0xFFFF, 0xFFFF, 0xEF7D, 0xEF7D, 0xEF7D, 0xEF7D, 0xCE79, 0xF81F,
    0xF81F, 0xF81F, 0xF81F, 0xCE79, 0xEF7D, 0xEF7D, 0xCE79, 0x1082, 0x3180, 0x3180, 0x6180, 0xC980, 0xEF7D, 0xCE79, 0xCE79, 0xCE79,
    0x0000, 0x0000, 0x1082, 0x1082, 0x6180, 0xC980, 0xC980, 0xC980, 0xEF7D, 0xEF7D, 0xEF7D, 0xEF7D, 0xEF7D, 0xEF7D, 0xEF7D, 0xCE79,
    0xCE79, 0xCE79, 0x9CD3, 0x9CD3, 0x9CD3, 0x8430, 0xEF7D, 0xFFFF, 0xFFFF, 0xFFFF, 0xFFFF, 0xFFFF, 0xFFFF, 0xFFFF, 0xFFFF, 0xFFFF,
    0xFFFF, 0xFFFF, 0xEF7D, 0xFFFF, 0xEF7D, 0xEF7D, 0xEF7D, 0xEF7D, 0xEF7D, 0xEF7D, 0xCE79, 0xCE79, 0xCE79, 0xCE79, 0xCE79, 0xF81F,
    0xF81F, 0xF81F, 0x9CD3, 0xEF7D, 0xEF7D, 0xEF7D, 0xCE79, 0xCE79, 0x6326, 0x6326, 0xFFFF, 0xFFFF, 0xCE79, 0xCE79, 0x0000, 0x0000,
    0x1082, 0x1082, 0x1082, 0x6180, 0xC980, 0xC980, 0xEF7D, 0xEF7D, 0xEF7D, 0xEF7D, 0xEF7D, 0xEF7D, 0xEF7D, 0xCE79, 0xCE79, 0x9CD3,
    0x9CD3, 0x9CD3, 0x9CD3, 0xCE79, 0x8430, 0xEF7D, 0xFFFF, 0xFFFF, 0xFFFF, 0xFFFF, 0xFFFF, 0xFFFF, 0xFFFF, 0xFFFF, 0xCE79, 0xEF7D,
    0xEF7D, 0xEF7D, 0xEF7D, 0xEF7D, 0xCE79, 0xCE79, 0xCE79, 0xCE79, 0xCE79, 0xCE79, 0x9CD3, 0x9CD3, 0x9CD3, 0x9CD3, 0x9CD3, 0xF81F,
    0xF81F, 0xF81F, 0xBDD7, 0xBDD7, 0xEF7D, 0xEF7D, 0xFFFF, 0xCE79, 0xCE79, 0xCE79, 0xFFFF, 0xCE79, 0xCE79, 0x0000, 0x0000, 0x1082,
    0x1082, 0x1082, 0x6180, 0xC980, 0xC980, 0xEF7D, 0xEF7D, 0xEF7D, 0xEF7D, 0xEF7D, 0xEF7D, 0xCE79, 0xCE79, 0x9CD3, 0x9CD3, 0x8430,
    0x8430, 0x9CD3, 0xCE79, 0xCE79, 0x8430, 0xEF7D, 0xFFFF, 0xFFFF, 0xFFFF, 0xFFFF, 0xFFFF, 0xFFFF, 0xFFFF, 0xFFFF, 0xFFFF, 0xCE79,
    0xCE79, 0xCE79, 0xCE79, 0xCE79, 0xCE79, 0xCE79, 0x9CD3, 0x9CD3, 0x9CD3, 0x9CD3, 0xFFFF, 0xFFFF, 0xFFFF, 0xEF7D, 0xF81F, 0xF81F,
    0xF81F, 0x52AA, 0xBDD7, 0xBDD7, 0xBDD7, 0xEF7D, 0xEF7D, 0xFFFF, 0xCE79, 0xCE79, 0xCE79, 0xCE79, 0x0000, 0x0000, 0x0000, 0x1082,
    0x1082, 0x6180, 0xC980, 0xFFFF, 0xFFFF, 0xFFFF, 0xEF7D, 0xEF7D, 0xEF7D, 0xCE79, 0xCE79, 0x9CD3, 0x8430, 0x8430, 0x8430, 0x8430,
    0x9CD3, 0x8430, 0xCE79, 0x8430, 0xEF7D, 0xFFFF, 0xFFFF, 0xFFFF, 0xFFFF, 0xFFFF, 0xFFFF, 0xFFFF, 0xFFFF, 0xFFFF, 0xFFFF, 0xFFFF,
    0xFFFF, 0xFFFF, 0xFFFF, 0xFFFF, 0xEF7D, 0xEF7D, 0xEF7D, 0xEF7D, 0xEF7D, 0xEF7D, 0xEF7D, 0xCE79, 0xCE79, 0x9CD3, 0xF81F, 0xF81F,
    0xF81F, 0x52AA, 0x9CD3, 0xBDD7, 0xBDD7, 0xBDD7, 0xBDD7, 0xFFFF, 0xFFFF, 0xCE79, 0xCE79, 0xCE79, 0xCE79, 0x0000, 0x0000, 0x1082,
    0x6180, 0xC980, 0xFFFF, 0xFFFF, 0xEF7D, 0xEF7D, 0xEF7D, 0xCE79, 0xCE79, 0xCE79, 0x8430, 0x632C, 0x8430, 0x8430, 0x8430, 0x9CD3,
    0x8430, 0xCE79, 0x8430, 0x9CD3, 0xEF7D, 0xFFFF, 0xFFFF, 0xFFFF, 0xFFFF, 0xFFFF, 0xFFFF, 0xFFFF, 0xCE79, 0xEF7D, 0xEF7D, 0xEF7D,
    0xEF7D, 0xEF7D, 0xFFFF, 0xCE79, 0xCE79, 0xCE79, 0xCE79, 0xCE79, 0xCE79, 0xCE79, 0xCE79, 0x9CD3, 0x9CD3, 0xF81F, 0xF81F, 0xF81F,
    0xF81F, 0x52AA, 0x9CD3, 0x9CD3, 0xBDD7, 0xBDD7, 0xBDD7, 0xBDD7, 0xCE79, 0xCE79, 0xCE79, 0xCE79, 0xCE79, 0xCE79, 0xEF7D, 0x1082,
    0x6326, 0xEF7D, 0xFFFF, 0xEF7D, 0xEF7D, 0xEF7D, 0xCE79, 0xCE79, 0xCE79, 0x8430, 0x632C, 0x8430, 0x8430, 0x8430, 0x9CD3, 0x8430,
    0x9CD3, 0xCE79, 0x9CD3, 0xEF7D, 0xFFFF, 0xFFFF, 0xFFFF, 0xFFFF, 0xFFFF, 0xFFFF, 0xFFFF, 0xFFFF, 0xFFFF, 0xCE79, 0xCE79, 0xCE79,
    0xCE79, 0xCE79, 0xCE79, 0xCE79, 0x9CD3, 0x9CD3, 0x9CD3, 0x9CD3, 0x9CD3, 0x9CD3, 0x9CD3, 0xF81F, 0xF81F, 0xF81F, 0xF81F, 0xF81F,
    0xF81F, 0x52AA, 0x1082, 0x1082, 0x9CD3, 0x9CD3, 0xBDD7, 0xBDD7, 0xBDD7, 0xBDD7, 0xCE79, 0xEF7D, 0xCE79, 0xCE79, 0xCE79, 0xEF7D,
    0xFFFF, 0xFFFF, 0xEF7D, 0xEF7D, 0xEF7D, 0xCE79, 0xCE79, 0x8430, 0x632C, 0x9CD3, 0x8430, 0x8430, 0x8430, 0x9CD3, 0x8430, 0x9CD3,
    0xCE79, 0xCE79, 0x8430, 0xEF7D, 0xFFFF, 0xFFFF, 0xFFFF, 0xFFFF, 0xFFFF, 0xFFFF, 0xFFFF, 0xFFFF, 0xFFFF, 0xFFFF, 0xFFFF, 0xFFFF,
    0xFFFF, 0xFFFF, 0xFFFF, 0xFFFF, 0xFFFF, 0xFFFF, 0xEF7D, 0xEF7D, 0xEF7D, 0xCE79, 0xF81F, 0xF81F, 0xF81F, 0xF81F, 0xF81F, 0xF81F,
    0xF81F, 0x1082, 0x3180, 0x3180, 0x1082, 0x9CD3, 0x9CD3, 0x9CD3, 0xBDD7, 0xBDD7, 0xBDD7, 0xCE79, 0xEF7D, 0xFFFF, 0xFFFF, 0xFFFF,
    0xFFFF, 0xFFFF, 0xFFFF, 0xEF7D, 0xCE79, 0xCE79, 0x52AA, 0x632C, 0x8430, 0x8430, 0x8430, 0x8430, 0x9CD3, 0x8430, 0x9CD3, 0x8430,
    0xCE79, 0x8430, 0xEF7D, 0xFFFF, 0xFFFF, 0xFFFF, 0xFFFF, 0xFFFF, 0xFFFF, 0xFFFF, 0xFFFF, 0xCE79, 0xEF7D, 0xEF7D, 0xEF7D, 0xEF7D,
    0xEF7D, 0xEF7D, 0xEF7D, 0xEF7D, 0xCE79, 0xCE79, 0xCE79, 0xCE79, 0xCE79, 0x1082, 0xF81F, 0xF81F, 0xF81F, 0xF81F, 0xF81F, 0xF81F,
    0xF81F, 0x3180, 0x3180, 0x3180, 0x3180, 0x1082, 0x1082, 0x9CD3, 0x9CD3, 0x9CD3, 0xBDD7, 0xBDD7, 0xCE79, 0xFFFF, 0xFFFF, 0xFFFF,
    0xFFFF, 0xFFFF, 0xEF7D, 0xCE79, 0x3180, 0x632C, 0x632C, 0x8430, 0x8430, 0x9CD3, 0x8430, 0x9CD3, 0x8430, 0x9CD3, 0x8430, 0xCE79,
    0x8430, 0x8430, 0xEF7D, 0xFFFF, 0xFFFF, 0xFFFF, 0xFFFF, 0xFFFF, 0xFFFF, 0xFFFF, 0xFFFF, 0xFFFF, 0xCE79, 0xCE79, 0xCE79, 0xCE79,
    0xCE79, 0xCE79, 0xCE79, 0x9CD3, 0x9CD3, 0x9CD3, 0x9CD3, 0x1082, 0x1082, 0x3180, 0xF81F, 0xF81F, 0xF81F, 0xF81F, 0xF81F, 0xF81F,
    0xF81F, 0x3180, 0x3180, 0x3180, 0x3180, 0x3180, 0x3180, 0x1082, 0x1082, 0x9CD3, 0x9CD3, 0xBDD7, 0xBDD7, 0xCE79, 0xEF7D, 0xFFFF,
    0xEF7D, 0xCE79, 0xCE79, 0x3180, 0x632C, 0x8430, 0x8430, 0x8430, 0x9CD3, 0x8430, 0x9CD3, 0x8430, 0x9CD3, 0x8430, 0x9CD3, 0xCE79,
    0x8430, 0xEF7D, 0xFFFF, 0xFFFF, 0xFFFF, 0xFFFF, 0xFFFF, 0xFFFF, 0xFFFF, 0xFFFF, 0xFFFF, 0xFFFF, 0xFFFF, 0xFFFF, 0xEF7D, 0xEF7D,
    0xEF7D, 0xEF7D, 0xCE79, 0xCE79, 0xCE79, 0xCE79, 0xFFFF, 0x1082, 0x1082, 0x3180, 0xF81F, 0xF81F, 0xF81F, 0xF81F, 0xF81F, 0xF81F,
    0xF81F, 0x3180, 0x3180, 0x3180, 0x3180, 0x3180, 0x3180, 0x3180, 0x3180, 0x1082, 0x1082, 0x9CD3, 0x9CD3, 0xBDD7, 0xBDD7, 0xEF7D,
    0xCE79, 0xCE79, 0x3180, 0x632C, 0x8430, 0x8430, 0x9CD3, 0x9CD3, 0x8430, 0x9CD3, 0x8430, 0x9CD3, 0x8430, 0x9CD3, 0xCE79, 0x8430,
    0x8430, 0xEF7D, 0xFFFF, 0xFFFF, 0xFFFF, 0xFFFF, 0xFFFF, 0xFFFF, 0xFFFF, 0xFFFF, 0xFFFF, 0xFFFF, 0xFFFF, 0xEF7D, 0xEF7D, 0xCE79,
    0x9CD3, 0x9CD3, 0x9CD3, 0x9CD3, 0x8430, 0x632C, 0x632C, 0x1082, 0x3180, 0x3180, 0xF81F, 0xF81F, 0xF81F, 0xF81F, 0xF81F, 0xF81F,
    0xF81F, 0x3180, 0x3180, 0x3180, 0x8430, 0x8430, 0x3180, 0x3180, 0x3180, 0x3180, 0x3180, 0x1082, 0x9CD3, 0x9CD3, 0xBDD7, 0xBDD7,
    0xCE79, 0x3180, 0x632C, 0x8430, 0x8430, 0x9CD3, 0x9CD3, 0x9CD3, 0x9CD3, 0x8430, 0x9CD3, 0x8430, 0x9CD3, 0x8430, 0x8430, 0x8430,
    0xEF7D, 0xFFFF, 0xFFFF, 0xFFFF, 0xFFFF, 0xFFFF, 0xFFFF, 0xFFFF, 0xCE79, 0xEF7D, 0xEF7D, 0xEF7D, 0xEF7D, 0xEF7D, 0xCE79, 0xCE79,
    0xCE79, 0xCE79, 0x8430, 0x8430, 0x8430, 0x8430, 0x632C, 0x1082, 0x3180, 0x3180, 0xF81F, 0xF81F, 0xF81F, 0xF81F, 0xF81F, 0xF81F,
    0xF81F, 0x3180, 0x3180, 0x8430, 0x6326, 0x6326, 0x8430, 0x3180, 0x3180, 0x3180, 0x3180, 0x3180, 0x1082, 0x9CD3, 0x9CD3, 0xBDD7,
    0x3180, 0x632C, 0x8430, 0x8430, 0x9CD3, 0x9CD3, 0x9CD3, 0x9CD3, 0x8430, 0x9CD3, 0x8430, 0x9CD3, 0x8430, 0xCE79, 0x8430, 0xEF7D,
    0xEF7D, 0xFFFF, 0xFFFF, 0xFFFF, 0xFFFF, 0xFFFF, 0xFFFF, 0xFFFF, 0xFFFF, 0xCE79, 0xCE79, 0xCE79, 0x9CD3, 0x9CD3, 0x8430, 0x632C,
    0x8430, 0x632C, 0x8430, 0x8430, 0x8430, 0x632C, 0x0000, 0x1082, 0x3180, 0x3180, 0xF81F, 0xF81F, 0xF81F, 0xF81F, 0xF81F, 0xF81F,
    0xF81F, 0x3180, 0x3180, 0x0000, 0x0000, 0x0000, 0x6326, 0x8430, 0x8430, 0x3180, 0x3180, 0x3180, 0x3180, 0x1082, 0x9CD3, 0x3180,
    0x52AA, 0x8430, 0x8430, 0x9CD3, 0x9CD3, 0x9CD3, 0x9CD3, 0x9CD3, 0x9CD3, 0x9CD3, 0x9CD3, 0x8430, 0x9CD3, 0xCE79, 0x8430, 0xEF7D,
    0xFFFF, 0xFFFF, 0xFFFF, 0xFFFF, 0xFFFF, 0xFFFF, 0xFFFF, 0xFFFF, 0xEF7D, 0xEF7D, 0xEF7D, 0xCE79, 0xCE79, 0x8430, 0x8430, 0x8430,
    0x8430, 0x8430, 0x8430, 0x8430, 0x8430, 0x632C, 0x1082, 0x3180, 0x3180, 0x3180, 0xF81F, 0xF81F, 0xF81F, 0xF81F, 0xF81F, 0xF81F,
    0xF81F, 0x3180, 0x3180, 0x0000, 0x0000, 0x0000, 0x0000, 0x6326, 0x6326, 0x8430, 0x8430, 0x3180, 0x3180, 0x3180, 0x52AA, 0x52AA,
    0x632C, 0x8430, 0x9CD3, 0x9CD3, 0x9CD3, 0x9CD3, 0x9CD3, 0x9CD3, 0x9CD3, 0x9CD3, 0x8430, 0x9CD3, 0x8430, 0x9CD3, 0xEF7D, 0xEF7D,
    0xFFFF, 0xFFFF, 0xFFFF, 0xFFFF, 0xCE79, 0xEF7D, 0xEF7D, 0xCE79, 0xCE79, 0xCE79, 0xCE79, 0xCE79, 0x8430, 0x8430, 0x8430, 0x8430,
    0x8430, 0x8430, 0x8430, 0x8430, 0x632C, 0x0000, 0x3180, 0x3180, 0x3180, 0x3180, 0xF81F, 0xF81F, 0xF81F, 0xF81F, 0xF81F, 0xF81F,
    0xF81F, 0x3180, 0x3180, 0x0000, 0x0000, 0x0000, 0x0000, 0x0000, 0x0000, 0x6326, 0x8430, 0x3180, 0x3180, 0x3180, 0x3180, 0x632C,
    0x8430, 0x8430, 0x9CD3, 0x9CD3, 0x9CD3, 0x9CD3, 0x9CD3, 0x9CD3, 0x9CD3, 0x9CD3, 0x9CD3, 0x8430, 0xCE79, 0x8430, 0xEF7D, 0xFFFF,
    0xFFFF, 0xFFFF, 0xFFFF, 0xFFFF, 0xEF7D, 0xCE79, 0xCE79, 0x9CD3, 0x9CD3, 0x9CD3, 0x9CD3, 0x8430, 0x8430, 0x8430, 0x8430, 0x8430,
    0x8430, 0x8430, 0x8430, 0x8430, 0x632C, 0x0000, 0x3180, 0x3180, 0x3180, 0x3180, 0xF81F, 0xF81F, 0xF81F, 0xF81F, 0xF81F, 0xF81F,
    0xF81F, 0x3180, 0x3180, 0x3180, 0x0000, 0x0000, 0x0000, 0x0000, 0x0000, 0x0000, 0x8430, 0x3180, 0x3180, 0x3180, 0x52AA, 0x632C,
    0x8430, 0x8430, 0x9CD3, 0x9CD3, 0x9CD3, 0x9CD3, 0x9CD3, 0x9CD3, 0x9CD3, 0x9CD3, 0x8430, 0x9CD3, 0xCE79, 0x9CD3, 0xEF7D, 0xFFFF,
    0xFFFF, 0xFFFF, 0xFFFF, 0xFFFF, 0xEF7D, 0xEF7D, 0xEF7D, 0xCE79, 0xCE79, 0x8430, 0x8430, 0x8430, 0x8430, 0x8430, 0x8430, 0x8430,
    0x8430, 0x8430, 0x8430, 0x632C, 0x0000, 0x3180, 0x3180, 0x3180, 0x3180, 0x3180, 0xF81F, 0xF81F, 0xF81F, 0xF81F, 0xF81F, 0xF81F,
    0xF81F, 0x3180, 0x3180, 0x3180, 0x3180, 0x0000, 0x0000, 0x0000, 0x0000, 0x0000, 0x3180, 0x3180, 0x3180, 0x3180, 0x52AA, 0x632C,
    0x8430, 0x8430, 0x9CD3, 0x9CD3, 0x9CD3, 0x9CD3, 0x9CD3, 0x9CD3, 0x9CD3, 0x9CD3, 0x9CD3, 0x8430, 0x9CD3, 0xEF7D, 0xEF7D, 0xFFFF,
    0xFFFF, 0xCE79, 0xEF7D, 0xEF7D, 0xEF7D, 0xCE79, 0xCE79, 0x9CD3, 0x9CD3, 0x8430, 0x8430, 0x8430, 0x8430, 0x8430, 0x9CD3, 0x8430,
    0x8430, 0x8430, 0x632C, 0x0000, 0x3180, 0x3180, 0x3180, 0x3180, 0x3180, 0x3180, 0xF81F, 0xF81F, 0xF81F, 0xF81F, 0xF81F, 0xF81F,
    0xF81F, 0x3180, 0x3180, 0x3180, 0x3180, 0x3180, 0x0000, 0x0000, 0x0000, 0x0000, 0x3180, 0x3180, 0x3180, 0x3180, 0x3180, 0x632C,
    0x8430, 0x8430, 0x8430, 0x9CD3, 0x9CD3, 0x9CD3, 0x9CD3, 0x9CD3, 0x9CD3, 0x9CD3, 0x9CD3, 0x9CD3, 0x8430, 0xEF7D, 0xFFFF, 0xFFFF,
    0xFFFF, 0xFFFF, 0xCE79, 0xCE79, 0xCE79, 0x9CD3, 0x8430, 0x8430, 0x8430, 0x8430, 0x8430, 0x9CD3, 0x8430, 0x9CD3, 0x8430, 0x8430,
    0x8430, 0x8430, 0x632C, 0x0000, 0x3180, 0x3180, 0x3180, 0x3180, 0x3180, 0x3180, 0xF81F, 0xF81F, 0xF81F, 0xF81F, 0xF81F, 0xF81F,
    0xF81F, 0x3180, 0x3180, 0x3180, 0x3180, 0x3180, 0x6326, 0x0000, 0x3180, 0x3180, 0x3180, 0x3180, 0x3180, 0x3180, 0x6326, 0x632C,
    0x9CD3, 0x632C, 0x8430, 0x9CD3, 0x9CD3, 0x9CD3, 0x9CD3, 0x9CD3, 0x9CD3, 0x9CD3, 0x9CD3, 0x8430, 0x9CD3, 0xFFFF, 0xFFFF, 0xFFFF,
    0xFFFF, 0xEF7D, 0xEF7D, 0xEF7D, 0xCE79, 0x8430, 0x9CD3, 0x8430, 0x9CD3, 0x8430, 0x9CD3, 0x8430, 0x9CD3, 0x8430, 0x9CD3, 0x8430,
    0x8430, 0x632C, 0x0000, 0x3180, 0x3180, 0x3180, 0x3180, 0x3180, 0x3180, 0x3180, 0xF81F, 0xF81F, 0xF81F, 0xF81F, 0xF81F, 0xF81F,
    0xF81F, 0x3180, 0x3180, 0x3180, 0x3180, 0x3180, 0x6326, 0x0000, 0x3180, 0x3180, 0x3180, 0x3180, 0x3180, 0x3180, 0x6326, 0x632C,
    0x9CD3, 0x632C, 0x8430, 0x9CD3, 0x9CD3, 0x9CD3, 0x9CD3, 0x9CD3, 0x9CD3, 0x9CD3, 0x9CD3, 0x9CD3, 0x8430, 0xFFFF, 0xFFFF, 0xEF7D,
    0xEF7D, 0xEF7D, 0xCE79, 0xCE79, 0x8430, 0x9CD3, 0x8430, 0x9CD3, 0x8430, 0x9CD3, 0x8430, 0x9CD3, 0x8430, 0x9CD3, 0x8430, 0x8430,
    0x632C, 0x0000, 0x3180, 0x3180, 0x3180, 0x3180, 0x3180, 0x3180, 0x3180, 0x3180, 0xF81F, 0xF81F, 0xF81F, 0xF81F, 0xF81F, 0xF81F,
    0xF81F, 0x3180, 0x3180, 0x3180, 0x3180, 0x3180, 0x6326, 0x0000, 0x3180, 0x3180, 0x3180, 0x3180, 0x3180, 0x3180, 0x6326, 0x3180,
    0x632C, 0x9CD3, 0x632C, 0x8430, 0x9CD3, 0x9CD3, 0x9CD3, 0x9CD3, 0x9CD3, 0x9CD3, 0x9CD3, 0x9CD3, 0x9CD3, 0x8430, 0xFFFF, 0xCE79,
    0xCE79, 0xCE79, 0x9CD3, 0x8430, 0x9CD3, 0x8430, 0x8430, 0x8430, 0x9CD3, 0x8430, 0x9CD3, 0x8430, 0x9CD3, 0x9CD3, 0x8430, 0x632C,
    0x0000, 0x3180, 0x3180, 0x3180, 0x6326, 0x3180, 0x3180, 0x3180, 0x3180, 0xF81F, 0xF81F, 0xF81F, 0xF81F, 0xF81F, 0xF81F, 0xF81F,
    0xF81F, 0x3180, 0x3180, 0x3180, 0x3180, 0x3180, 0x6326, 0x0000, 0x3180, 0x3180, 0x3180, 0x3180, 0x3180, 0x3180, 0x6326, 0x3180,
    0x632C, 0x9CD3, 0x632C, 0x8430, 0x8430, 0x9CD3, 0x9CD3, 0x9CD3, 0x9CD3, 0x9CD3, 0x9CD3, 0x9CD3, 0x9CD3, 0x9CD3, 0x8430, 0x9CD3,
    0x8430, 0x9CD3, 0x8430, 0x9CD3, 0x8430, 0x9CD3, 0x8430, 0x9CD3, 0x8430, 0x9CD3, 0x8430, 0x9CD3, 0x9CD3, 0x8430, 0x632C, 0x0000,
    0x3180, 0x6326, 0x3180, 0x6326, 0x3180, 0x3180, 0x3180, 0x3180, 0x3180, 0xF81F, 0xF81F, 0xF81F, 0xF81F, 0xF81F, 0xF81F, 0xF81F,
    0xF81F, 0x3180, 0x3180, 0x3180, 0x3180, 0x3180, 0x6326, 0x0000, 0x3180, 0x3180, 0x3180, 0x3180, 0x3180, 0x3180, 0x6326, 0x6326,
    0x3180, 0x632C, 0x9CD3, 0x632C, 0x8430, 0x8430, 0x9CD3, 0x9CD3, 0x9CD3, 0x9CD3, 0x9CD3, 0x9CD3, 0x9CD3, 0x9CD3, 0x9CD3, 0x9CD3,
    0x9CD3, 0x9CD3, 0x9CD3, 0x9CD3, 0x9CD3, 0x9CD3, 0x8430, 0x8430, 0x8430, 0x8430, 0x9CD3, 0x9CD3, 0x8430, 0x632C, 0x0000, 0x3180,
    0x6326, 0x3180, 0x6326, 0x3180, 0x6326, 0x3180, 0x3180, 0x3180, 0xF81F, 0xF81F, 0xF81F, 0xF81F, 0xF81F, 0xF81F, 0xF81F, 0xF81F,
    0xF81F, 0x3180, 0x3180, 0x3180, 0x3180, 0x3180, 0x6326, 0x0000, 0x3180, 0x3180, 0x3180, 0x3180, 0x3180, 0x3180, 0x6326, 0x6326,
    0x3180, 0x632C, 0x632C, 0xBDD7, 0x632C, 0x8430, 0x8430, 0x9CD3, 0x9CD3, 0x9CD3, 0x9CD3, 0x9CD3, 0x9CD3, 0x9CD3, 0x9CD3, 0x9CD3,
    0x9CD3, 0x9CD3, 0x9CD3, 0x9CD3, 0x9CD3, 0x8430, 0x8430, 0x8430, 0x8430, 0x8430, 0x9CD3, 0x632C, 0x632C, 0x0000, 0x3180, 0x6326,
    0x3180, 0x6326, 0x3180, 0x6326, 0x3180, 0x3180, 0x3180, 0xF81F, 0xF81F, 0xF81F, 0xF81F, 0xF81F, 0xF81F, 0xF81F, 0xF81F, 0xF81F,
    0xF81F, 0x3180, 0x3180, 0x3180, 0x3180, 0x3180, 0x6326, 0x0000, 0x3180, 0x3180, 0x3180, 0x3180, 0x3180, 0x3180, 0x6326, 0x6326,
    0x6326, 0x3180, 0x632C, 0xEF7D, 0x9CD3, 0x632C, 0x8430, 0x8430, 0x8430, 0x9CD3, 0x9CD3, 0x9CD3, 0x9CD3, 0x9CD3, 0x9CD3, 0x9CD3,
    0x9CD3, 0x9CD3, 0x8430, 0x8430, 0x8430, 0x8430, 0x8430, 0x9CD3, 0x9CD3, 0x9CD3, 0x632C, 0x3180, 0x3180, 0x3180, 0x6326, 0x6326,
    0x6326, 0x3180, 0x6326, 0x3180, 0x3180, 0x3180, 0xF81F, 0xF81F, 0xF81F, 0xF81F, 0xF81F, 0xF81F, 0xF81F, 0xF81F, 0xF81F, 0xF81F,
    0xF81F, 0x1082, 0x3180, 0x3180, 0x3180, 0x3180, 0x6326, 0x0000, 0x3180, 0x3180, 0x3180, 0x3180, 0x3180, 0x3180, 0x6326, 0x6326,
    0x6326, 0x6326, 0x3180, 0x632C, 0xFFFF, 0x9CD3, 0x632C, 0x632C, 0x8430, 0x8430, 0x8430, 0x8430, 0x8430, 0x8430, 0x8430, 0x8430,
    0x8430, 0x8430, 0x8430, 0x8430, 0x8430, 0x9CD3, 0x9CD3, 0x9CD3, 0x632C, 0x632C, 0x3180, 0x6326, 0x6326, 0x6326, 0x3180, 0x6326,
    0x3180, 0x6326, 0x3180, 0x3180, 0xF81F, 0xF81F, 0xF81F, 0xF81F, 0xF81F, 0xF81F, 0xF81F, 0xF81F, 0xF81F, 0xF81F, 0xF81F, 0xF81F,
    0xF81F, 0x1082, 0x1082, 0x3180, 0x3180, 0x3180, 0x6326, 0x0000, 0x3180, 0x3180, 0x3180, 0x3180, 0x3180, 0x3180, 0x6326, 0x6326,
    0x6326, 0x6326, 0x6326, 0x3180, 0x52AA, 0xBDD7, 0xEF7D, 0xBDD7, 0x632C, 0x632C, 0x632C, 0x632C, 0x632C, 0x632C, 0x632C, 0x632C,
    0x8430, 0x8430, 0x9CD3, 0x9CD3, 0x9CD3, 0x632C, 0x632C, 0x3180, 0x3180, 0x3180, 0x6326, 0x6326, 0x6326, 0x3180, 0x6326, 0x3180,
    0x3180, 0x3180, 0x3180, 0xF81F, 0xF81F, 0xF81F, 0xF81F, 0xF81F, 0xF81F, 0xF81F, 0xF81F, 0xF81F, 0xF81F, 0xF81F, 0xF81F, 0xF81F,
    0xF81F, 0x1082, 0x3180, 0x1082, 0x3180, 0x3180, 0x6326, 0x0000, 0x3180, 0x3180, 0x3180, 0x3180, 0x3180, 0x1082, 0x6326, 0x6326,
    0x6326, 0x6326, 0x6326, 0x6326, 0x3180, 0x52AA, 0x52AA, 0x52AA, 0x9CD3, 0x9CD3, 0x9CD3, 0x9CD3, 0x9CD3, 0x9CD3, 0x9CD3, 0x9CD3,
    0x9CD3, 0x9CD3, 0x9CD3, 0x632C, 0x632C, 0x3180, 0x3180, 0x6326, 0x6326, 0x6326, 0x3180, 0x6326, 0x3180, 0x6326, 0x3180, 0x3180,
    0x3180, 0xF81F, 0xF81F, 0xF81F, 0xF81F, 0xF81F, 0xF81F, 0xF81F, 0xF81F, 0xF81F, 0xF81F, 0xF81F, 0xF81F, 0xF81F, 0xF81F, 0xF81F,
    0xF81F, 0x1082, 0x1082, 0x3180, 0x1082, 0x3180, 0x6326, 0x0000, 0x3180, 0x3180, 0x3180, 0x3180, 0x3180, 0x1082, 0x6326, 0x6326,
    0x6326, 0x6326, 0x6326, 0x6326, 0x6326, 0x3180, 0x3180, 0x3180, 0x52AA, 0x52AA, 0x52AA, 0x52AA, 0x52AA, 0x52AA, 0x52AA, 0x52AA,
    0x52AA, 0x52AA, 0x3180, 0x3180, 0x3180, 0x6326, 0x6326, 0x6326, 0x6326, 0x3180, 0x6326, 0x3180, 0x6326, 0x3180, 0x3180, 0xF81F,
    0xF81F, 0xF81F, 0xF81F, 0xF81F, 0xF81F, 0xF81F, 0xF81F, 0xF81F, 0xF81F, 0xF81F, 0xF81F, 0xF81F, 0xF81F, 0xF81F, 0xF81F, 0xF81F,
    0xF81F, 0xF81F, 0x1082, 0x1082, 0x3180, 0x1082, 0x3180, 0x0000, 0x3180, 0x3180, 0x3180, 0x3180, 0x3180, 0x1082, 0x6326, 0x6326,
    0x6326, 0x6326, 0x6326, 0x6326, 0x6326, 0x6326, 0x6326, 0x6326, 0x3180, 0x3180, 0x3180, 0x3180, 0x3180, 0x3180, 0x3180, 0x3180,
    0x3180, 0x3180, 0x6326, 0x6326, 0x6326, 0x6326, 0x3180, 0x6326, 0x3180, 0x6326, 0x3180, 0x6326, 0x3180, 0xF81F, 0xF81F, 0xF81F,
    0xF81F, 0xF81F, 0xF81F, 0xF81F, 0xF81F, 0xF81F, 0xF81F, 0xF81F, 0xF81F, 0xF81F, 0xF81F, 0xF81F, 0xF81F, 0xF81F, 0xF81F, 0xF81F,
    0xF81F, 0xF81F, 0x1082, 0x3180, 0x1082, 0x3180, 0x1082, 0x3180, 0x3180, 0x3180, 0x1082, 0x3180, 0x1082, 0x1082, 0x6326, 0x3180,
    0x6326, 0x6326, 0x6326, 0x6326, 0x6326, 0x6326, 0x6326, 0x6326, 0x6326, 0x6326, 0x6326, 0x6326, 0x6326, 0x6326, 0x6326, 0x6326,
    0x6326, 0x6326, 0x6326, 0x3180, 0x6326, 0x3180, 0x6326, 0x3180, 0x6326, 0x3180, 0x3180, 0xF81F, 0xF81F, 0xF81F, 0xF81F, 0xF81F,
    0xF81F, 0xF81F, 0xF81F, 0xF81F, 0xF81F, 0xF81F, 0xF81F, 0xF81F, 0xF81F, 0xF81F, 0xF81F, 0xF81F, 0xF81F, 0xF81F, 0xF81F, 0xF81F,
    0xF81F, 0xF81F, 0xF81F, 0x1082, 0x1082, 0x1082, 0x3180, 0x1082, 0x3180, 0x1082, 0x3180, 0x1082, 0x3180, 0x1082, 0x3180, 0x6326,
    0x3180, 0x6326, 0x6326, 0x6326, 0x6326, 0x6326, 0x6326, 0x6326, 0x6326, 0x6326, 0x6326, 0x6326, 0x6326, 0x6326, 0x3180, 0x6326,
    0x3180, 0x6326, 0x3180, 0x6326, 0x3180, 0x6326, 0x3180, 0x6326, 0x3180, 0xF81F, 0xF81F, 0xF81F, 0xF81F, 0xF81F, 0xF81F, 0xF81F,
    0xF81F, 0xF81F, 0xF81F, 0xF81F, 0xF81F, 0xF81F, 0xF81F, 0xF81F, 0xF81F, 0xF81F, 0xF81F, 0xF81F, 0xF81F, 0xF81F, 0xF81F, 0xF81F,
    0xF81F, 0xF81F, 0xF81F, 0xF81F, 0x1082, 0x1082, 0x1082, 0x3180, 0x1082, 0x3180, 0x1082, 0x3180, 0x1082, 0x1082, 0x3180, 0x3180,
    0x6326, 0x3180, 0x6326, 0x6326, 0x6326, 0x6326, 0x6326, 0x6326, 0x6326, 0x3180, 0x6326, 0x3180, 0x6326, 0x3180, 0x6326, 0x3180,
    0x6326, 0x3180, 0x6326, 0x3180, 0x6326, 0x3180, 0x3180, 0xF81F, 0xF81F, 0xF81F, 0xF81F, 0xF81F, 0xF81F, 0xF81F, 0xF81F, 0xF81F,
    0xF81F, 0xF81F, 0xF81F, 0xF81F, 0xF81F, 0xF81F, 0xF81F, 0xF81F, 0xF81F, 0xF81F, 0xF81F, 0xF81F, 0xF81F, 0xF81F, 0xF81F, 0xF81F,
    0xF81F, 0xF81F, 0xF81F, 0xF81F, 0xF81F, 0x1082, 0x1082, 0x1082, 0x3180, 0x1082, 0x3180, 0x1082, 0x1082, 0x1082, 0x3180, 0x3180,
    0x3180, 0x6326, 0x3180, 0x6326, 0x3180, 0x6326, 0x3180, 0x6326, 0x3180, 0x6326, 0x3180, 0x6326, 0x3180, 0x6326, 0x3180, 0x3180,
    0x3180, 0x3180, 0x3180, 0x3180, 0x3180, 0xF81F, 0xF81F, 0xF81F, 0xF81F, 0xF81F, 0xF81F, 0xF81F, 0xF81F, 0xF81F, 0xF81F, 0xF81F,
    0xF81F, 0xF81F, 0xF81F, 0xF81F, 0xF81F, 0xF81F, 0xF81F, 0xF81F, 0xF81F, 0xF81F, 0xF81F, 0xF81F, 0xF81F, 0xF81F, 0xF81F, 0xF81F,
    0xF81F, 0xF81F, 0xF81F, 0xF81F, 0xF81F, 0xF81F, 0xF81F, 0x1082, 0x1082, 0x1082, 0x1082, 0x1082, 0x1082, 0x1082, 0x3180, 0x3180,
    0x3180, 0x3180, 0x6326, 0x3180, 0x6326, 0x3180, 0x6326, 0x3180, 0x6326, 0x3180, 0x6326, 0x3180, 0x3180, 0x3180, 0x3180, 0x3180,
    0x3180, 0x3180, 0xF81F, 0xF81F, 0xF81F, 0xF81F, 0xF81F, 0xF81F, 0xF81F, 0xF81F, 0xF81F, 0xF81F, 0xF81F, 0xF81F, 0xF81F, 0xF81F,
    0xF81F, 0xF81F, 0xF81F, 0xF81F, 0xF81F, 0xF81F, 0xF81F, 0xF81F, 0xF81F, 0xF81F, 0xF81F, 0xF81F, 0xF81F, 0xF81F, 0xF81F, 0xF81F,
    0xF81F, 0xF81F, 0xF81F, 0xF81F, 0xF81F, 0xF81F, 0xF81F, 0xF81F, 0x1082, 0x1082, 0x1082, 0x1082, 0x1082, 0x1082, 0x3180, 0x3180,
    0x3180, 0x3180, 0x3180, 0x6326, 0x3180, 0x6326, 0x3180, 0x3180, 0x3180, 0x3180, 0x3180, 0x3180, 0x3180, 0x3180, 0x3180, 0xF81F,
    0xF81F, 0xF81F, 0xF81F, 0xF81F, 0xF81F, 0xF81F, 0xF81F, 0xF81F, 0xF81F, 0xF81F, 0xF81F, 0xF81F, 0xF81F, 0xF81F, 0xF81F, 0xF81F,
    0xF81F, 0xF81F, 0xF81F, 0xF81F, 0xF81F, 0xF81F, 0xF81F, 0xF81F, 0xF81F, 0xF81F, 0xF81F, 0xF81F, 0xF81F, 0xF81F, 0xF81F, 0xF81F,
    0xF81F, 0xF81F, 0xF81F, 0xF81F, 0xF81F, 0xF81F, 0xF81F, 0xF81F, 0xF81F, 0xF81F, 0xF81F, 0x1082, 0x1082, 0x1082, 0x3180, 0x3180,
    0x3180, 0x3180, 0x3180, 0x3180, 0x3180, 0x3180, 0x3180, 0x3180, 0x3180, 0x3180, 0x3180, 0xF81F, 0xF81F, 0xF81F, 0xF81F, 0xF81F,
    0xF81F, 0xF81F, 0xF81F, 0xF81F, 0xF81F, 0xF81F, 0xF81F, 0xF81F, 0xF81F, 0xF81F, 0xF81F, 0xF81F, 0xF81F, 0xF81F, 0xF81F, 0xF81F,
    0xF81F, 0xF81F, 0xF81F, 0xF81F, 0xF81F, 0xF81F, 0xF81F, 0xF81F, 0xF81F, 0xF81F, 0xF81F, 0xF81F, 0xF81F, 0xF81F, 0xF81F, 0xF81F,
    0xF81F, 0xF81F, 0xF81F, 0xF81F, 0xF81F, 0xF81F, 0xF81F, 0xF81F, 0xF81F, 0xF81F, 0xF81F, 0xF81F, 0xF81F, 0xF81F, 0xF81F, 0xF81F,
    0x3180, 0x3180, 0x3180, 0x3180, 0x3180, 0x3180, 0x3180, 0x3180, 0xF81F, 0xF81F, 0xF81F, 0xF81F, 0xF81F, 0xF81F, 0xF81F, 0xF81F,
    0xF81F, 0xF81F, 0xF81F, 0xF81F, 0xF81F, 0xF81F, 0xF81F, 0xF81F, 0xF81F, 0xF81F, 0xF81F, 0xF81F, 0xF81F, 0xF81F, 0xF81F, 0xF81F,
    0xF81F, 0xF81F, 0xF81F, 0xF81F, 0xF81F, 0xF81F, 0xF81F, 0xF81F, 0xF81F, 0xF81F, 0xF81F, 0xF81F, 0xF81F, 0xF81F, 0xF81F, 0xF81F,
    0xF81F, 0xF81F, 0xF81F, 0xF81F, 0xF81F, 0xF81F, 0xF81F, 0xF81F, 0xF81F, 0xF81F, 0xF81F, 0xF81F, 0xF81F, 0xF81F, 0xF81F, 0xF81F,
    0xF81F, 0xF81F, 0xF81F, 0xF81F, 0xF81F, 0xF81F, 0xF81F, 0xF81F, 0xF81F, 0xF81F, 0xF81F, 0xF81F, 0xF81F, 0xF81F, 0xF81F, 0xF81F,
    0xF81F, 0xF81F, 0xF81F, 0xF81F, 0xF81F, 0xF81F, 0xF81F, 0xF81F, 0xF81F, 0xF81F, 0xF81F, 0xF81F, 0xF81F, 0xF81F, 0xF81F, 0xF81F,
    0xF81F, 0xF81F, 0xF81F, 0xF81F, 0xF81F, 0xF81F, 0xF81F, 0xF81F, 0xF81F, 0xF81F, 0xF81F, 0xF81F, 0xF81F, 0xF81F, 0xF81F, 0xF81F,
    0xF81F, 0xF81F, 0xF81F, 0xF81F, 0xF81F, 0xF81F, 0xF81F, 0xF81F, 0xF81F, 0xF81F, 0xF81F, 0xF81F, 0xF81F, 0xF81F, 0xF81F, 0xF81F,
    0xF81F, 0xF81F, 0xF81F, 0xF81F, 0xF81F, 0xF81F, 0xF81F, 0xF81F, 0xF81F, 0xF81F, 0xF81F, 0xF81F, 0xF81F, 0xF81F, 0xF81F, 0xF81F,
    0xF81F, 0xF81F, 0xF81F, 0xF81F, 0xF81F, 0xF81F, 0xF81F, 0xF81F, 0xF81F, 0xF81F, 0xF81F, 0xF81F, 0xF81F, 0xF81F, 0xF81F, 0xF81F,
    0xF81F, 0xF81F, 0xF81F, 0xF81F, 0xF81F, 0xF81F, 0xF81F, 0xF81F, 0xF81F, 0xF81F, 0xF81F, 0xF81F, 0xF81F, 0xF81F, 0xF81F, 0xF81F,
    0xF81F, 0xF81F, 0xF81F, 0xF81F, 0xF81F, 0xF81F, 0xF81F, 0xF81F, 0xF81F, 0xF81F, 0xF81F, 0xF81F, 0xF81F, 0xF81F, 0xF81F, 0xF81F,
    0xF81F, 0xF81F, 0xF81F, 0xF81F, 0xF81F, 0xF81F, 0xF81F, 0xF81F, 0xF81F, 0xF81F, 0xF81F, 0xF81F, 0xF81F, 0xF81F, 0xF81F, 0xF81F,
    0xF81F, 0xF81F, 0xF81F, 0xF81F, 0xF81F, 0xF81F, 0xF81F, 0xF81F, 0xF81F, 0xF81F, 0xF81F, 0xF81F, 0xF81F, 0xF81F, 0xF81F, 0xF81F,
    0xF81F, 0xF81F, 0xF81F, 0xF81F, 0xF81F, 0xF81F, 0xF81F, 0xF81F, 0xF81F, 0xF81F, 0xF81F, 0xF81F, 0xF81F, 0xF81F, 0xF81F, 0xF81F,
    0xF81F, 0xF81F, 0xF81F, 0xF81F, 0xF81F, 0xF81F, 0xF81F, 0xF81F, 0xF81F, 0xF81F, 0xF81F, 0xF81F, 0xF81F, 0xF81F, 0xF81F, 0xF81F,
    0xF81F, 0xF81F, 0xF81F, 0xF81F, 0xF81F, 0xF81F, 0xF81F, 0xF81F, 0xF81F, 0xF81F, 0xF81F, 0xF81F, 0xF81F, 0xF81F, 0xF81F, 0xF81F,
    0xF81F, 0xF81F, 0xF81F, 0xF81F, 0xF81F, 0xF81F, 0xF81F, 0xF81F, 0xF81F, 0xF81F, 0xF81F, 0xF81F, 0xF81F, 0xF81F, 0xF81F, 0xF81F,
    0xF81F, 0xF81F, 0xF81F, 0xF81F, 0xF81F, 0xF81F, 0xF81F, 0xF81F, 0xF81F, 0xF81F, 0xF81F, 0xF81F, 0xF81F, 0xF81F, 0xF81F, 0xF81F,
  },
  {
    0xF81F, 0xF81F, 0xF81F, 0xF81F, 0xF81F, 0xF81F, 0xF81F, 0xF81F, 0xF81F, 0xF81F, 0xF81F, 0xF81F, 0xF81F, 0xF81F, 0xF81F, 0xF81F,
    0xF81F, 0xF81F, 0xF81F, 0xF81F, 0xF81F, 0xF81F, 0xF81F, 0xF81F, 0xF81F, 0xF81F, 0xF81F, 0xF81F, 0xF81F, 0xF81F, 0xF81F, 0xF81F,
    0xF81F, 0xF81F, 0xF81F, 0xF81F, 0xF81F, 0xF81F, 0xF81F, 0xF81F, 0xF81F, 0xF81F, 0xF81F, 0xF81F, 0xF81F, 0xF81F, 0xF81F, 0xF81F,
    0xF81F, 0xF81F, 0xF81F, 0xF81F, 0xF81F, 0xF81F, 0xF81F, 0xF81F, 0xF81F, 0xF81F, 0xF81F, 0xF81F, 0xF81F, 0xF81F, 0xF81F, 0xF81F,
    0xF81F, 0xF81F, 0xF81F, 0xF81F, 0xF81F, 0xF81F, 0xF81F, 0xF81F, 0xF81F, 0xF81F, 0xF81F, 0xF81F, 0xF81F, 0xF81F, 0xF81F, 0xF81F,
    0xF81F, 0xF81F, 0xF81F, 0xF81F, 0xF81F, 0xF81F, 0xF81F, 0xF81F, 0xF81F, 0xF81F, 0xF81F, 0xF81F, 0xF81F, 0xF81F, 0xF81F, 0xF81F,
    0xF81F, 0xF81F, 0xF81F, 0xF81F, 0xF81F, 0xF81F, 0xF81F, 0xF81F, 0xF81F, 0xF81F, 0xF81F, 0xF81F, 0xF81F, 0xF81F, 0xF81F, 0xF81F,
    0xF81F, 0xF81F, 0xF81F, 0xF81F, 0xF81F, 0xF81F, 0xF81F, 0xF81F, 0xF81F, 0xF81F, 0xF81F, 0xF81F, 0xF81F, 0xF81F, 0xF81F, 0xF81F,
    0xF81F, 0xF81F, 0xF81F, 0xF81F, 0xF81F, 0xF81F, 0xF81F, 0xF81F, 0xF81F, 0xF81F, 0xF81F, 0xF81F, 0xF81F, 0xF81F, 0xF81F, 0xF81F,
    0xF81F, 0xF81F, 0xF81F, 0xF81F, 0xF81F, 0xF81F, 0xF81F, 0xF81F, 0xF81F, 0xF81F, 0xF81F, 0xF81F, 0xF81F, 0xF81F, 0xF81F, 0xF81F,
    0xF81F, 0xF81F, 0xF81F, 0xF81F, 0xF81F, 0xF81F, 0xF81F, 0xF81F, 0xF81F, 0xF81F, 0xF81F, 0xF81F, 0xF81F, 0xF81F, 0xF81F, 0xF81F,
    0xF81F, 0xF81F, 0xF81F, 0xF81F, 0xF81F, 0xF81F, 0xF81F, 0xF81F, 0xF81F, 0xF81F, 0xF81F, 0xF81F, 0xF81F, 0xF81F, 0xF81F, 0xF81F,
    0xF81F, 0xF81F, 0xF81F, 0xF81F, 0xF81F, 0xF81F, 0xF81F, 0xF81F, 0xF81F, 0xF81F, 0xF81F, 0xF81F, 0xF81F, 0xF81F, 0xF81F, 0xF81F,
    0xF81F, 0xF81F, 0xF81F, 0xF81F, 0xF81F, 0xF81F, 0xF81F, 0xF81F, 0xF81F, 0xF81F, 0xF81F, 0xF81F, 0xF81F, 0xF81F, 0xF81F, 0xF81F,
    0xF81F, 0xF81F, 0xF81F, 0xF81F, 0xF81F, 0xF81F, 0xF81F, 0xF81F, 0xF81F, 0xF81F, 0xF81F, 0xF81F, 0xF81F, 0xF81F, 0xF81F, 0xF81F,
    0xF81F, 0xF81F, 0xF81F, 0xF81F, 0xF81F, 0xF81F, 0xF81F, 0xF81F, 0xF81F, 0xF81F, 0xF81F, 0xF81F, 0xF81F, 0xF81F, 0xF81F, 0xF81F,
    0xF81F, 0xF81F, 0xF81F, 0xF81F, 0xF81F, 0xF81F, 0xF81F, 0xF81F, 0xF81F, 0xF81F, 0xF81F, 0xF81F, 0xF81F, 0xF81F, 0xF81F, 0xF81F,
    0xF81F, 0xF81F, 0xF81F, 0xF81F, 0xF81F, 0xF81F, 0xF81F, 0xF81F, 0xF81F, 0xF81F, 0xF81F, 0xF81F, 0xF81F, 0xF81F, 0xF81F, 0xF81F,
    0xF81F, 0xF81F, 0xF81F, 0xF81F, 0xF81F, 0xF81F, 0xF81F, 0xF81F, 0xF81F, 0xF81F, 0xF81F, 0xF81F, 0xF81F, 0xF81F, 0xF81F, 0xF81F,
    0xF81F, 0xF81F, 0xF81F, 0xF81F, 0xF81F, 0xF81F, 0xF81F, 0xF81F, 0xF81F, 0xF81F, 0xF81F, 0xF81F, 0xF81F, 0xF81F, 0xF81F, 0xF81F,
    0xF81F, 0xF81F, 0xF81F, 0xF81F, 0xF81F, 0xF81F, 0xF81F, 0xF81F, 0xF81F, 0xF81F, 0xF81F, 0xF81F, 0xF81F, 0xF81F, 0xF81F, 0xF81F,
    0xF81F, 0xFFFF, 0xEF7D, 0xEF7D, 0xEF7D, 0xEF7D, 0xF81F, 0xF81F, 0xF81F, 0xF81F, 0xF81F, 0xF81F, 0xF81F, 0xF81F, 0xF81F, 0xF81F,
    0xF81F, 0xF81F, 0xF81F, 0xF81F, 0xF81F, 0xF81F, 0xF81F, 0xF81F, 0xF81F, 0xF81F, 0xF81F, 0xF81F, 0xF81F, 0xF81F, 0xF81F, 0xF81F,
    0xF81F, 0xF81F, 0xF81F, 0xF81F, 0xF81F, 0xF81F, 0xF81F, 0xF81F, 0xF81F, 0xF81F, 0xF81F, 0xF81F, 0xF81F, 0xF81F, 0xF81F, 0xF81F,
    0xF81F, 0xF81F, 0xF81F, 0xF81F, 0xF81F, 0xF81F, 0xF81F, 0xF81F, 0xF81F, 0xF81F, 0xF81F, 0xF81F, 0xF81F, 0xF81F, 0xF81F, 0xEF7D,
    0xEF7D, 0xEF7D, 0xFFFF, 0xFFFF, 0xFFFF, 0xEF7D, 0xEF7D, 0xEF7D, 0xF81F, 0xF81F, 0xF81F, 0xF81F, 0xF81F, 0xF81F, 0xF81F, 0xF81F,
    0xF81F, 0xF81F, 0xF81F, 0xF81F, 0xF81F, 0xF81F, 0xF81F, 0xF81F, 0xF81F, 0xF81F, 0xF81F, 0xF81F, 0xF81F, 0xF81F, 0xF81F, 0xF81F,
    0xF81F, 0xF81F, 0xF81F, 0xF81F, 0xF81F, 0xF81F, 0xF81F, 0xF81F, 0xF81F, 0xF81F, 0xF81F, 0xF81F, 0xF81F, 0xF81F, 0xF81F, 0xF81F,
    0xF81F, 0xF81F, 0xF81F, 0xF81F, 0xF81F, 0xF81F, 0xF81F, 0xF81F, 0xF81F, 0xF81F, 0xF81F, 0xF81F, 0xF81F, 0xEF7D, 0xEF7D, 0xEF7D,
    0xFFFF, 0xFFFF, 0xFFFF, 0xFFFF, 0xFFFF, 0xFFFF, 0xCE79, 0xCE79, 0xCE79, 0x9CD3, 0xF81F, 0xF81F, 0xF81F, 0x9CD3, 0x9CD3, 0x9CD3,
    0x9CD3, 0x9CD3, 0x9CD3, 0x9CD3, 0x9CD3, 0x9CD3, 0x9CD3, 0xF81F, 0xF81F, 0xF81F, 0xF81F, 0xF81F, 0xF81F, 0xF81F, 0xF81F, 0xF81F,
    0xF81F, 0xF81F, 0xF81F, 0xF81F, 0xF81F, 0xF81F, 0xF81F, 0xF81F, 0xF81F, 0xF81F, 0xF81F, 0xF81F, 0xF81F, 0xF81F, 0xF81F, 0xF81F,
    0xF81F, 0xF81F, 0xF81F, 0xF81F, 0xF81F, 0xF81F, 0xF81F, 0xF81F, 0xF81F, 0xF81F, 0xF81F, 0xF81F, 0xEF7D, 0xEF7D, 0xEF7D, 0xFFFF,
    0xFFFF, 0xFFFF, 0xFFFF, 0xCE79, 0xCE79, 0xCE79, 0x9CD3, 0xFFFF, 0x0000, 0x9CD3, 0x9CD3, 0xCE79, 0xCE79, 0xCE79, 0xCE79, 0xCE79,
    0xCE79, 0xCE79, 0xCE79, 0xCE79, 0xCE79, 0xCE79, 0xCE79, 0xCE79, 0xCE79, 0x9CD3, 0xF81F, 0xF81F, 0xF81F, 0xF81F, 0xF81F, 0xF81F,
    0xF81F, 0xF81F, 0xF81F, 0xF81F, 0xF81F, 0xF81F, 0xF81F, 0xF81F, 0xF81F, 0xF81F, 0xF81F, 0xF81F, 0xF81F, 0xF81F, 0xF81F, 0xF81F,
    0xF81F, 0xF81F, 0xF81F, 0xF81F, 0xF81F, 0xF81F, 0xF81F, 0xF81F, 0xF81F, 0xF81F, 0xF81F, 0xEF7D, 0xEF7D, 0xFFFF, 0xFFFF, 0xFFFF,
    0xFFFF, 0xFFFF, 0xFFFF, 0xFFFF, 0xFFFF, 0xFFFF, 0x9CD3, 0x9CD3, 0xCE79, 0xCE79, 0xCE79, 0xCE79, 0xCE79, 0xCE79, 0x3180, 0x3180,
    0x3180, 0x3180, 0x3180, 0x3180, 0x3180, 0x3180, 0x3180, 0xCE79, 0xCE79, 0xCE79, 0xCE79, 0x9CD3, 0xF81F, 0xF81F, 0xF81F, 0xF81F,
    0xF81F, 0xF81F, 0xF81F, 0xF81F, 0xF81F, 0xF81F, 0xF81F, 0xF81F, 0xF81F, 0xF81F, 0xF81F, 0xF81F, 0xF81F, 0xF81F, 0xF81F, 0xF81F,
    0xF81F, 0xF81F, 0xF81F, 0xF81F, 0xF81F, 0xF81F, 0xF81F, 0xF81F, 0xF81F, 0xF81F, 0xEF7D, 0xEF7D, 0xFFFF, 0xFFFF, 0xFFFF, 0xFFFF,
    0xFFFF, 0xFFFF, 0xFFFF, 0x9CD3, 0x9CD3, 0xCE79, 0xCE79, 0xCE79, 0xCE79, 0xCE79, 0x3180, 0x3180, 0x3180, 0x3180, 0x3180, 0x3180,
    0x6180, 0x6180, 0x6180, 0x6180, 0x6180, 0x6180, 0x3180, 0x1082, 0x1082, 0xCE79, 0xCE79, 0xCE79, 0xCE79, 0x9CD3, 0x6326, 0x6326,
    0x6326, 0xF81F, 0xF81F, 0xF81F, 0xF81F, 0xF81F, 0xF81F, 0xF81F, 0xF81F, 0xF81F, 0xF81F, 0xF81F, 0xF81F, 0xF81F, 0xF81F, 0xF81F,
    0xF81F, 0xF81F, 0xF81F, 0xF81F, 0xF81F, 0xF81F, 0xF81F, 0xF81F, 0xF81F, 0xF81F, 0xEF7D, 0xFFFF, 0xFFFF, 0xFFFF, 0xFFFF, 0xFFFF,
    0xFFFF, 0x9CD3, 0xCE79, 0xCE79, 0xCE79, 0xCE79, 0xCE79, 0x3180, 0x3180, 0x3180, 0x3180, 0x3180, 0x6180, 0x6180, 0x6180, 0xC980,
    0xC980, 0xC980, 0xC980, 0xEF7D, 0xEF7D, 0xEF7D, 0xEF7D, 0xEF7D, 0xCE79, 0xCE79, 0xCE79, 0xCE79, 0xCE79, 0xCE79, 0x9CD3, 0x3180,
    0x3180, 0x6326, 0x6326, 0xF81F, 0xF81F, 0xF81F, 0xF81F, 0xF81F, 0xF81F, 0xF81F, 0xF81F, 0xF81F, 0xF81F, 0xF81F, 0xF81F, 0xF81F,
    0xF81F, 0xF81F, 0xF81F, 0xF81F, 0xF81F, 0xF81F, 0xF81F, 0xF81F, 0xF81F, 0xEF7D, 0xFFFF, 0xFFFF, 0xFFFF, 0xFFFF, 0xFFFF, 0x9CD3,
    0xCE79, 0xCE79, 0xCE79, 0xCE79, 0x1082, 0x3180, 0x3180, 0x3180, 0x6180, 0x6180, 0x6180, 0xC980, 0xC980, 0xC980, 0xEF7D, 0xEF7D,
    0xEF7D, 0xEF7D, 0xCE79, 0xCE79, 0xCE79, 0xCE79, 0xCE79, 0xCE79, 0x0000, 0x0000, 0x0000, 0xCE79, 0xCE79, 0xCE79, 0xCE79, 0xCE79,
    0x9CD3, 0x3180, 0x3180, 0x6326, 0xF81F, 0xF81F, 0xF81F, 0xF81F, 0xF81F, 0xF81F, 0xF81F, 0xF81F, 0xF81F, 0xF81F, 0xF81F, 0xF81F,
    0xF81F, 0xF81F, 0xF81F, 0xF81F, 0xF81F, 0xF81F, 0xF81F, 0xF81F, 0xEF7D, 0xFFFF, 0xFFFF, 0xFFFF, 0xFFFF, 0x9CD3, 0xCE79, 0xCE79,
    0xCE79, 0xCE79, 0x1082, 0x3180, 0x3180, 0x3180, 0x6180, 0x6180, 0xC980, 0xC980, 0xC980, 0xEF7D, 0xEF7D, 0xCE79, 0xCE79, 0xCE79,
    0xCE79, 0xCE79, 0xCE79, 0x0000, 0x0000, 0x1082, 0x1082, 0x1082, 0x1082, 0x1082, 0x1082, 0x0000, 0x0000, 0x0000, 0xCE79, 0xCE79,
    0xCE79, 0xCE79, 0x9CD3, 0x1082, 0x3180, 0x6326, 0xF81F, 0xF81F, 0xF81F, 0xF81F, 0xF81F, 0xF81F, 0xF81F, 0xF81F, 0xF81F, 0xF81F,
    0xF81F, 0xF81F, 0xF81F, 0xF81F, 0xF81F, 0xF81F, 0xF81F, 0xEF7D, 0xEF7D, 0xFFFF, 0xFFFF, 0x9CD3, 0xCE79, 0xCE79, 0xCE79, 0xCE79,
    0x1082, 0x3180, 0x3180, 0x3180, 0x6180, 0xC980, 0xC980, 0xC980, 0xEF7D, 0xEF7D, 0xCE79, 0xCE79, 0xCE79, 0xCE79, 0x0000, 0x0000,
    0x0000, 0x0000, 0x1082, 0x1082, 0x1082, 0x1082, 0x1082, 0x1082, 0x1082, 0x1082, 0x1082, 0x1082, 0x1082, 0x0000, 0x0000, 0xCE79,
    0xCE79, 0xFFFF, 0xCE79, 0x9CD3, 0x1082, 0x3180, 0x6326, 0xF81F, 0xF81F, 0xF81F, 0xF81F, 0xF81F, 0xF81F, 0xF81F, 0xF81F, 0xF81F,
    0xF81F, 0xF81F, 0xF81F, 0xF81F, 0xF81F, 0xF81F, 0xF81F, 0xEF7D, 0xFFFF, 0x9CD3, 0xCE79, 0xCE79, 0xCE79, 0xCE79, 0x1082, 0x3180,
    0x3180, 0x3180, 0x6180, 0x6180, 0xC980, 0xEF7D, 0xEF7D, 0xCE79, 0xCE79, 0xCE79, 0xCE79, 0x0000, 0x0000, 0x0000, 0x1082, 0x1082,
    0x1082, 0x1082, 0x1082, 0x1082, 0x6180, 0x6180, 0x6180, 0x6180, 0x6180, 0x6180, 0x6180, 0xEF7D, 0xEF7D, 0xEF7D, 0xFFFF, 0xFFFF,
    0xFFFF, 0xFFFF, 0xFFFF, 0xFFFF, 0x9CD3, 0x1082, 0x3180, 0x6326, 0xF81F, 0xF81F, 0xF81F, 0xF81F, 0xF81F, 0xF81F, 0xF81F, 0xF81F,
    0xF81F, 0xF81F, 0xF81F, 0xF81F, 0xF81F, 0xF81F, 0xF81F, 0xEF7D, 0x9CD3, 0xCE79, 0xCE79, 0xCE79, 0x1082, 0x1082, 0x3180, 0x3180,
    0x6180, 0x6180, 0xC980, 0xC980, 0xEF7D, 0xCE79, 0xCE79, 0xCE79, 0x0000, 0x0000, 0x0000, 0x1082, 0x0000, 0x1082, 0x1082, 0x1082,
    0x6180, 0x6180, 0xC980, 0xC980, 0xC980, 0xC980, 0xEF7D, 0xEF7D, 0xEF7D, 0xEF7D, 0xFFFF, 0xFFFF, 0xFFFF, 0xFFFF, 0xFFFF, 0xFFFF,
    0xFFFF, 0xFFFF, 0xFFFF, 0xFFFF, 0xFFFF, 0x9CD3, 0x1082, 0x3180, 0x6326, 0xF81F, 0xF81F, 0xF81F, 0xF81F, 0xF81F, 0xF81F, 0xF81F,
    0xF81F, 0xF81F, 0xF81F, 0xF81F, 0xF81F, 0xF81F, 0x9CD3, 0xEF7D, 0xCE79, 0xCE79, 0x1082, 0x1082, 0x3180, 0x3180, 0x3180, 0x6180,
    0xC980, 0xC980, 0xEF7D, 0xEF7D, 0xCE79, 0xCE79, 0x0000, 0x0000, 0x0000, 0x1082, 0x1082, 0x1082, 0x6180, 0x6180, 0x6180, 0xC980,
    0xC980, 0xC980, 0xEF7D, 0xEF7D, 0xEF7D, 0xEF7D, 0xFFFF, 0xFFFF, 0xFFFF, 0xFFFF, 0xFFFF, 0xEF7D, 0xEF7D, 0xEF7D, 0xEF7D, 0xCE79,
    0xCE79, 0xCE79, 0xCE79, 0xEF7D, 0xEF7D, 0xEF7D, 0x1082, 0x1082, 0x6326, 0xF81F, 0xF81F, 0xF81F, 0xF81F, 0xF81F, 0xF81F, 0xF81F,
    0xF81F, 0xF81F, 0xF81F, 0xF81F, 0xF81F, 0x9CD3, 0xEF7D, 0xCE79, 0xCE79, 0x1082, 0x1082, 0x3180, 0x3180, 0x6180, 0x6180, 0xC980,
    0xEF7D, 0xEF7D, 0xCE79, 0xCE79, 0x0000, 0x0000, 0x0000, 0x1082, 0x1082, 0x1082, 0x6180, 0x6180, 0xC980, 0xC980, 0xEF7D, 0xEF7D,
    0xEF7D, 0xEF7D, 0xFFFF, 0xFFFF, 0xFFFF, 0xFFFF, 0xEF7D, 0xEF7D, 0xEF7D, 0xEF7D, 0xEF7D, 0xEF7D, 0x9CD3, 0x9CD3, 0x9CD3, 0x9CD3,
    0x8430, 0x8430, 0x8430, 0x8430, 0x8430, 0x8430, 0x9CD3, 0x1082, 0x3180, 0x6326, 0xF81F, 0xF81F, 0xF81F, 0xF81F, 0xF81F, 0xF81F,
    0xF81F, 0xF81F, 0xF81F, 0xF81F, 0x9CD3, 0xCE79, 0xCE79, 0xCE79, 0x1082, 0x1082, 0x3180, 0x3180, 0x6180, 0xC980, 0xC980, 0xEF7D,
    0xCE79, 0xCE79, 0xCE79, 0x0000, 0x0000, 0x1082, 0x1082, 0x6180, 0x6180, 0x6180, 0xC980, 0xC980, 0xEF7D, 0xEF7D, 0xFFFF, 0xFFFF,
    0xFFFF, 0xFFFF, 0xFFFF, 0xEF7D, 0xEF7D, 0xEF7D, 0xCE79, 0xCE79, 0x9CD3, 0x9CD3, 0x8430, 0x8430, 0x8430, 0x8430, 0x632C, 0x632C,
    0x52AA, 0x52AA, 0x52AA, 0x52AA, 0x52AA, 0x8430, 0x9CD3, 0x9CD3, 0x1082, 0x3180, 0xF81F, 0xF81F, 0xF81F, 0xF81F, 0xF81F, 0xF81F,
    0xF81F, 0xF81F, 0xF81F, 0x9CD3, 0xCE79, 0xEF7D, 0xCE79, 0x1082, 0x1082, 0x3180, 0x6326, 0x6180, 0xC980, 0xEF7D, 0xEF7D, 0xCE79,
    0xCE79, 0x0000, 0x0000, 0x1082, 0x1082, 0x6180, 0x6180, 0x6180, 0xC980, 0xC980, 0xEF7D, 0xEF7D, 0xEF7D, 0xFFFF, 0xFFFF, 0xEF7D,
    0xEF7D, 0xEF7D, 0xEF7D, 0xEF7D, 0xCE79, 0x9CD3, 0x9CD3, 0x9CD3, 0x8430, 0x8430, 0x8430, 0x632C, 0x632C, 0x632C, 0x632C, 0x632C,
    0x632C, 0x632C, 0x632C, 0x632C, 0x632C, 0x52AA, 0x8430, 0x9CD3, 0x1082, 0x1082, 0xF81F, 0xF81F, 0xF81F, 0xF81F, 0xF81F, 0xF81F,
    0xF81F, 0xF81F, 0xF81F, 0xCE79, 0xEF7D, 0xEF7D, 0xCE79, 0x1082, 0x3180, 0x3180, 0x6180, 0xC980, 0xEF7D, 0xCE79, 0xCE79, 0xCE79,
    0x0000, 0x0000, 0x1082, 0x1082, 0x6180, 0x6180, 0xC980, 0xC980, 0xEF7D, 0xEF7D, 0xEF7D, 0xEF7D, 0xEF7D, 0xEF7D, 0xEF7D, 0xCE79,
    0xCE79, 0xCE79, 0x9CD3, 0x9CD3, 0x9CD3, 0x8430, 0x8430, 0x8430, 0x8430, 0x8430, 0x632C, 0x632C, 0x8430, 0x8430, 0x8430, 0x8430,
    0x8430, 0x8430, 0x8430, 0x8430, 0x632C, 0x632C, 0x52AA, 0x8430, 0x9CD3, 0x1082, 0xF81F, 0xF81F, 0xF81F, 0xF81F, 0xF81F, 0xF81F,
    0xF81F, 0xF81F, 0x9CD3, 0xEF7D, 0xEF7D, 0xEF7D, 0xCE79, 0xCE79, 0x6326, 0x6326, 0xFFFF, 0xFFFF, 0xCE79, 0xCE79, 0x0000, 0x0000,
    0x1082, 0x1082, 0x1082, 0x6180, 0x6180, 0xC980, 0xEF7D, 0xEF7D, 0xEF7D, 0xEF7D, 0xEF7D, 0xEF7D, 0xEF7D, 0xCE79, 0xCE79, 0x9CD3,
    0x9CD3, 0x9CD3, 0x8430, 0x8430, 0x8430, 0x8430, 0x8430, 0x8430, 0x8430, 0x8430, 0x8430, 0x8430, 0x8430, 0x8430, 0x8430, 0x8430,
    0x8430, 0x8430, 0x8430, 0x8430, 0x8430, 0x8430, 0x632C, 0x8430, 0x9CD3, 0x1082, 0xF81F, 0xF81F, 0xF81F, 0xF81F, 0xF81F, 0xF81F,
    0xF81F, 0xF81F, 0xBDD7, 0xBDD7, 0xEF7D, 0xEF7D, 0xFFFF, 0xCE79, 0xCE79, 0xCE79, 0xFFFF, 0xCE79, 0xCE79, 0x0000, 0x0000, 0x1082,
    0x1082, 0x1082, 0x6180, 0xC980, 0xC980, 0xEF7D, 0xEF7D, 0xEF7D, 0xEF7D, 0xEF7D, 0xEF7D, 0xCE79, 0xCE79, 0x9CD3, 0x9CD3, 0x8430,
    0x8430, 0x8430, 0x8430, 0x8430, 0x8430, 0x8430, 0x8430, 0x8430, 0x8430, 0x8430, 0x8430, 0x8430, 0x8430, 0x8430, 0x8430, 0x8430,
    0x8430, 0x8430, 0x8430, 0x8430, 0x8430, 0x8430, 0x8430, 0x9CD3, 0x9CD3, 0x632C, 0xF81F, 0xF81F, 0xF81F, 0xF81F, 0xF81F, 0xF81F,
    0xF81F, 0x52AA, 0xBDD7, 0xBDD7, 0xBDD7, 0xEF7D, 0xEF7D, 0xFFFF, 0xCE79, 0xCE79, 0xCE79, 0xCE79, 0x0000, 0x0000, 0x0000, 0x1082,
    0x1082, 0x6180, 0xC980, 0xFFFF, 0xFFFF, 0xFFFF, 0xEF7D, 0xEF7D, 0xEF7D, 0xCE79, 0xCE79, 0x9CD3, 0x8430, 0x8430, 0x8430, 0x8430,
    0x8430, 0x8430, 0x9CD3, 0x8430, 0x8430, 0x8430, 0x8430, 0x8430, 0x8430, 0x8430, 0x8430, 0x8430, 0x8430, 0x8430, 0x8430, 0x8430,
    0x8430, 0x8430, 0x8430, 0x8430, 0x8430, 0x8430, 0x9CD3, 0x9CD3, 0x9CD3, 0x632C, 0xF81F, 0xF81F, 0xF81F, 0xF81F, 0xF81F, 0xF81F,
    0xF81F, 0x52AA, 0x9CD3, 0xBDD7, 0xBDD7, 0xBDD7, 0xBDD7, 0xFFFF, 0xFFFF, 0xCE79, 0xCE79, 0xCE79, 0xCE79, 0x0000, 0x0000, 0x1082,
    0x6180, 0xC980, 0xFFFF, 0xFFFF, 0xEF7D, 0xEF7D, 0xEF7D, 0xCE79, 0xCE79, 0xCE79, 0x8430, 0x632C, 0x8430, 0x8430, 0x8430, 0x9CD3,
    0x8430, 0x8430, 0x8430, 0x8430, 0x9CD3, 0x9CD3, 0x9CD3, 0x9CD3, 0x9CD3, 0x9CD3, 0x9CD3, 0x9CD3, 0x9CD3, 0x9CD3, 0x8430, 0x8430,
    0x8430, 0x8430, 0x8430, 0x8430, 0x8430, 0x8430, 0x8430, 0x9CD3, 0x9CD3, 0x632C, 0xF81F, 0xF81F, 0xF81F, 0xF81F, 0xF81F, 0xF81F,
    0xF81F, 0x52AA, 0x9CD3, 0x9CD3, 0xBDD7, 0xBDD7, 0xBDD7, 0xBDD7, 0xCE79, 0xCE79, 0xCE79, 0xCE79, 0xCE79, 0xCE79, 0xEF7D, 0x1082,
    0x6326, 0xEF7D, 0xFFFF, 0xEF7D, 0xEF7D, 0xEF7D, 0xCE79, 0xCE79, 0xCE79, 0x8430, 0x632C, 0x8430, 0x8430, 0x8430, 0x9CD3, 0x8430,
    0x9CD3, 0x9CD3, 0x9CD3, 0x9CD3, 0x9CD3, 0xBDD7, 0xBDD7, 0x9CD3, 0x9CD3, 0x9CD3, 0x9CD3, 0x9CD3, 0x9CD3, 0x9CD3, 0x9CD3, 0x9CD3,
    0x9CD3, 0x9CD3, 0x9CD3, 0x8430, 0x8430, 0x8430, 0x8430, 0x9CD3, 0x9CD3, 0x632C, 0xF81F, 0xF81F, 0xF81F, 0xF81F, 0xF81F, 0xF81F,
    0xF81F, 0x52AA, 0x1082, 0x1082, 0x9CD3, 0x9CD3, 0xBDD7, 0xBDD7, 0xBDD7, 0xBDD7, 0xCE79, 0xEF7D, 0xCE79, 0xCE79, 0xCE79, 0xEF7D,
    0xFFFF, 0xFFFF, 0xEF7D, 0xEF7D, 0xEF7D, 0xCE79, 0xCE79, 0x8430, 0x632C, 0x9CD3, 0x8430, 0x8430, 0x8430, 0x9CD3, 0x8430, 0x9CD3,
    0x9CD3, 0x9CD3, 0xBDD7, 0xBDD7, 0xBDD7, 0xBDD7, 0xBDD7, 0xBDD7, 0xBDD7, 0xBDD7, 0xBDD7, 0xBDD7, 0xBDD7, 0xBDD7, 0xBDD7, 0xBDD7,
    0xBDD7, 0xBDD7, 0x9CD3, 0x9CD3, 0x8430, 0x8430, 0x8430, 0x9CD3, 0x9CD3, 0x632C, 0x1082, 0xF81F, 0xF81F, 0xF81F, 0xF81F, 0xF81F,
    0xF81F, 0x1082, 0x3180, 0x3180, 0x1082, 0x9CD3, 0x9CD3, 0x9CD3, 0xBDD7, 0xBDD7, 0xBDD7, 0xCE79, 0xEF7D, 0xFFFF, 0xFFFF, 0xFFFF,
    0xFFFF, 0xFFFF, 0xFFFF, 0xEF7D, 0xCE79, 0xCE79, 0x52AA, 0x632C, 0x8430, 0x8430, 0x8430, 0x8430, 0x9CD3, 0x8430, 0x9CD3, 0x9CD3,
    0xCE79, 0xCE79, 0xBDD7, 0xBDD7, 0xBDD7, 0xBDD7, 0xBDD7, 0xBDD7, 0xFFFF, 0xFFFF, 0xFFFF, 0xFFFF, 0xFFFF, 0xFFFF, 0xFFFF, 0xFFFF,
    0xFFFF, 0xFFFF, 0xBDD7, 0x9CD3, 0x8430, 0x8430, 0x8430, 0x8430, 0x8430, 0x632C, 0x1082, 0xF81F, 0xF81F, 0xF81F, 0xF81F, 0xF81F,
    0xF81F, 0x3180, 0x3180, 0x3180, 0x3180, 0x1082, 0x1082, 0x9CD3, 0x9CD3, 0x9CD3, 0xBDD7, 0xBDD7, 0xCE79, 0xFFFF, 0xFFFF, 0xFFFF,
    0xFFFF, 0xFFFF, 0xEF7D, 0xCE79, 0x3180, 0x632C, 0x632C, 0x8430, 0x8430, 0x9CD3, 0x8430, 0x9CD3, 0x8430, 0x9CD3, 0x8430, 0xCE79,
    0xCE79, 0xCE79, 0xBDD7, 0xCE79, 0xFFFF, 0xFFFF, 0xFFFF, 0xFFFF, 0xFFFF, 0xFFFF, 0xFFFF, 0xFFFF, 0xFFFF, 0xFFFF, 0xFFFF, 0xFFFF,
    0xFFFF, 0xFFFF, 0xFFFF, 0xFFFF, 0xFFFF, 0xFFFF, 0xFFFF, 0xFFFF, 0xFFFF, 0x632C, 0x1082, 0xF81F, 0xF81F, 0xF81F, 0xF81F, 0xF81F,
    0xF81F, 0x3180, 0x3180, 0x3180, 0x3180, 0x3180, 0x3180, 0x1082, 0x1082, 0x9CD3, 0x9CD3, 0xBDD7, 0xBDD7, 0xCE79, 0xEF7D, 0xFFFF,
    0xEF7D, 0xCE79, 0xCE79, 0x3180, 0x632C, 0x8430, 0x8430, 0x8430, 0x9CD3, 0x8430, 0x9CD3, 0x8430, 0x9CD3, 0x8430, 0xCE79, 0xCE79,
    0xCE79, 0x8430, 0xFFFF, 0xFFFF, 0xFFFF, 0xFFFF, 0xFFFF, 0xFFFF, 0xFFFF, 0xFFFF, 0xFFFF, 0xFFFF, 0xFFFF, 0xFFFF, 0xFFFF, 0xFFFF,
    0xEF7D, 0xFFFF, 0xFFFF, 0xFFFF, 0xFFFF, 0xFFFF, 0xFFFF, 0xFFFF, 0xFFFF, 0xFFFF, 0xFFFF, 0xFFFF, 0xF81F, 0xF81F, 0xF81F, 0xF81F,
    0xF81F, 0x3180, 0x3180, 0x3180, 0x3180, 0x3180, 0x3180, 0x3180, 0x3180, 0x1082, 0x1082, 0x9CD3, 0x9CD3, 0xBDD7, 0xBDD7, 0xEF7D,
    0xCE79, 0xCE79, 0x3180, 0x632C, 0x8430, 0x8430, 0x9CD3, 0x9CD3, 0x8430, 0x9CD3, 0x8430, 0x9CD3, 0x8430, 0x9CD3, 0xCE79, 0xCE79,
    0x8430, 0xEF7D, 0xFFFF, 0xFFFF, 0xFFFF, 0xFFFF, 0xFFFF, 0xFFFF, 0xFFFF, 0xFFFF, 0xFFFF, 0xFFFF, 0xFFFF, 0xFFFF, 0xFFFF, 0xFFFF,
    0xCE79, 0xEF7D, 0xEF7D, 0xEF7D, 0xEF7D, 0xEF7D, 0xFFFF, 0xFFFF, 0xFFFF, 0xFFFF, 0xFFFF, 0xFFFF, 0xFFFF, 0xCE79, 0xCE79, 0xF81F,
    0xF81F, 0x3180, 0x3180, 0x3180, 0x8430, 0x8430, 0x3180, 0x3180, 0x3180, 0x3180, 0x3180, 0x1082, 0x9CD3, 0x9CD3, 0xBDD7, 0xBDD7,
    0xCE79, 0x3180, 0x632C, 0x8430, 0x8430, 0x9CD3, 0x9CD3, 0x9CD3, 0x9CD3, 0x8430, 0x9CD3, 0x8430, 0x9CD3, 0xCE79, 0xCE79, 0xCE79,
    0xFFFF, 0xFFFF, 0xFFFF, 0xFFFF, 0xFFFF, 0xFFFF, 0xFFFF, 0xFFFF, 0xCE79, 0xFFFF, 0xFFFF, 0xFFFF, 0xFFFF, 0xFFFF, 0xFFFF, 0xFFFF,
    0xFFFF, 0xCE79, 0xCE79, 0xCE79, 0xCE79, 0xCE79, 0xCE79, 0xCE79, 0xCE79, 0xEF7D, 0xEF7D, 0xEF7D, 0xEF7D, 0xEF7D, 0xEF7D, 0xCE79,
    0xF81F, 0x3180, 0x3180, 0x8430, 0x6326, 0x6326, 0x8430, 0x3180, 0x3180, 0x3180, 0x3180, 0x3180, 0x1082, 0x9CD3, 0x9CD3, 0xBDD7,
    0x3180, 0x632C, 0x8430, 0x8430, 0x9CD3, 0x9CD3, 0x9CD3, 0x9CD3, 0x8430, 0x9CD3, 0x8430, 0x9CD3, 0x8430, 0xCE79, 0xCE79, 0x9CD3,
    0xFFFF, 0xFFFF, 0xFFFF, 0xFFFF, 0xFFFF, 0xFFFF, 0xFFFF, 0xFFFF, 0xFFFF, 0xCE79, 0xFFFF, 0xFFFF, 0xFFFF, 0xCE79, 0xFFFF, 0xFFFF,
    0xFFFF, 0xFFFF, 0xFFFF, 0xFFFF, 0xFFFF, 0xCE79, 0x9CD3, 0x9CD3, 0xCE79, 0xCE79, 0xCE79, 0xCE79, 0xCE79, 0xCE79, 0xCE79, 0xCE79,
    0xF81F, 0x3180, 0x3180, 0x0000, 0x0000, 0x0000, 0x6326, 0x8430, 0x8430, 0x3180, 0x3180, 0x3180, 0x3180, 0x1082, 0x9CD3, 0x3180,
    0x52AA, 0x8430, 0x8430, 0x9CD3, 0x9CD3, 0x9CD3, 0x9CD3, 0x9CD3, 0x9CD3, 0x9CD3, 0x9CD3, 0x9CD3, 0x9CD3, 0xCE79, 0x9CD3, 0xFFFF,
    0xFFFF, 0xFFFF, 0xFFFF, 0xFFFF, 0xFFFF, 0xFFFF, 0xFFFF, 0xFFFF, 0xFFFF, 0xFFFF, 0xFFFF, 0xFFFF, 0xCE79, 0xCE79, 0xEF7D, 0xEF7D,
    0xEF7D, 0xEF7D, 0xFFFF, 0xEF7D, 0xEF7D, 0xFFFF, 0xFFFF, 0xFFFF, 0x9CD3, 0x9CD3, 0x9CD3, 0x9CD3, 0x9CD3, 0x9CD3, 0x9CD3, 0x9CD3,
    0xF81F, 0x3180, 0x3180, 0x0000, 0x0000, 0x0000, 0x0000, 0x6326, 0x6326, 0x8430, 0x8430, 0x3180, 0x3180, 0x3180, 0x52AA, 0x52AA,
    0x632C, 0x8430, 0x9CD3, 0x9CD3, 0x9CD3, 0x9CD3, 0x9CD3, 0x9CD3, 0x9CD3, 0x9CD3, 0x9CD3, 0x9CD3, 0xCE79, 0xCE79, 0x8430, 0xFFFF,
    0xFFFF, 0xFFFF, 0xFFFF, 0xFFFF, 0xFFFF, 0xFFFF, 0xFFFF, 0xCE79, 0xFFFF, 0xFFFF, 0xFFFF, 0xFFFF, 0xFFFF, 0xFFFF, 0xCE79, 0xCE79,
    0xCE79, 0xCE79, 0xCE79, 0xCE79, 0xCE79, 0xEF7D, 0xEF7D, 0xFFFF, 0xEF7D, 0xEF7D, 0xEF7D, 0xEF7D, 0xFFFF, 0xEF7D, 0x9CD3, 0xF81F,
    0xF81F, 0x3180, 0x3180, 0x0000, 0x0000, 0x0000, 0x0000, 0x0000, 0x0000, 0x6326, 0x8430, 0x3180, 0x3180, 0x3180, 0x3180, 0x632C,
    0x8430, 0x8430, 0x9CD3, 0x9CD3, 0x9CD3, 0x9CD3, 0x9CD3, 0x9CD3, 0x9CD3, 0x9CD3, 0x9CD3, 0x9CD3, 0xCE79, 0x8430, 0xFFFF, 0xFFFF,
    0xFFFF, 0xFFFF, 0xFFFF, 0xFFFF, 0xFFFF, 0xFFFF, 0xFFFF, 0xFFFF, 0xEF7D, 0xEF7D, 0xEF7D, 0xEF7D, 0xEF7D, 0xFFFF, 0xFFFF, 0xFFFF,
    0xCE79, 0x9CD3, 0x9CD3, 0x9CD3, 0xCE79, 0xCE79, 0xCE79, 0xCE79, 0xEF7D, 0xCE79, 0xCE79, 0xCE79, 0xEF7D, 0xCE79, 0xF81F, 0xF81F,
    0xF81F, 0x3180, 0x3180, 0x3180, 0x0000, 0x0000, 0x0000, 0x0000, 0x0000, 0x0000, 0x8430, 0x3180, 0x3180, 0x3180, 0x52AA, 0x632C,
    0x8430, 0x8430, 0x9CD3, 0x9CD3, 0x9CD3, 0x9CD3, 0x9CD3, 0x9CD3, 0x9CD3, 0x9CD3, 0x9CD3, 0x9CD3, 0x8430, 0x9CD3, 0xFFFF, 0xFFFF,
    0xFFFF, 0xFFFF, 0xFFFF, 0xFFFF, 0xFFFF, 0xFFFF, 0xFFFF, 0xFFFF, 0xFFFF, 0xCE79, 0xCE79, 0xCE79, 0xEF7D, 0xEF7D, 0xEF7D, 0xEF7D,
    0xFFFF, 0xFFFF, 0xFFFF, 0xEF7D, 0x9CD3, 0x9CD3, 0x9CD3, 0xCE79, 0x9CD3, 0x9CD3, 0xF81F, 0xF81F, 0xF81F, 0xF81F, 0xF81F, 0xF81F,
    0xF81F, 0x3180, 0x3180, 0x3180, 0x3180, 0x0000, 0x0000, 0x0000, 0x0000, 0x0000, 0x3180, 0x3180, 0x3180, 0x3180, 0x52AA, 0x632C,
    0x8430, 0x8430, 0x9CD3, 0x9CD3, 0x9CD3, 0x9CD3, 0x9CD3, 0x9CD3, 0x9CD3, 0x9CD3, 0x9CD3, 0x9CD3, 0x9CD3, 0xFFFF, 0xFFFF, 0xFFFF,
    0xFFFF, 0xFFFF, 0xFFFF, 0xCE79, 0xFFFF, 0xFFFF, 0xFFFF, 0xFFFF, 0xFFFF, 0xFFFF, 0xEF7D, 0xEF7D, 0xCE79, 0xCE79, 0xCE79, 0x9CD3,
    0xCE79, 0xCE79, 0xCE79, 0xCE79, 0xEF7D, 0xEF7D, 0xCE79, 0x9CD3, 0x3180, 0x3180, 0xF81F, 0xF81F, 0xF81F, 0xF81F, 0xF81F, 0xF81F,
    0xF81F, 0x3180, 0x3180, 0x3180, 0x3180, 0x3180, 0x0000, 0x0000, 0x0000, 0x0000, 0x3180, 0x3180, 0x3180, 0x3180, 0x3180, 0x632C,
    0x8430, 0x8430, 0x8430, 0x9CD3, 0x9CD3, 0x9CD3, 0x9CD3, 0x9CD3, 0x9CD3, 0x9CD3, 0x9CD3, 0x9CD3, 0x9CD3, 0xFFFF, 0xFFFF, 0xFFFF,
    0xFFFF, 0xFFFF, 0xFFFF, 0xFFFF, 0xCE79, 0xEF7D, 0xEF7D, 0xEF7D, 0xEF7D, 0xEF7D, 0xEF7D, 0xFFFF, 0xEF7D, 0xEF7D, 0xCE79, 0xCE79,
    0x9CD3, 0x9CD3, 0x9CD3, 0xCE79, 0xCE79, 0x1082, 0x1082, 0x3180, 0x3180, 0x3180, 0xF81F, 0xF81F, 0xF81F, 0xF81F, 0xF81F, 0xF81F,
    0xF81F, 0x3180, 0x3180, 0x3180, 0x3180, 0x3180, 0x6326, 0x0000, 0x3180, 0x3180, 0x3180, 0x3180, 0x3180, 0x3180, 0x6326, 0x632C,
    0x9CD3, 0x632C, 0x8430, 0x9CD3, 0x9CD3, 0x9CD3, 0x9CD3, 0x9CD3, 0x9CD3, 0x9CD3, 0x9CD3, 0x9CD3, 0x9CD3, 0xFFFF, 0xFFFF, 0xFFFF,
    0xEF7D, 0xFFFF, 0xFFFF, 0xFFFF, 0xFFFF, 0xFFFF, 0xCE79, 0x9CD3, 0xEF7D, 0xCE79, 0xCE79, 0xCE79, 0xCE79, 0x9CD3, 0x9CD3, 0x9CD3,
    0xCE79, 0xCE79, 0x632C, 0x1082, 0x1082, 0x3180, 0x3180, 0x3180, 0x3180, 0x3180, 0xF81F, 0xF81F, 0xF81F, 0xF81F, 0xF81F, 0xF81F,
    0xF81F, 0x3180, 0x3180, 0x3180, 0x3180, 0x3180, 0x6326, 0x0000, 0x3180, 0x3180, 0x3180, 0x3180, 0x3180, 0x3180, 0x6326, 0x632C,
    0x9CD3, 0x632C, 0x8430, 0x9CD3, 0x9CD3, 0x9CD3, 0x9CD3, 0x9CD3, 0x9CD3, 0x9CD3, 0x9CD3, 0x9CD3, 0xFFFF, 0xFFFF, 0xEF7D, 0xFFFF,
    0xFFFF, 0xFFFF, 0xFFFF, 0xFFFF, 0xFFFF, 0xFFFF, 0xCE79, 0xCE79, 0xCE79, 0xCE79, 0xCE79, 0x8430, 0xCE79, 0x8430, 0x8430, 0x8430,
    0x632C, 0x632C, 0x632C, 0x1082, 0x1082, 0x3180, 0x3180, 0x3180, 0x3180, 0x3180, 0xF81F, 0xF81F, 0xF81F, 0xF81F, 0xF81F, 0xF81F,
    0xF81F, 0x3180, 0x3180, 0x3180, 0x3180, 0x3180, 0x6326, 0x0000, 0x3180, 0x3180, 0x3180, 0x3180, 0x3180, 0x3180, 0x6326, 0x3180,
    0x632C, 0x9CD3, 0x632C, 0x8430, 0x9CD3, 0x9CD3, 0x9CD3, 0x9CD3, 0x9CD3, 0x9CD3, 0x9CD3, 0x9CD3, 0x9CD3, 0xFFFF, 0xEF7D, 0xFFFF,
    0xFFFF, 0xFFFF, 0xCE79, 0xCE79, 0xCE79, 0xCE79, 0xCE79, 0x8430, 0x8430, 0x8430, 0x8430, 0x8430, 0x632C, 0x8430, 0x8430, 0x8430,
    0x0000, 0x3180, 0x3180, 0x3180, 0x6326, 0x3180, 0x3180, 0x3180, 0x3180, 0xF81F, 0xF81F, 0xF81F, 0xF81F, 0xF81F, 0xF81F, 0xF81F,
    0xF81F, 0x3180, 0x3180, 0x3180, 0x3180, 0x3180, 0x6326, 0x0000, 0x3180, 0x3180, 0x3180, 0x3180, 0x3180, 0x3180, 0x6326, 0x3180,
    0x632C, 0x9CD3, 0x632C, 0x8430, 0x8430, 0x9CD3, 0x9CD3, 0x9CD3, 0x9CD3, 0x9CD3, 0x9CD3, 0x9CD3, 0x9CD3, 0x9CD3, 0xCE79, 0xCE79,
    0xCE79, 0xCE79, 0xCE79, 0x9CD3, 0x8430, 0x9CD3, 0x8430, 0x8430, 0x8430, 0x9CD3, 0x8430, 0x9CD3, 0x9CD3, 0x8430, 0x632C, 0x0000,
    0x3180, 0x6326, 0x3180, 0x6326, 0x3180, 0x3180, 0x3180, 0x3180, 0x3180, 0xF81F, 0xF81F, 0xF81F, 0xF81F, 0xF81F, 0xF81F, 0xF81F,
    0xF81F, 0x3180, 0x3180, 0x3180, 0x3180, 0x3180, 0x6326, 0x0000, 0x3180, 0x3180, 0x3180, 0x3180, 0x3180, 0x3180, 0x6326, 0x6326,
    0x3180, 0x632C, 0x9CD3, 0x632C, 0x8430, 0x8430, 0x9CD3, 0x9CD3, 0x9CD3, 0x9CD3, 0x9CD3, 0x9CD3, 0x9CD3, 0x9CD3, 0x9CD3, 0xCE79,
    0xCE79, 0xCE79, 0x9CD3, 0x9CD3, 0x9CD3, 0x9CD3, 0x8430, 0x8430, 0x8430, 0x8430, 0x9CD3, 0x9CD3, 0x8430, 0x632C, 0x0000, 0x3180,
    0x6326, 0x3180, 0x6326, 0x3180, 0x6326, 0x3180, 0x3180, 0x3180, 0xF81F, 0xF81F, 0xF81F, 0xF81F, 0xF81F, 0xF81F, 0xF81F, 0xF81F,
    0xF81F, 0x3180, 0x3180, 0x3180, 0x3180, 0x3180, 0x6326, 0x0000, 0x3180, 0x3180, 0x3180, 0x3180, 0x3180, 0x3180, 0x6326, 0x6326,
    0x3180, 0x632C, 0x632C, 0xBDD7, 0x632C, 0x8430, 0x8430, 0x9CD3, 0x9CD3, 0x9CD3, 0x9CD3, 0x9CD3, 0x9CD3, 0x9CD3, 0x9CD3, 0x9CD3,
    0x9CD3, 0x9CD3, 0x9CD3, 0x9CD3, 0x9CD3, 0x8430, 0x8430, 0x8430, 0x8430, 0x8430, 0x9CD3, 0x632C, 0x632C, 0x0000, 0x3180, 0x6326,
    0x3180, 0x6326, 0x3180, 0x6326, 0x3180, 0x3180, 0x3180, 0xF81F, 0xF81F, 0xF81F, 0xF81F, 0xF81F, 0xF81F, 0xF81F, 0xF81F, 0xF81F,
    0xF81F, 0x3180, 0x3180, 0x3180, 0x3180, 0x3180, 0x6326, 0x0000, 0x3180, 0x3180, 0x3180, 0x3180, 0x3180, 0x3180, 0x6326, 0x6326,
    0x6326, 0x3180, 0x632C, 0xEF7D, 0x9CD3, 0x632C, 0x8430, 0x8430, 0x8430, 0x9CD3, 0x9CD3, 0x9CD3, 0x9CD3, 0x9CD3, 0x9CD3, 0x9CD3,
    0x9CD3, 0x9CD3, 0x8430, 0x8430, 0x8430, 0x8430, 0x8430, 0x9CD3, 0x9CD3, 0x9CD3, 0x632C, 0x3180, 0x3180, 0x3180, 0x6326, 0x6326,
    0x6326, 0x3180, 0x6326, 0x3180, 0x3180, 0x3180, 0xF81F, 0xF81F, 0xF81F, 0xF81F, 0xF81F, 0xF81F, 0xF81F, 0xF81F, 0xF81F, 0xF81F,
    0xF81F, 0x1082, 0x3180, 0x3180, 0x3180, 0x3180, 0x6326, 0x0000, 0x3180, 0x3180, 0x3180, 0x3180, 0x3180, 0x3180, 0x6326, 0x6326,
    0x6326, 0x6326, 0x3180, 0x632C, 0xFFFF, 0x9CD3, 0x632C, 0x632C, 0x8430, 0x8430, 0x8430, 0x8430, 0x8430, 0x8430, 0x8430, 0x8430,
    0x8430, 0x8430, 0x8430, 0x8430, 0x8430, 0x9CD3, 0x9CD3, 0x9CD3, 0x632C, 0x632C, 0x3180, 0x6326, 0x6326, 0x6326, 0x3180, 0x6326,
    0x3180, 0x6326, 0x3180, 0x3180, 0xF81F, 0xF81F, 0xF81F, 0xF81F, 0xF81F, 0xF81F, 0xF81F, 0xF81F, 0xF81F, 0xF81F, 0xF81F, 0xF81F,
    0xF81F, 0x1082, 0x1082, 0x3180, 0x3180, 0x3180, 0x6326, 0x0000, 0x3180, 0x3180, 0x3180, 0x3180, 0x3180, 0x3180, 0x6326, 0x6326,
    0x6326, 0x6326, 0x6326, 0x3180, 0x52AA, 0xBDD7, 0xEF7D, 0xBDD7, 0x632C, 0x632C, 0x632C, 0x632C, 0x632C, 0x632C, 0x632C, 0x632C,
    0x8430, 0x8430, 0x9CD3, 0x9CD3, 0x9CD3, 0x632C, 0x632C, 0x3180, 0x3180, 0x3180, 0x6326, 0x6326, 0x6326, 0x3180, 0x6326, 0x3180,
    0x3180, 0x3180, 0x3180, 0xF81F, 0xF81F, 0xF81F, 0xF81F, 0xF81F, 0xF81F, 0xF81F, 0xF81F, 0xF81F, 0xF81F, 0xF81F, 0xF81F, 0xF81F,
    0xF81F, 0x1082, 0x3180, 0x1082, 0x3180, 0x3180, 0x6326, 0x0000, 0x3180, 0x3180, 0x3180, 0x3180, 0x3180, 0x1082, 0x6326, 0x6326,
    0x6326, 0x6326, 0x6326, 0x6326, 0x3180, 0x52AA, 0x52AA, 0x52AA, 0x9CD3, 0x9CD3, 0x9CD3, 0x9CD3, 0x9CD3, 0x9CD3, 0x9CD3, 0x9CD3,
    0x9CD3, 0x9CD3, 0x9CD3, 0x632C, 0x632C, 0x3180, 0x3180, 0x6326, 0x6326, 0x6326, 0x3180, 0x6326, 0x3180, 0x6326, 0x3180, 0x3180,
    0x3180, 0xF81F, 0xF81F, 0xF81F, 0xF81F, 0xF81F, 0xF81F, 0xF81F, 0xF81F, 0xF81F, 0xF81F, 0xF81F, 0xF81F, 0xF81F, 0xF81F, 0xF81F,
    0xF81F, 0x1082, 0x1082, 0x3180, 0x1082, 0x3180, 0x6326, 0x0000, 0x3180, 0x3180, 0x3180, 0x3180, 0x3180, 0x1082, 0x6326, 0x6326,
    0x6326, 0x6326, 0x6326, 0x6326, 0x6326, 0x3180, 0x3180, 0x3180, 0x52AA, 0x52AA, 0x52AA, 0x52AA, 0x52AA, 0x52AA, 0x52AA, 0x52AA,
    0x52AA, 0x52AA, 0x3180, 0x3180, 0x3180, 0x6326, 0x6326, 0x6326, 0x6326, 0x3180, 0x6326, 0x3180, 0x6326, 0x3180, 0x3180, 0xF81F,
    0xF81F, 0xF81F, 0xF81F, 0xF81F, 0xF81F, 0xF81F, 0xF81F, 0xF81F, 0xF81F, 0xF81F, 0xF81F, 0xF81F, 0xF81F, 0xF81F, 0xF81F, 0xF81F,
    0xF81F, 0xF81F, 0x1082, 0x1082, 0x3180, 0x1082, 0x3180, 0x0000, 0x3180, 0x3180, 0x3180, 0x3180, 0x3180, 0x1082, 0x6326, 0x6326,
    0x6326, 0x6326, 0x6326, 0x6326, 0x6326, 0x6326, 0x6326, 0x6326, 0x3180, 0x3180, 0x3180, 0x3180, 0x3180, 0x3180, 0x3180, 0x3180,
    0x3180, 0x3180, 0x6326, 0x6326, 0x6326, 0x6326, 0x3180, 0x6326, 0x3180, 0x6326, 0x3180, 0x6326, 0x3180, 0xF81F, 0xF81F, 0xF81F,
    0xF81F, 0xF81F, 0xF81F, 0xF81F, 0xF81F, 0xF81F, 0xF81F, 0xF81F, 0xF81F, 0xF81F, 0xF81F, 0xF81F, 0xF81F, 0xF81F, 0xF81F, 0xF81F,
    0xF81F, 0xF81F, 0x1082, 0x3180, 0x1082, 0x3180, 0x1082, 0x3180, 0x3180, 0x3180, 0x1082, 0x3180, 0x1082, 0x1082, 0x6326, 0x3180,
    0x6326, 0x6326, 0x6326, 0x6326, 0x6326, 0x6326, 0x6326, 0x6326, 0x6326, 0x6326, 0x6326, 0x6326, 0x6326, 0x6326, 0x6326, 0x6326,
    0x6326, 0x6326, 0x6326, 0x3180, 0x6326, 0x3180, 0x6326, 0x3180, 0x6326, 0x3180, 0x3180, 0xF81F, 0xF81F, 0xF81F, 0xF81F, 0xF81F,
    0xF81F, 0xF81F, 0xF81F, 0xF81F, 0xF81F, 0xF81F, 0xF81F, 0xF81F, 0xF81F, 0xF81F, 0xF81F, 0xF81F, 0xF81F, 0xF81F, 0xF81F, 0xF81F,
    0xF81F, 0xF81F, 0xF81F, 0x1082, 0x1082, 0x1082, 0x3180, 0x1082, 0x3180, 0x1082, 0x3180, 0x1082, 0x3180, 0x1082, 0x3180, 0x6326,
    0x3180, 0x6326, 0x6326, 0x6326, 0x6326, 0x6326, 0x6326, 0x6326, 0x6326, 0x6326, 0x6326, 0x6326, 0x6326, 0x6326, 0x3180, 0x6326,
    0x3180, 0x6326, 0x3180, 0x6326, 0x3180, 0x6326, 0x3180, 0x6326, 0x3180, 0xF81F, 0xF81F, 0xF81F, 0xF81F, 0xF81F, 0xF81F, 0xF81F,
    0xF81F, 0xF81F, 0xF81F, 0xF81F, 0xF81F, 0xF81F, 0xF81F, 0xF81F, 0xF81F, 0xF81F, 0xF81F, 0xF81F, 0xF81F, 0xF81F, 0xF81F, 0xF81F,
    0xF81F, 0xF81F, 0xF81F, 0xF81F, 0x1082, 0x1082, 0x1082, 0x3180, 0x1082, 0x3180, 0x1082, 0x3180, 0x1082, 0x1082, 0x3180, 0x3180,
    0x6326, 0x3180, 0x6326, 0x6326, 0x6326, 0x6326, 0x6326, 0x6326, 0x6326, 0x3180, 0x6326, 0x3180, 0x6326, 0x3180, 0x6326, 0x3180,
    0x6326, 0x3180, 0x6326, 0x3180, 0x6326, 0x3180, 0x3180, 0xF81F, 0xF81F, 0xF81F, 0xF81F, 0xF81F, 0xF81F, 0xF81F, 0xF81F, 0xF81F,
    0xF81F, 0xF81F, 0xF81F, 0xF81F, 0xF81F, 0xF81F, 0xF81F, 0xF81F, 0xF81F, 0xF81F, 0xF81F, 0xF81F, 0xF81F, 0xF81F, 0xF81F, 0xF81F,
    0xF81F, 0xF81F, 0xF81F, 0xF81F, 0xF81F, 0x1082, 0x1082, 0x1082, 0x3180, 0x1082, 0x3180, 0x1082, 0x1082, 0x1082, 0x3180, 0x3180,
    0x3180, 0x6326, 0x3180, 0x6326, 0x3180, 0x6326, 0x3180, 0x6326, 0x3180, 0x6326, 0x3180, 0x6326, 0x3180, 0x6326, 0x3180, 0x3180,
    0x3180, 0x3180, 0x3180, 0x3180, 0x3180, 0xF81F, 0xF81F, 0xF81F, 0xF81F, 0xF81F, 0xF81F, 0xF81F, 0xF81F, 0xF81F, 0xF81F, 0xF81F,
    0xF81F, 0xF81F, 0xF81F, 0xF81F, 0xF81F, 0xF81F, 0xF81F, 0xF81F, 0xF81F, 0xF81F, 0xF81F, 0xF81F, 0xF81F, 0xF81F, 0xF81F, 0xF81F,
    0xF81F, 0xF81F, 0xF81F, 0xF81F, 0xF81F, 0xF81F, 0xF81F, 0x1082, 0x1082, 0x1082, 0x1082, 0x1082, 0x1082, 0x1082, 0x3180, 0x3180,
    0x3180, 0x3180, 0x6326, 0x3180, 0x6326, 0x3180, 0x6326, 0x3180, 0x6326, 0x3180, 0x6326, 0x3180, 0x3180, 0x3180, 0x3180, 0x3180,
    0x3180, 0x3180, 0xF81F, 0xF81F, 0xF81F, 0xF81F, 0xF81F, 0xF81F, 0xF81F, 0xF81F, 0xF81F, 0xF81F, 0xF81F, 0xF81F, 0xF81F, 0xF81F,
    0xF81F, 0xF81F, 0xF81F, 0xF81F, 0xF81F, 0xF81F, 0xF81F, 0xF81F, 0xF81F, 0xF81F, 0xF81F, 0xF81F, 0xF81F, 0xF81F, 0xF81F, 0xF81F,
    0xF81F, 0xF81F, 0xF81F, 0xF81F, 0xF81F, 0xF81F, 0xF81F, 0xF81F, 0x1082, 0x1082, 0x1082, 0x1082, 0x1082, 0x1082, 0x3180, 0x3180,
    0x3180, 0x3180, 0x3180, 0x6326, 0x3180, 0x6326, 0x3180, 0x3180, 0x3180, 0x3180, 0x3180, 0x3180, 0x3180, 0x3180, 0x3180, 0xF81F,
    0xF81F, 0xF81F, 0xF81F, 0xF81F, 0xF81F, 0xF81F, 0xF81F, 0xF81F, 0xF81F, 0xF81F, 0xF81F, 0xF81F, 0xF81F, 0xF81F, 0xF81F, 0xF81F,
    0xF81F, 0xF81F, 0xF81F, 0xF81F, 0xF81F, 0xF81F, 0xF81F, 0xF81F, 0xF81F, 0xF81F, 0xF81F, 0xF81F, 0xF81F, 0xF81F, 0xF81F, 0xF81F,
    0xF81F, 0xF81F, 0xF81F, 0xF81F, 0xF81F, 0xF81F, 0xF81F, 0xF81F, 0xF81F, 0xF81F, 0xF81F, 0x1082, 0x1082, 0x1082, 0x3180, 0x3180,
    0x3180, 0x3180, 0x3180, 0x3180, 0x3180, 0x3180, 0x3180, 0x3180, 0x3180, 0x3180, 0x3180, 0xF81F, 0xF81F, 0xF81F, 0xF81F, 0xF81F,
    0xF81F, 0xF81F, 0xF81F, 0xF81F, 0xF81F, 0xF81F, 0xF81F, 0xF81F, 0xF81F, 0xF81F, 0xF81F, 0xF81F, 0xF81F, 0xF81F, 0xF81F, 0xF81F,
    0xF81F, 0xF81F, 0xF81F, 0xF81F, 0xF81F, 0xF81F, 0xF81F, 0xF81F, 0xF81F, 0xF81F, 0xF81F, 0xF81F, 0xF81F, 0xF81F, 0xF81F, 0xF81F,
    0xF81F, 0xF81F, 0xF81F, 0xF81F, 0xF81F, 0xF81F, 0xF81F, 0xF81F, 0xF81F, 0xF81F, 0xF81F, 0xF81F, 0xF81F, 0xF81F, 0xF81F, 0xF81F,
    0x3180, 0x3180, 0x3180, 0x3180, 0x3180, 0x3180, 0x3180, 0x3180, 0xF81F, 0xF81F, 0xF81F, 0xF81F, 0xF81F, 0xF81F, 0xF81F, 0xF81F,
    0xF81F, 0xF81F, 0xF81F, 0xF81F, 0xF81F, 0xF81F, 0xF81F, 0xF81F, 0xF81F, 0xF81F, 0xF81F, 0xF81F, 0xF81F, 0xF81F, 0xF81F, 0xF81F,
    0xF81F, 0xF81F, 0xF81F, 0xF81F, 0xF81F, 0xF81F, 0xF81F, 0xF81F, 0xF81F, 0xF81F, 0xF81F, 0xF81F, 0xF81F, 0xF81F, 0xF81F, 0xF81F,
    0xF81F, 0xF81F, 0xF81F, 0xF81F, 0xF81F, 0xF81F, 0xF81F, 0xF81F, 0xF81F, 0xF81F, 0xF81F, 0xF81F, 0xF81F, 0xF81F, 0xF81F, 0xF81F,
    0xF81F, 0xF81F, 0xF81F, 0xF81F, 0xF81F, 0xF81F, 0xF81F, 0xF81F, 0xF81F, 0xF81F, 0xF81F, 0xF81F, 0xF81F, 0xF81F, 0xF81F, 0xF81F,
    0xF81F, 0xF81F, 0xF81F, 0xF81F, 0xF81F, 0xF81F, 0xF81F, 0xF81F, 0xF81F, 0xF81F, 0xF81F, 0xF81F, 0xF81F, 0xF81F, 0xF81F, 0xF81F,
    0xF81F, 0xF81F, 0xF81F, 0xF81F, 0xF81F, 0xF81F, 0xF81F, 0xF81F, 0xF81F, 0xF81F, 0xF81F, 0xF81F, 0xF81F, 0xF81F, 0xF81F, 0xF81F,
    0xF81F, 0xF81F, 0xF81F, 0xF81F, 0xF81F, 0xF81F, 0xF81F, 0xF81F, 0xF81F, 0xF81F, 0xF81F, 0xF81F, 0xF81F, 0xF81F, 0xF81F, 0xF81F,
    0xF81F, 0xF81F, 0xF81F, 0xF81F, 0xF81F, 0xF81F, 0xF81F, 0xF81F, 0xF81F, 0xF81F, 0xF81F, 0xF81F, 0xF81F, 0xF81F, 0xF81F, 0xF81F,
    0xF81F, 0xF81F, 0xF81F, 0xF81F, 0xF81F, 0xF81F, 0xF81F, 0xF81F, 0xF81F, 0xF81F, 0xF81F, 0xF81F, 0xF81F, 0xF81F, 0xF81F, 0xF81F,
    0xF81F, 0xF81F, 0xF81F, 0xF81F, 0xF81F, 0xF81F, 0xF81F, 0xF81F, 0xF81F, 0xF81F, 0xF81F, 0xF81F, 0xF81F, 0xF81F, 0xF81F, 0xF81F,
    0xF81F, 0xF81F, 0xF81F, 0xF81F, 0xF81F, 0xF81F, 0xF81F, 0xF81F, 0xF81F, 0xF81F, 0xF81F, 0xF81F, 0xF81F, 0xF81F, 0xF81F, 0xF81F,
    0xF81F, 0xF81F, 0xF81F, 0xF81F, 0xF81F, 0xF81F, 0xF81F, 0xF81F, 0xF81F, 0xF81F, 0xF81F, 0xF81F, 0xF81F, 0xF81F, 0xF81F, 0xF81F,
    0xF81F, 0xF81F, 0xF81F, 0xF81F, 0xF81F, 0xF81F, 0xF81F, 0xF81F, 0xF81F, 0xF81F, 0xF81F, 0xF81F, 0xF81F, 0xF81F, 0xF81F, 0xF81F,
    0xF81F, 0xF81F, 0xF81F, 0xF81F, 0xF81F, 0xF81F, 0xF81F, 0xF81F, 0xF81F, 0xF81F, 0xF81F, 0xF81F, 0xF81F, 0xF81F, 0xF81F, 0xF81F,
    0xF81F, 0xF81F, 0xF81F, 0xF81F, 0xF81F, 0xF81F, 0xF81F, 0xF81F, 0xF81F, 0xF81F, 0xF81F, 0xF81F, 0xF81F, 0xF81F, 0xF81F, 0xF81F,
    0xF81F, 0xF81F, 0xF81F, 0xF81F, 0xF81F, 0xF81F, 0xF81F, 0xF81F, 0xF81F, 0xF81F, 0xF81F, 0xF81F, 0xF81F, 0xF81F, 0xF81F, 0xF81F,
    0xF81F, 0xF81F, 0xF81F, 0xF81F, 0xF81F, 0xF81F, 0xF81F, 0xF81F, 0xF81F, 0xF81F, 0xF81F, 0xF81F, 0xF81F, 0xF81F, 0xF81F, 0xF81F,
    0xF81F, 0xF81F, 0xF81F, 0xF81F, 0xF81F, 0xF81F, 0xF81F, 0xF81F, 0xF81F, 0xF81F, 0xF81F, 0xF81F, 0xF81F, 0xF81F, 0xF81F, 0xF81F,
  },
  {
    0xF81F, 0xF81F, 0xF81F, 0xF81F, 0xF81F, 0xF81F, 0xF81F, 0xF81F, 0xF81F, 0xF81F, 0xF81F, 0xF81F, 0xF81F, 0xF81F, 0xF81F, 0xF81F,
    0xF81F, 0xF81F, 0xF81F, 0xF81F, 0xF81F, 0xF81F, 0xF81F, 0xF81F, 0xF81F, 0xF81F, 0xF81F, 0xF81F, 0xF81F, 0xF81F, 0xF81F, 0xF81F,
    0xF81F, 0xF81F, 0xF81F, 0xF81F, 0xF81F, 0xF81F, 0xF81F, 0xF81F, 0xF81F, 0xF81F, 0xF81F, 0xF81F, 0xF81F, 0xF81F, 0xF81F, 0xF81F,
    0xF81F, 0xF81F, 0xF81F, 0xF81F, 0xF81F, 0xF81F, 0xF81F, 0xF81F, 0xF81F, 0xF81F, 0xF81F, 0xF81F, 0xF81F, 0xF81F, 0xF81F, 0xF81F,
    0xF81F, 0xF81F, 0xF81F, 0xF81F, 0xF81F, 0xF81F, 0xF81F, 0xF81F, 0xF81F, 0xF81F, 0xF81F, 0xF81F, 0xF81F, 0xF81F, 0xF81F, 0xF81F,
    0xF81F, 0xF81F, 0xF81F, 0xF81F, 0xF81F, 0xF81F, 0xF81F, 0xF81F, 0xF81F, 0xF81F, 0xF81F, 0xF81F, 0xF81F, 0xF81F, 0xF81F, 0xF81F,
    0xF81F, 0xF81F, 0xF81F, 0xF81F, 0xF81F, 0xF81F, 0xF81F, 0xF81F, 0xF81F, 0xF81F, 0xF81F, 0xF81F, 0xF81F, 0xF81F, 0xF81F, 0xF81F,
    0xF81F, 0xF81F, 0xF81F, 0xF81F, 0xF81F, 0xF81F, 0xF81F, 0xF81F, 0xF81F, 0xF81F, 0xF81F, 0xF81F, 0xF81F, 0xF81F, 0xF81F, 0xF81F,
    0xF81F, 0xF81F, 0xF81F, 0xF81F, 0xF81F, 0xF81F, 0xF81F, 0xF81F, 0xF81F, 0xF81F, 0xF81F, 0xF81F, 0xF81F, 0xF81F, 0xF81F, 0xF81F,
    0xF81F, 0xF81F, 0xF81F, 0xF81F, 0xF81F, 0xF81F, 0xF81F, 0xF81F, 0xF81F, 0xF81F, 0xF81F, 0xF81F, 0xF81F, 0xF81F, 0xF81F, 0xF81F,
    0xF81F, 0xF81F, 0xF81F, 0xF81F, 0xF81F, 0xF81F, 0xF81F, 0xF81F, 0xF81F, 0xF81F, 0xF81F, 0xF81F, 0xF81F, 0xF81F, 0xF81F, 0xF81F,
    0xF81F, 0xF81F, 0xF81F, 0xF81F, 0xF81F, 0xF81F, 0xF81F, 0xF81F, 0xF81F, 0xF81F, 0xF81F, 0xF81F, 0xF81F, 0xF81F, 0xF81F, 0xF81F,
    0xF81F, 0xF81F, 0xF81F, 0xF81F, 0xF81F, 0xF81F, 0xF81F, 0xF81F, 0xF81F, 0xF81F, 0xF81F, 0xF81F, 0xF81F, 0xF81F, 0xF81F, 0xF81F,
    0xF81F, 0xF81F, 0xF81F, 0xF81F, 0xF81F, 0xF81F, 0xF81F, 0xF81F, 0xF81F, 0xF81F, 0xF81F, 0xF81F, 0xF81F, 0xF81F, 0xF81F, 0xF81F,
    0xF81F, 0xF81F, 0xF81F, 0xF81F, 0xF81F, 0xF81F, 0xF81F, 0xF81F, 0xF81F, 0xF81F, 0xF81F, 0xF81F, 0xF81F, 0xF81F, 0xF81F, 0xF81F,
    0xF81F, 0xF81F, 0xF81F, 0xF81F, 0xF81F, 0xF81F, 0xF81F, 0xF81F, 0xF81F, 0xF81F, 0xF81F, 0xF81F, 0xF81F, 0xF81F, 0xF81F, 0xF81F,
    0xF81F, 0xF81F, 0xF81F, 0xF81F, 0xF81F, 0xF81F, 0xF81F, 0xF81F, 0xF81F, 0xF81F, 0xF81F, 0xF81F, 0xF81F, 0xF81F, 0xF81F, 0xF81F,
    0xF81F, 0xF81F, 0xF81F, 0xF81F, 0xF81F, 0xF81F, 0xF81F, 0xF81F, 0xF81F, 0xF81F, 0xF81F, 0xF81F, 0xF81F, 0xF81F, 0xF81F, 0xF81F,
    0xF81F, 0xF81F, 0xF81F, 0xF81F, 0xF81F, 0xF81F, 0xF81F, 0xF81F, 0xF81F, 0xF81F, 0xF81F, 0xF81F, 0xF81F, 0xF81F, 0xF81F, 0xF81F,
    0xF81F, 0xF81F, 0xF81F, 0xF81F, 0xF81F, 0xF81F, 0xF81F, 0xF81F, 0xF81F, 0xF81F, 0xF81F, 0xF81F, 0xF81F, 0xF81F, 0xF81F, 0xF81F,
    0xF81F, 0xF81F, 0xF81F, 0xF81F, 0xF81F, 0xF81F, 0xF81F, 0xF81F, 0xF81F, 0xF81F, 0xF81F, 0xF81F, 0xF81F, 0xF81F, 0xF81F, 0xF81F,
    0xF81F, 0xF81F, 0xF81F, 0xF81F, 0xF81F, 0xF81F, 0xF81F, 0xF81F, 0xF81F, 0xF81F, 0xF81F, 0xF81F, 0xF81F, 0xF81F, 0xF81F, 0xF81F,
    0xF81F, 0xF81F, 0xF81F, 0xF81F, 0xF81F, 0xF81F, 0xF81F, 0xF81F, 0xF81F, 0xF81F, 0xF81F, 0xF81F, 0xF81F, 0xF81F, 0xF81F, 0xF81F,
    0xF81F, 0xF81F, 0xF81F, 0xF81F, 0xF81F, 0xF81F, 0xF81F, 0xF81F, 0xF81F, 0xF81F, 0xF81F, 0xF81F, 0xF81F, 0xF81F, 0xF81F, 0xF81F,
    0xF81F, 0xF81F, 0xF81F, 0xF81F, 0xF81F, 0xF81F, 0xF81F, 0xF81F, 0xF81F, 0xF81F, 0xF81F, 0xF81F, 0xF81F, 0xF81F, 0xF81F, 0xF81F,
    0xF81F, 0xF81F, 0xF81F, 0xF81F, 0xF81F, 0xF81F, 0xF81F, 0xF81F, 0xF81F, 0xF81F, 0xF81F, 0xF81F, 0xF81F, 0xF81F, 0xF81F, 0xF81F,
    0xF81F, 0xF81F, 0xF81F, 0xF81F, 0xF81F, 0xF81F, 0xF81F, 0xF81F, 0xF81F, 0xF81F, 0xF81F, 0xF81F, 0xF81F, 0xF81F, 0xF81F, 0xF81F,
    0xF81F, 0xF81F, 0xF81F, 0xF81F, 0xF81F, 0xF81F, 0xF81F, 0xF81F, 0xF81F, 0xF81F, 0xF81F, 0xF81F, 0xF81F, 0xF81F, 0xF81F, 0xF81F,
    0xF81F, 0xF81F, 0xF81F, 0xF81F, 0xF81F, 0xF81F, 0xF81F, 0xF81F, 0xF81F, 0xF81F, 0xF81F, 0xF81F, 0xF81F, 0xF81F, 0xF81F, 0xF81F,
    0xF81F, 0xF81F, 0xF81F, 0xF81F, 0xF81F, 0xF81F, 0xF81F, 0xF81F, 0xF81F, 0xF81F, 0xF81F, 0xF81F, 0xF81F, 0x9CD3, 0x9CD3, 0x9CD3,
    0x9CD3, 0x9CD3, 0x9CD3, 0x9CD3, 0x9CD3, 0x9CD3, 0x9CD3, 0xF81F, 0xF81F, 0xF81F, 0xF81F, 0xF81F, 0xF81F, 0xF81F, 0xF81F, 0xF81F,
    0xF81F, 0xF81F, 0xF81F, 0xF81F, 0xF81F, 0xF81F, 0xF81F, 0xF81F, 0xF81F, 0xF81F, 0xF81F, 0xF81F, 0xF81F, 0xF81F, 0xF81F, 0xF81F,
    0xF81F, 0xF81F, 0xF81F, 0xF81F, 0xF81F, 0xF81F, 0xF81F, 0xF81F, 0xF81F, 0xF81F, 0xF81F, 0xF81F, 0xF81F, 0xF81F, 0xF81F, 0xF81F,
    0xF81F, 0xF81F, 0xF81F, 0xF81F, 0xF81F, 0xF81F, 0xF81F, 0xF81F, 0xF81F, 0x9CD3, 0x9CD3, 0xCE79, 0xCE79, 0xCE79, 0xCE79, 0xCE79,
    0xCE79, 0xCE79, 0xCE79, 0xCE79, 0xCE79, 0xCE79, 0xCE79, 0xCE79, 0xCE79, 0x9CD3, 0xF81F, 0xF81F, 0xF81F, 0xF81F, 0xF81F, 0xF81F,
    0xF81F, 0xF81F, 0xF81F, 0xF81F, 0xF81F, 0xF81F, 0xF81F, 0xF81F, 0xF81F, 0xF81F, 0xF81F, 0xF81F, 0xF81F, 0xF81F, 0xF81F, 0xF81F,
    0xF81F, 0xF81F, 0xF81F, 0xF81F, 0xF81F, 0xF81F, 0xF81F, 0xF81F, 0xF81F, 0xF81F, 0xF81F, 0xF81F, 0xF81F, 0xF81F, 0xF81F, 0xF81F,
    0xF81F, 0xF81F, 0xF81F, 0xF81F, 0xF81F, 0xF81F, 0x9CD3, 0x9CD3, 0xCE79, 0xCE79, 0xCE79, 0xCE79, 0xCE79, 0xCE79, 0x3180, 0x3180,
    0x3180, 0x3180, 0x3180, 0x3180, 0x3180, 0x3180, 0x3180, 0xCE79, 0xCE79, 0xCE79, 0xCE79, 0x9CD3, 0xF81F, 0xF81F, 0xF81F, 0xF81F,
    0xF81F, 0xF81F, 0xF81F, 0xF81F, 0xF81F, 0xF81F, 0xF81F, 0xF81F, 0xF81F, 0xF81F, 0xF81F, 0xF81F, 0xF81F, 0xF81F, 0xF81F, 0xF81F,
    0xF81F, 0xF81F, 0xF81F, 0xF81F, 0xF81F, 0xF81F, 0xF81F, 0xF81F, 0xF81F, 0xF81F, 0xF81F, 0xF81F, 0xF81F, 0xF81F, 0xF81F, 0xF81F,
    0xF81F, 0xF81F, 0xF81F, 0x9CD3, 0x9CD3, 0xCE79, 0xCE79, 0xCE79, 0xCE79, 0xCE79, 0x3180, 0x3180, 0x3180, 0x3180, 0x3180, 0x3180,
    0x6180, 0x6180, 0x6180, 0x6180, 0x6180, 0x6180, 0x3180, 0x1082, 0x1082, 0xCE79, 0xCE79, 0xCE79, 0xCE79, 0x9CD3, 0x6326, 0x6326,
    0x6326, 0xF81F, 0xF81F, 0xF81F, 0xF81F, 0xF81F, 0xF81F, 0xF81F, 0xF81F, 0xF81F, 0xF81F, 0xF81F, 0xF81F, 0xF81F, 0xF81F, 0xF81F,
    0xF81F, 0xF81F, 0xF81F, 0xF81F, 0xF81F, 0xF81F, 0xF81F, 0xF81F, 0xF81F, 0xF81F, 0xF81F, 0xF81F, 0xF81F, 0xF81F, 0xF81F, 0xF81F,
    0xF81F, 0x9CD3, 0xCE79, 0xCE79, 0xCE79, 0xCE79, 0xCE79, 0x3180, 0x3180, 0x3180, 0x3180, 0x3180, 0x6180, 0x6180, 0x6180, 0x6180,
    0xC980, 0xC980, 0xC980, 0xEF7D, 0xEF7D, 0xEF7D, 0xEF7D, 0xEF7D, 0xCE79, 0xCE79, 0xCE79, 0xCE79, 0xCE79, 0xCE79, 0x9CD3, 0x3180,
    0x3180, 0x6326, 0x6326, 0xF81F, 0xF81F, 0xF81F, 0xF81F, 0xF81F, 0xF81F, 0xF81F, 0xF81F, 0xF81F, 0xF81F, 0xF81F, 0xF81F, 0xF81F,
    0xF81F, 0xF81F, 0xF81F, 0xF81F, 0xF81F, 0xF81F, 0xF81F, 0xF81F, 0xF81F, 0xF81F, 0xF81F, 0xF81F, 0xF81F, 0xF81F, 0xF81F, 0x9CD3,
    0xCE79, 0xCE79, 0xCE79, 0xCE79, 0x1082, 0x3180, 0x3180, 0x3180, 0x6180, 0x6180, 0x6180, 0x6180, 0xC980, 0xC980, 0xEF7D, 0xEF7D,
    0xEF7D, 0xEF7D, 0xCE79, 0xCE79, 0xCE79, 0xCE79, 0xCE79, 0xCE79, 0x0000, 0x0000, 0x0000, 0xCE79, 0xCE79, 0xCE79, 0xCE79, 0xCE79,
    0x9CD3, 0x3180, 0x3180, 0x6326, 0xF81F, 0xF81F, 0xF81F, 0xF81F, 0xF81F, 0xF81F, 0xF81F, 0xF81F, 0xF81F, 0xF81F, 0xF81F, 0xF81F,
    0xF81F, 0xF81F, 0xF81F, 0xF81F, 0xF81F, 0xF81F, 0xF81F, 0xF81F, 0xF81F, 0xF81F, 0xF81F, 0xF81F, 0xF81F, 0x9CD3, 0xCE79, 0xCE79,
    0xCE79, 0xCE79, 0x1082, 0x3180, 0x3180, 0x3180, 0x6180, 0x6180, 0xC980, 0xC980, 0xC980, 0xEF7D, 0xEF7D, 0xCE79, 0xCE79, 0xCE79,
    0xCE79, 0xCE79, 0xCE79, 0x0000, 0x0000, 0x1082, 0x1082, 0x1082, 0x1082, 0x1082, 0x1082, 0x0000, 0x0000, 0x0000, 0xCE79, 0xCE79,
    0xCE79, 0xCE79, 0x9CD3, 0x1082, 0x3180, 0x6326, 0xF81F, 0xF81F, 0xF81F, 0xF81F, 0xF81F, 0xF81F, 0xF81F, 0xF81F, 0xF81F, 0xF81F,
    0xF81F, 0xF81F, 0xF81F, 0xF81F, 0xF81F, 0xF81F, 0xF81F, 0xF81F, 0xF81F, 0xF81F, 0xF81F, 0x9CD3, 0xCE79, 0xCE79, 0xCE79, 0xCE79,
    0x1082, 0x3180, 0x3180, 0x3180, 0x6180, 0x6180, 0xC980, 0xC980, 0xEF7D, 0xEF7D, 0xCE79, 0xCE79, 0xCE79, 0xCE79, 0x0000, 0x0000,
    0x0000, 0x0000, 0x1082, 0x1082, 0x1082, 0x1082, 0x1082, 0x1082, 0x1082, 0x1082, 0x1082, 0x1082, 0x1082, 0x0000, 0x0000, 0xCE79,
    0xCE79, 0xFFFF, 0xCE79, 0x9CD3, 0x1082, 0x3180, 0x6326, 0xF81F, 0xF81F, 0xF81F, 0xF81F, 0xF81F, 0xF81F, 0xF81F, 0xF81F, 0xF81F,
    0xF81F, 0xF81F, 0xF81F, 0xF81F, 0xF81F, 0xF81F, 0xF81F, 0xF81F, 0xF81F, 0x9CD3, 0xCE79, 0xCE79, 0xCE79, 0xCE79, 0x1082, 0x3180,
    0x3180, 0x3180, 0x6180, 0x6180, 0xC980, 0xEF7D, 0xEF7D, 0xCE79, 0xCE79, 0xCE79, 0xCE79, 0x0000, 0x0000, 0x0000, 0x1082, 0x1082,
    0x1082, 0x1082, 0x1082, 0x1082, 0x6180, 0x6180, 0x6180, 0x6180, 0x6180, 0x6180, 0x6180, 0xEF7D, 0xEF7D, 0xEF7D, 0xFFFF, 0xFFFF,
    0xFFFF, 0xFFFF, 0xFFFF, 0xFFFF, 0x9CD3, 0x1082, 0x3180, 0x6326, 0xF81F, 0xF81F, 0xF81F, 0xF81F, 0xF81F, 0xF81F, 0xF81F, 0xF81F,
    0xF81F, 0xF81F, 0xF81F, 0xF81F, 0xF81F, 0xF81F, 0xF81F, 0xF81F, 0x9CD3, 0xCE79, 0xCE79, 0xCE79, 0x1082, 0x1082, 0x3180, 0x3180,
    0x6180, 0x6180, 0xC980, 0xC980, 0xEF7D, 0xCE79, 0xCE79, 0xCE79, 0x0000, 0x0000, 0x0000, 0x1082, 0x0000, 0x1082, 0x1082, 0x1082,
    0x6180, 0x6180, 0x6180, 0xC980, 0xC980, 0xC980, 0xEF7D, 0xEF7D, 0xEF7D, 0xEF7D, 0xFFFF, 0xFFFF, 0xFFFF, 0xFFFF, 0xFFFF, 0xFFFF,
    0xFFFF, 0xFFFF, 0xFFFF, 0xFFFF, 0xFFFF, 0x9CD3, 0x1082, 0x3180, 0x6326, 0xF81F, 0xF81F, 0xF81F, 0xF81F, 0xF81F, 0xF81F, 0xF81F,
    0xF81F, 0xF81F, 0xF81F, 0xF81F, 0xF81F, 0xF81F, 0x9CD3, 0xEF7D, 0xCE79, 0xCE79, 0x1082, 0x1082, 0x3180, 0x3180, 0x3180, 0x6180,
    0x6180, 0xC980, 0xEF7D, 0xEF7D, 0xCE79, 0xCE79, 0x0000, 0x0000, 0x0000, 0x1082, 0x1082, 0x1082, 0x6180, 0x6180, 0x6180, 0x6180,
    0xC980, 0xC980, 0xEF7D, 0xEF7D, 0xEF7D, 0xEF7D, 0xFFFF, 0xFFFF, 0xFFFF, 0xFFFF, 0xFFFF, 0xEF7D, 0xEF7D, 0xEF7D, 0xEF7D, 0xCE79,
    0xCE79, 0xCE79, 0xCE79, 0xEF7D, 0xEF7D, 0xEF7D, 0x1082, 0x1082, 0x6326, 0xF81F, 0xF81F, 0xF81F, 0xF81F, 0xF81F, 0xF81F, 0xF81F,
    0xF81F, 0xF81F, 0xF81F, 0xF81F, 0xF81F, 0x9CD3, 0xEF7D, 0xCE79, 0xCE79, 0x1082, 0x1082, 0x3180, 0x3180, 0x6180, 0x6180, 0xC980,
    0xEF7D, 0xEF7D, 0xCE79, 0xCE79, 0x0000, 0x0000, 0x0000, 0x1082, 0x1082, 0x1082, 0x6180, 0x6180, 0xC980, 0xC980, 0xEF7D, 0xEF7D,
    0xEF7D, 0xEF7D, 0xFFFF, 0xFFFF, 0xFFFF, 0xFFFF, 0xEF7D, 0xEF7D, 0xEF7D, 0xEF7D, 0xEF7D, 0xEF7D, 0x9CD3, 0x9CD3, 0x9CD3, 0x9CD3,
    0x8430, 0x8430, 0x8430, 0x8430, 0x8430, 0x8430, 0x9CD3, 0x1082, 0x3180, 0x6326, 0xF81F, 0xF81F, 0xF81F, 0xF81F, 0xF81F, 0xF81F,
    0xF81F, 0xF81F, 0xF81F, 0xF81F, 0x9CD3, 0xCE79, 0xCE79, 0xCE79, 0x1082, 0x1082, 0x3180, 0x3180, 0x6180, 0x6180, 0xC980, 0xEF7D,
    0xCE79, 0xCE79, 0xCE79, 0x0000, 0x0000, 0x1082, 0x1082, 0x6180, 0x6180, 0x6180, 0x6180, 0xC980, 0xEF7D, 0xEF7D, 0xFFFF, 0xFFFF,
    0xFFFF, 0xFFFF, 0xFFFF, 0xEF7D, 0xEF7D, 0xEF7D, 0xCE79, 0xCE79, 0x9CD3, 0x9CD3, 0x8430, 0x8430, 0x8430, 0x8430, 0x632C, 0x632C,
    0x52AA, 0x52AA, 0x52AA, 0x52AA, 0x52AA, 0x8430, 0x9CD3, 0x9CD3, 0x1082, 0x3180, 0xF81F, 0xF81F, 0xF81F, 0xF81F, 0xF81F, 0xF81F,
    0xF81F, 0xF81F, 0xF81F, 0x9CD3, 0xCE79, 0xEF7D, 0xCE79, 0x1082, 0x1082, 0x3180, 0x6326, 0x6180, 0xC980, 0xEF7D, 0xEF7D, 0xCE79,
    0xCE79, 0x0000, 0x0000, 0x1082, 0x1082, 0x6180, 0x6180, 0x6180, 0x6180, 0xC980, 0xEF7D, 0xEF7D, 0xEF7D, 0xFFFF, 0xFFFF, 0xEF7D,
    0xEF7D, 0xEF7D, 0xEF7D, 0xEF7D, 0xCE79, 0x9CD3, 0x9CD3, 0x9CD3, 0x8430, 0x8430, 0x8430, 0x632C, 0x632C, 0x632C, 0x632C, 0x632C,
    0x632C, 0x632C, 0x632C, 0x632C, 0x632C, 0x52AA, 0x8430, 0x9CD3, 0x1082, 0x1082, 0xF81F, 0xF81F, 0xF81F, 0xF81F, 0xF81F, 0xF81F,
    0xF81F, 0xF81F, 0xF81F, 0xCE79, 0xEF7D, 0xEF7D, 0xCE79, 0x1082, 0x3180, 0x3180, 0x6180, 0xC980, 0xEF7D, 0xCE79, 0xCE79, 0xCE79,
    0x0000, 0x0000, 0x1082, 0x1082, 0x6180, 0x6180, 0x6180, 0xC980, 0xEF7D, 0xEF7D, 0xEF7D, 0xEF7D, 0xEF7D, 0xEF7D, 0xEF7D, 0xCE79,
    0xCE79, 0xCE79, 0x9CD3, 0x9CD3, 0x9CD3, 0x8430, 0x8430, 0x8430, 0x8430, 0x8430, 0x632C, 0x632C, 0x8430, 0x8430, 0x8430, 0x8430,
    0x8430, 0x8430, 0x8430, 0x8430, 0x632C, 0x632C, 0x52AA, 0x8430, 0x9CD3, 0x1082, 0xF81F, 0xF81F, 0xF81F, 0xF81F, 0xF81F, 0xF81F,
    0xF81F, 0xF81F, 0x9CD3, 0xEF7D, 0xEF7D, 0xEF7D, 0xCE79, 0xCE79, 0x6326, 0x6326, 0xFFFF, 0xFFFF, 0xCE79, 0xCE79, 0x0000, 0x0000,
    0x1082, 0x1082, 0x1082, 0x6180, 0x6180, 0xC980, 0xEF7D, 0xEF7D, 0xEF7D, 0xEF7D, 0xEF7D, 0xEF7D, 0xEF7D, 0xCE79, 0xCE79, 0x9CD3,
    0x9CD3, 0x9CD3, 0x8430, 0x8430, 0x8430, 0x8430, 0x8430, 0x8430, 0x8430, 0x8430, 0x8430, 0x8430, 0x8430, 0x8430, 0x8430, 0x8430,
    0x8430, 0x8430, 0x8430, 0x8430, 0x8430, 0xEF7D, 0x632C, 0x8430, 0x9CD3, 0x1082, 0xF81F, 0xF81F, 0xF81F, 0xF81F, 0xF81F, 0xF81F,
    0xF81F, 0xF81F, 0xBDD7, 0xBDD7, 0xEF7D, 0xEF7D, 0xFFFF, 0xCE79, 0xCE79, 0xCE79, 0xFFFF, 0xCE79, 0xCE79, 0x0000, 0x0000, 0x1082,
    0x1082, 0x1082, 0x6180, 0xC980, 0xC980, 0xEF7D, 0xEF7D, 0xEF7D, 0xEF7D, 0xEF7D, 0xEF7D, 0xCE79, 0xCE79, 0x9CD3, 0x9CD3, 0x8430,
    0x8430, 0x8430, 0x8430, 0x8430, 0x8430, 0x8430, 0x8430, 0x8430, 0x8430, 0x8430, 0x8430, 0x8430, 0x8430, 0x8430, 0x8430, 0x632C,
    0x8430, 0x632C, 0x8430, 0x8430, 0x8430, 0x8430, 0x8430, 0x8430, 0x632C, 0x1082, 0xF81F, 0xF81F, 0xF81F, 0xF81F, 0xF81F, 0xF81F,
    0xF81F, 0x52AA, 0xBDD7, 0xBDD7, 0xBDD7, 0xEF7D, 0xEF7D, 0xFFFF, 0xCE79, 0xCE79, 0xCE79, 0xCE79, 0x0000, 0x0000, 0x0000, 0x1082,
    0x1082, 0x6180, 0xC980, 0xFFFF, 0xFFFF, 0xFFFF, 0xEF7D, 0xEF7D, 0xEF7D, 0xCE79, 0xCE79, 0x9CD3, 0x8430, 0x8430, 0x8430, 0x8430,
    0x8430, 0x8430, 0x8430, 0x8430, 0x8430, 0x8430, 0x8430, 0x8430, 0x8430, 0x8430, 0x8430, 0x8430, 0x8430, 0x8430, 0x8430, 0x8430,
    0x632C, 0x8430, 0x632C, 0x8430, 0x8430, 0x8430, 0xCE79, 0x8430, 0x632C, 0x1082, 0xF81F, 0xF81F, 0xF81F, 0xF81F, 0xF81F, 0xF81F,
    0xF81F, 0x52AA, 0x9CD3, 0xBDD7, 0xBDD7, 0xBDD7, 0xBDD7, 0xFFFF, 0xFFFF, 0xCE79, 0xCE79, 0xCE79, 0xCE79, 0x0000, 0x0000, 0x1082,
    0x6180, 0xC980, 0xFFFF, 0xFFFF, 0xEF7D, 0xEF7D, 0xEF7D, 0xCE79, 0xCE79, 0xCE79, 0x8430, 0x632C, 0x8430, 0x8430, 0x8430, 0x9CD3,
    0x8430, 0x8430, 0x8430, 0x9CD3, 0x8430, 0x9CD3, 0x8430, 0x8430, 0x8430, 0x8430, 0x8430, 0x9CD3, 0x9CD3, 0x632C, 0x8430, 0x632C,
    0x8430, 0x632C, 0x8430, 0x632C, 0x8430, 0x9CD3, 0xEF7D, 0x8430, 0x632C, 0x1082, 0xF81F, 0xF81F, 0xF81F, 0xF81F, 0xF81F, 0xF81F,
    0xF81F, 0x52AA, 0x9CD3, 0x9CD3, 0xBDD7, 0xBDD7, 0xBDD7, 0xBDD7, 0xCE79, 0xCE79, 0xCE79, 0xCE79, 0xCE79, 0xCE79, 0xEF7D, 0x1082,
    0x6326, 0xEF7D, 0xFFFF, 0xEF7D, 0xEF7D, 0xEF7D, 0xCE79, 0xCE79, 0xCE79, 0x8430, 0x632C, 0x8430, 0x8430, 0x8430, 0x9CD3, 0x8430,
    0x9CD3, 0x8430, 0x9CD3, 0x8430, 0x9CD3, 0x8430, 0x9CD3, 0x8430, 0x8430, 0x9CD3, 0x9CD3, 0x9CD3, 0x9CD3, 0x9CD3, 0x9CD3, 0x9CD3,
    0x632C, 0x8430, 0x632C, 0x8430, 0x8430, 0x9CD3, 0xEF7D, 0x632C, 0x1082, 0x1082, 0xF81F, 0xF81F, 0xF81F, 0xF81F, 0xF81F, 0xF81F,
    0xF81F, 0x52AA, 0x1082, 0x1082, 0x9CD3, 0x9CD3, 0xBDD7, 0xBDD7, 0xBDD7, 0xBDD7, 0xCE79, 0xEF7D, 0xCE79, 0xCE79, 0xCE79, 0xEF7D,
    0xFFFF, 0xFFFF, 0xEF7D, 0xEF7D, 0xEF7D, 0xCE79, 0xCE79, 0x8430, 0x632C, 0x9CD3, 0x8430, 0x8430, 0x8430, 0x9CD3, 0x8430, 0x9CD3,
    0x8430, 0x9CD3, 0x8430, 0x9CD3, 0x8430, 0x9CD3, 0x8430, 0xBDD7, 0x9CD3, 0x9CD3, 0x9CD3, 0x9CD3, 0x9CD3, 0x9CD3, 0x9CD3, 0x9CD3,
    0x9CD3, 0x632C, 0x8430, 0x632C, 0x8430, 0x9CD3, 0xEF7D, 0x632C, 0x1082, 0x1082, 0xF81F, 0xF81F, 0xF81F, 0xF81F, 0xF81F, 0xF81F,
    0xF81F, 0x1082, 0x3180, 0x3180, 0x1082, 0x9CD3, 0x9CD3, 0x9CD3, 0xBDD7, 0xBDD7, 0xBDD7, 0xCE79, 0xEF7D, 0xFFFF, 0xFFFF, 0xFFFF,
    0xFFFF, 0xFFFF, 0xFFFF, 0xEF7D, 0xCE79, 0xCE79, 0x52AA, 0x632C, 0x8430, 0x8430, 0x8430, 0x8430, 0x9CD3, 0x8430, 0x9CD3, 0x8430,
    0x9CD3, 0x8430, 0x9CD3, 0x8430, 0x9CD3, 0x8430, 0xBDD7, 0x9CD3, 0xBDD7, 0x9CD3, 0x9CD3, 0x9CD3, 0x9CD3, 0x9CD3, 0x9CD3, 0x9CD3,
    0x632C, 0x8430, 0x632C, 0x8430, 0x8430, 0x9CD3, 0x9CD3, 0x632C, 0x1082, 0x1082, 0xF81F, 0xF81F, 0xF81F, 0xF81F, 0xF81F, 0xF81F,
    0xF81F, 0x3180, 0x3180, 0x3180, 0x3180, 0x1082, 0x1082, 0x9CD3, 0x9CD3, 0x9CD3, 0xBDD7, 0xBDD7, 0xCE79, 0xFFFF, 0xFFFF, 0xFFFF,
    0xFFFF, 0xFFFF, 0xEF7D, 0xCE79, 0x3180, 0x632C, 0x632C, 0x8430, 0x8430, 0x9CD3, 0x8430, 0x9CD3, 0x8430, 0x9CD3, 0x8430, 0x9CD3,
    0x8430, 0x9CD3, 0x8430, 0xBDD7, 0x8430, 0xBDD7, 0x9CD3, 0xBDD7, 0x9CD3, 0xBDD7, 0x9CD3, 0x9CD3, 0x9CD3, 0x9CD3, 0x8430, 0x632C,
    0x8430, 0x632C, 0x8430, 0x632C, 0x8430, 0x9CD3, 0x8430, 0x1082, 0x1082, 0x3180, 0xF81F, 0xF81F, 0xF81F, 0xF81F, 0xF81F, 0xF81F,
    0xF81F, 0x3180, 0x3180, 0x3180, 0x3180, 0x3180, 0x3180, 0x1082, 0x1082, 0x9CD3, 0x9CD3, 0xBDD7, 0xBDD7, 0xCE79, 0xEF7D, 0xFFFF,
    0xEF7D, 0xCE79, 0xCE79, 0x3180, 0x632C, 0x8430, 0x8430, 0x8430, 0x9CD3, 0x8430, 0x9CD3, 0x8430, 0x9CD3, 0x8430, 0x9CD3, 0x8430,
    0x9CD3, 0x8430, 0xBDD7, 0x9CD3, 0xBDD7, 0x9CD3, 0xBDD7, 0x9CD3, 0xBDD7, 0x9CD3, 0xBDD7, 0x9CD3, 0x632C, 0x8430, 0x632C, 0x8430,
    0x632C, 0x8430, 0x632C, 0x8430, 0x8430, 0x8430, 0x632C, 0x1082, 0x1082, 0x3180, 0xF81F, 0xF81F, 0xF81F, 0xF81F, 0xF81F, 0xF81F,
    0xF81F, 0x3180, 0x3180, 0x3180, 0x3180, 0x3180, 0x3180, 0x3180, 0x3180, 0x1082, 0x1082, 0x9CD3, 0x9CD3, 0xBDD7, 0xBDD7, 0xEF7D,
    0xCE79, 0xCE79, 0x3180, 0x632C, 0x8430, 0x8430, 0x9CD3, 0x9CD3, 0x8430, 0x9CD3, 0x8430, 0x9CD3, 0x8430, 0x9CD3, 0x8430, 0x9CD3,
    0x8430, 0xBDD7, 0xBDD7, 0xBDD7, 0x9CD3, 0xBDD7, 0x9CD3, 0xBDD7, 0x9CD3, 0xBDD7, 0x8430, 0x8430, 0x8430, 0x8430, 0x8430, 0x632C,
    0x8430, 0x632C, 0x8430, 0x8430, 0x8430, 0x8430, 0x632C, 0x1082, 0x3180, 0x3180, 0xF81F, 0xF81F, 0xF81F, 0xF81F, 0xF81F, 0xF81F,
    0xF81F, 0x3180, 0x3180, 0x3180, 0x8430, 0x8430, 0x3180, 0x3180, 0x3180, 0x3180, 0x3180, 0x1082, 0x9CD3, 0x9CD3, 0xBDD7, 0xBDD7,
    0xCE79, 0x3180, 0x632C, 0x8430, 0x8430, 0x9CD3, 0x9CD3, 0x9CD3, 0x9CD3, 0x8430, 0x9CD3, 0x8430, 0x9CD3, 0x8430, 0x9CD3, 0x8430,
    0xCE79, 0xBDD7, 0xBDD7, 0x9CD3, 0xBDD7, 0x9CD3, 0xBDD7, 0x9CD3, 0xBDD7, 0x8430, 0x8430, 0x8430, 0x8430, 0x8430, 0x8430, 0x8430,
    0x632C, 0x8430, 0x8430, 0x8430, 0x8430, 0x8430, 0x632C, 0x1082, 0x3180, 0x3180, 0xF81F, 0xF81F, 0xF81F, 0xF81F, 0xF81F, 0xF81F,
    0xF81F, 0x3180, 0x3180, 0x8430, 0x6326, 0x6326, 0x8430, 0x3180, 0x3180, 0x3180, 0x3180, 0x3180, 0x1082, 0x9CD3, 0x9CD3, 0xBDD7,
    0x3180, 0x632C, 0x8430, 0x8430, 0x9CD3, 0x9CD3, 0x9CD3, 0x9CD3, 0x8430, 0x9CD3, 0x8430, 0x9CD3, 0x8430, 0x9CD3, 0x8430, 0x8430,
    0xCE79, 0xBDD7, 0xBDD7, 0xBDD7, 0x9CD3, 0xBDD7, 0x9CD3, 0xBDD7, 0x8430, 0x8430, 0x8430, 0x8430, 0x8430, 0x8430, 0x8430, 0x632C,
    0x8430, 0x632C, 0x8430, 0x8430, 0x8430, 0x632C, 0x0000, 0x1082, 0x3180, 0x3180, 0xF81F, 0xF81F, 0xF81F, 0xF81F, 0xF81F, 0xF81F,
    0xF81F, 0x3180, 0x3180, 0x0000, 0x0000, 0x0000, 0x6326, 0x8430, 0x8430, 0x3180, 0x3180, 0x3180, 0x3180, 0x1082, 0x9CD3, 0x3180,
    0x52AA, 0x8430, 0x8430, 0x9CD3, 0x9CD3, 0x9CD3, 0x9CD3, 0x9CD3, 0x9CD3, 0x9CD3, 0x9CD3, 0x8430, 0x9CD3, 0x8430, 0x9CD3, 0xCE79,
    0xCE79, 0xBDD7, 0xBDD7, 0xBDD7, 0xBDD7, 0x9CD3, 0xBDD7, 0x8430, 0x8430, 0x8430, 0x8430, 0x8430, 0x8430, 0x8430, 0x8430, 0x8430,
    0x8430, 0x8430, 0x8430, 0x8430, 0x8430, 0x632C, 0x1082, 0x3180, 0x3180, 0x3180, 0xF81F, 0xF81F, 0xF81F, 0xF81F, 0xF81F, 0xF81F,
    0xF81F, 0x3180, 0x3180, 0x0000, 0x0000, 0x0000, 0x0000, 0x6326, 0x6326, 0x8430, 0x8430, 0x3180, 0x3180, 0x3180, 0x52AA, 0x52AA,
    0x632C, 0x8430, 0x9CD3, 0x9CD3, 0x9CD3, 0x9CD3, 0x9CD3, 0x9CD3, 0x9CD3, 0x9CD3, 0x9CD3, 0x9CD3, 0x8430, 0x9CD3, 0xCE79, 0xCE79,
    0xCE79, 0xBDD7, 0xBDD7, 0xBDD7, 0xBDD7, 0x8430, 0x8430, 0x8430, 0x8430, 0x8430, 0x8430, 0x8430, 0x8430, 0x8430, 0x8430, 0x8430,
    0x8430, 0x8430, 0x8430, 0x8430, 0x632C, 0x0000, 0x3180, 0x3180, 0x3180, 0x3180, 0xF81F, 0xF81F, 0xF81F, 0xF81F, 0xF81F, 0xF81F,
    0xF81F, 0x3180, 0x3180, 0x0000, 0x0000, 0x0000, 0x0000, 0x0000, 0x0000, 0x6326, 0x8430, 0x3180, 0x3180, 0x3180, 0x3180, 0x632C,
    0x8430, 0x8430, 0x9CD3, 0x9CD3, 0x9CD3, 0x9CD3, 0x9CD3, 0x9CD3, 0x9CD3, 0x9CD3, 0x9CD3, 0x8430, 0x9CD3, 0xCE79, 0xCE79, 0xCE79,
    0xBDD7, 0xBDD7, 0xBDD7, 0xBDD7, 0x8430, 0x8430, 0x8430, 0x8430, 0x8430, 0x8430, 0x8430, 0x8430, 0x8430, 0x8430, 0x8430, 0x8430,
    0x8430, 0x8430, 0x8430, 0x8430, 0x632C, 0x0000, 0x3180, 0x3180, 0x3180, 0x3180, 0xF81F, 0xF81F, 0xF81F, 0xF81F, 0xF81F, 0xF81F,
    0xF81F, 0x3180, 0x3180, 0x3180, 0x0000, 0x0000, 0x0000, 0x0000, 0x0000, 0x0000, 0x8430, 0x3180, 0x3180, 0x3180, 0x52AA, 0x632C,
    0x8430, 0x8430, 0x9CD3, 0x9CD3, 0x9CD3, 0x9CD3, 0x9CD3, 0x9CD3, 0x9CD3, 0x9CD3, 0x9CD3, 0x9CD3, 0x9CD3, 0x9CD3, 0xBDD7, 0xBDD7,
    0xBDD7, 0xBDD7, 0xBDD7, 0x8430, 0x8430, 0x8430, 0x8430, 0x8430, 0x8430, 0x8430, 0x8430, 0x8430, 0x8430, 0x8430, 0x8430, 0x8430,
    0x8430, 0x8430, 0x8430, 0x632C, 0x0000, 0x3180, 0x3180, 0x3180, 0x3180, 0x3180, 0xF81F, 0xF81F, 0xF81F, 0xF81F, 0xF81F, 0xF81F,
    0xF81F, 0x3180, 0x3180, 0x3180, 0x3180, 0x0000, 0x0000, 0x0000, 0x0000, 0x0000, 0x3180, 0x3180, 0x3180, 0x3180, 0x52AA, 0x632C,
    0x8430, 0x8430, 0x9CD3, 0x9CD3, 0x9CD3, 0x9CD3, 0x9CD3, 0x9CD3, 0x9CD3, 0x9CD3, 0x9CD3, 0x8430, 0xCE79, 0xBDD7, 0xCE79, 0xCE79,
    0xCE79, 0xCE79, 0x8430, 0x8430, 0x8430, 0x8430, 0x8430, 0x8430, 0x8430, 0x8430, 0x8430, 0x8430, 0x8430, 0x8430, 0x9CD3, 0x8430,
    0x8430, 0x8430, 0x632C, 0x0000, 0x3180, 0x3180, 0x3180, 0x3180, 0x3180, 0x3180, 0xF81F, 0xF81F, 0xF81F, 0xF81F, 0xF81F, 0xF81F,
    0xF81F, 0x3180, 0x3180, 0x3180, 0x3180, 0x3180, 0x0000, 0x0000, 0x0000, 0x0000, 0x3180, 0x3180, 0x3180, 0x3180, 0x3180, 0x632C,
    0x8430, 0x8430, 0x8430, 0x9CD3, 0x9CD3, 0x9CD3, 0x9CD3, 0x9CD3, 0x9CD3, 0x9CD3, 0x9CD3, 0x9CD3, 0x8430, 0xCE79, 0xCE79, 0xCE79,
    0xCE79, 0xCE79, 0xCE79, 0xCE79, 0xCE79, 0xCE79, 0x8430, 0x8430, 0x8430, 0x8430, 0x8430, 0x9CD3, 0x8430, 0x9CD3, 0x8430, 0x8430,
    0x8430, 0x8430, 0x632C, 0x0000, 0x3180, 0x3180, 0x3180, 0x3180, 0x3180, 0x3180, 0x3180, 0xF81F, 0xF81F, 0xF81F, 0xF81F, 0xF81F,
    0xF81F, 0x3180, 0x3180, 0x3180, 0x3180, 0x3180, 0x6326, 0x0000, 0x3180, 0x3180, 0x3180, 0x3180, 0x3180, 0x3180, 0x6326, 0x632C,
    0x9CD3, 0x632C, 0x8430, 0x9CD3, 0x9CD3, 0x9CD3, 0x9CD3, 0x9CD3, 0x9CD3, 0x9CD3, 0x9CD3, 0x8430, 0x9CD3, 0xEF7D, 0xEF7D, 0xEF7D,
    0xFFFF, 0xFFFF, 0xFFFF, 0xCE79, 0xCE79, 0xCE79, 0xCE79, 0xCE79, 0xCE79, 0x8430, 0x9CD3, 0x8430, 0x9CD3, 0x8430, 0x9CD3, 0x8430,
    0x8430, 0x632C, 0x0000, 0x3180, 0x3180, 0x3180, 0x3180, 0x3180, 0x9CD3, 0x9CD3, 0xCE79, 0x9CD3, 0xF81F, 0x9CD3, 0x9CD3, 0x9CD3,
    0xF81F, 0x3180, 0x3180, 0x3180, 0x3180, 0x3180, 0x6326, 0x0000, 0x3180, 0x3180, 0x3180, 0x3180, 0x3180, 0x3180, 0x6326, 0x632C,
    0x9CD3, 0x632C, 0x8430, 0x9CD3, 0x9CD3, 0x9CD3, 0x9CD3, 0x9CD3, 0x9CD3, 0x9CD3, 0x9CD3, 0x8430, 0x9CD3, 0xEF7D, 0xFFFF, 0xFFFF,
    0xFFFF, 0xFFFF, 0xFFFF, 0xFFFF, 0xFFFF, 0xCE79, 0xEF7D, 0x9CD3, 0x9CD3, 0x9CD3, 0xCE79, 0xCE79, 0xCE79, 0xCE79, 0x8430, 0x8430,
    0x632C, 0xCE79, 0x9CD3, 0x9CD3, 0xCE79, 0x9CD3, 0x9CD3, 0xCE79, 0x9CD3, 0x9CD3, 0x9CD3, 0x9CD3, 0xCE79, 0x9CD3, 0x9CD3, 0x9CD3,
    0xF81F, 0x3180, 0x3180, 0x3180, 0x3180, 0x3180, 0x6326, 0x0000, 0x3180, 0x3180, 0x3180, 0x3180, 0x3180, 0x3180, 0x6326, 0x3180,
    0x632C, 0x9CD3, 0x632C, 0x8430, 0x9CD3, 0x9CD3, 0x9CD3, 0x9CD3, 0x9CD3, 0x9CD3, 0x9CD3, 0x9CD3, 0x8430, 0xEF7D, 0xEF7D, 0xEF7D,
    0xFFFF, 0xFFFF, 0xFFFF, 0xFFFF, 0xFFFF, 0xCE79, 0xCE79, 0xEF7D, 0xCE79, 0xCE79, 0xEF7D, 0xEF7D, 0x9CD3, 0x9CD3, 0x9CD3, 0xEF7D,
    0xEF7D, 0xCE79, 0xCE79, 0x9CD3, 0x9CD3, 0x9CD3, 0xEF7D, 0xCE79, 0x9CD3, 0xCE79, 0xEF7D, 0x9CD3, 0x9CD3, 0xCE79, 0xCE79, 0xCE79,
    0xF81F, 0x3180, 0x3180, 0x3180, 0x3180, 0x3180, 0x6326, 0x0000, 0x3180, 0x3180, 0x3180, 0x3180, 0x3180, 0x3180, 0x6326, 0x3180,
    0x632C, 0x9CD3, 0x632C, 0x8430, 0x8430, 0x9CD3, 0x9CD3, 0x9CD3, 0x9CD3, 0x9CD3, 0x9CD3, 0x9CD3, 0x9CD3, 0x9CD3, 0xEF7D, 0xFFFF,
    0xFFFF, 0xFFFF, 0xFFFF, 0xFFFF, 0xCE79, 0xFFFF, 0xFFFF, 0xFFFF, 0xFFFF, 0xFFFF, 0xCE79, 0xEF7D, 0xFFFF, 0xFFFF, 0xCE79, 0xCE79,
    0xCE79, 0xCE79, 0xEF7D, 0xEF7D, 0xCE79, 0xCE79, 0xFFFF, 0xCE79, 0xCE79, 0xCE79, 0xCE79, 0xCE79, 0xEF7D, 0x9CD3, 0x9CD3, 0xCE79,
    0xF81F, 0x3180, 0x3180, 0x3180, 0x3180, 0x3180, 0x6326, 0x0000, 0x3180, 0x3180, 0x3180, 0x3180, 0x3180, 0x3180, 0x6326, 0x6326,
    0x3180, 0x632C, 0x9CD3, 0x632C, 0x8430, 0x8430, 0x9CD3, 0x9CD3, 0x9CD3, 0x9CD3, 0x9CD3, 0x9CD3, 0x9CD3, 0x9CD3, 0x9CD3, 0x9CD3,
    0xEF7D, 0xFFFF, 0xFFFF, 0xFFFF, 0xFFFF, 0xFFFF, 0xFFFF, 0xFFFF, 0xFFFF, 0xFFFF, 0xFFFF, 0xFFFF, 0xFFFF, 0xFFFF, 0xCE79, 0xCE79,
    0xEF7D, 0xFFFF, 0xCE79, 0xCE79, 0xEF7D, 0xEF7D, 0xCE79, 0xCE79, 0xEF7D, 0xEF7D, 0xEF7D, 0xCE79, 0xCE79, 0xCE79, 0xEF7D, 0xF81F,
    0xF81F, 0x3180, 0x3180, 0x3180, 0x3180, 0x3180, 0x6326, 0x0000, 0x3180, 0x3180, 0x3180, 0x3180, 0x3180, 0x3180, 0x6326, 0x6326,
    0x3180, 0x632C, 0x632C, 0xBDD7, 0x632C, 0x8430, 0x8430, 0x9CD3, 0x9CD3, 0x9CD3, 0x9CD3, 0x9CD3, 0x9CD3, 0x9CD3, 0x9CD3, 0x9CD3,
    0x9CD3, 0xEF7D, 0xEF7D, 0xFFFF, 0xEF7D, 0xFFFF, 0xFFFF, 0xFFFF, 0xFFFF, 0xFFFF, 0xFFFF, 0xFFFF, 0xFFFF, 0xFFFF, 0xFFFF, 0xFFFF,
    0xFFFF, 0xCE79, 0xEF7D, 0xEF7D, 0xFFFF, 0xCE79, 0xEF7D, 0xFFFF, 0xFFFF, 0xFFFF, 0xCE79, 0xEF7D, 0xFFFF, 0xFFFF, 0xFFFF, 0xF81F,
    0xF81F, 0x3180, 0x3180, 0x3180, 0x3180, 0x3180, 0x6326, 0x0000, 0x3180, 0x3180, 0x3180, 0x3180, 0x3180, 0x3180, 0x6326, 0x6326,
    0x6326, 0x3180, 0x632C, 0xEF7D, 0x9CD3, 0x632C, 0x8430, 0x8430, 0x8430, 0x9CD3, 0x9CD3, 0x9CD3, 0x9CD3, 0x9CD3, 0x9CD3, 0x9CD3,
    0x9CD3, 0x9CD3, 0x9CD3, 0xEF7D, 0xEF7D, 0xEF7D, 0xFFFF, 0xEF7D, 0xFFFF, 0xFFFF, 0xFFFF, 0xFFFF, 0xFFFF, 0xFFFF, 0xFFFF, 0xFFFF,
    0xFFFF, 0xFFFF, 0xFFFF, 0xFFFF, 0xCE79, 0xCE79, 0xEF7D, 0xFFFF, 0xFFFF, 0xCE79, 0xEF7D, 0xFFFF, 0xFFFF, 0xEF7D, 0xF81F, 0xF81F,
    0xF81F, 0x1082, 0x3180, 0x3180, 0x3180, 0x3180, 0x6326, 0x0000, 0x3180, 0x3180, 0x3180, 0x3180, 0x3180, 0x3180, 0x6326, 0x6326,
    0x6326, 0x6326, 0x3180, 0x632C, 0xFFFF, 0x9CD3, 0x632C, 0x632C, 0x8430, 0x8430, 0x8430, 0x8430, 0x8430, 0x8430, 0x8430, 0x8430,
    0x8430, 0x8430, 0x8430, 0x9CD3, 0xEF7D, 0xEF7D, 0xEF7D, 0xEF7D, 0xEF7D, 0xFFFF, 0xFFFF, 0xFFFF, 0xFFFF, 0xFFFF, 0xFFFF, 0xFFFF,
    0xFFFF, 0xFFFF, 0xFFFF, 0xFFFF, 0xFFFF, 0xFFFF, 0xFFFF, 0xCE79, 0xEF7D, 0xEF7D, 0xFFFF, 0xFFFF, 0xEF7D, 0xF81F, 0xF81F, 0xF81F,
    0xF81F, 0x1082, 0x1082, 0x3180, 0x3180, 0x3180, 0x6326, 0x0000, 0x3180, 0x3180, 0x3180, 0x3180, 0x3180, 0x3180, 0x6326, 0x6326,
    0x6326, 0x6326, 0x6326, 0x3180, 0x52AA, 0xBDD7, 0xEF7D, 0xBDD7, 0x632C, 0x632C, 0x632C, 0x632C, 0x632C, 0x632C, 0x632C, 0x632C,
    0x8430, 0x8430, 0x9CD3, 0x9CD3, 0x9CD3, 0x9CD3, 0xEF7D, 0xEF7D, 0xEF7D, 0xEF7D, 0xEF7D, 0xEF7D, 0xFFFF, 0xFFFF, 0xFFFF, 0xFFFF,
    0xFFFF, 0xFFFF, 0xFFFF, 0xFFFF, 0xFFFF, 0xFFFF, 0xFFFF, 0xFFFF, 0xFFFF, 0xFFFF, 0xFFFF, 0xEF7D, 0xEF7D, 0xF81F, 0xF81F, 0xF81F,
    0xF81F, 0x1082, 0x3180, 0x1082, 0x3180, 0x3180, 0x6326, 0x0000, 0x3180, 0x3180, 0x3180, 0x3180, 0x3180, 0x1082, 0x6326, 0x6326,
    0x6326, 0x6326, 0x6326, 0x6326, 0x3180, 0x52AA, 0x52AA, 0x52AA, 0x9CD3, 0x9CD3, 0x9CD3, 0x9CD3, 0x9CD3, 0x9CD3, 0x9CD3, 0x9CD3,
    0x9CD3, 0x9CD3, 0x9CD3, 0x632C, 0x632C, 0x9CD3, 0x9CD3, 0x9CD3, 0xEF7D, 0xEF7D, 0xEF7D, 0xEF7D, 0xEF7D, 0xEF7D, 0xEF7D, 0xEF7D,
    0xFFFF, 0xFFFF, 0xFFFF, 0xFFFF, 0xFFFF, 0xFFFF, 0xFFFF, 0xFFFF, 0xFFFF, 0xFFFF, 0xEF7D, 0xF81F, 0xF81F, 0xF81F, 0xF81F, 0xF81F,
    0xF81F, 0x1082, 0x1082, 0x3180, 0x1082, 0x3180, 0x6326, 0x0000, 0x3180, 0x3180, 0x3180, 0x3180, 0x3180, 0x1082, 0x6326, 0x6326,
    0x6326, 0x6326, 0x6326, 0x6326, 0x6326, 0x3180, 0x3180, 0x3180, 0x52AA, 0x52AA, 0x52AA, 0x52AA, 0x52AA, 0x52AA, 0x52AA, 0x52AA,
    0x52AA, 0x52AA, 0x3180, 0x3180, 0x3180, 0x6326, 0x6326, 0x6326, 0x9CD3, 0x9CD3, 0x9CD3, 0xEF7D, 0xEF7D, 0xEF7D, 0xEF7D, 0xEF7D,
    0xEF7D, 0xEF7D, 0xEF7D, 0xEF7D, 0xEF7D, 0xFFFF, 0xFFFF, 0xEF7D, 0xEF7D, 0xF81F, 0xF81F, 0xF81F, 0xF81F, 0xF81F, 0xF81F, 0xF81F,
    0xF81F, 0xF81F, 0x1082, 0x1082, 0x3180, 0x1082, 0x3180, 0x0000, 0x3180, 0x3180, 0x3180, 0x3180, 0x3180, 0x1082, 0x6326, 0x6326,
    0x6326, 0x6326, 0x6326, 0x6326, 0x6326, 0x6326, 0x6326, 0x6326, 0x3180, 0x3180, 0x3180, 0x3180, 0x3180, 0x3180, 0x3180, 0x3180,
    0x3180, 0x3180, 0x6326, 0x6326, 0x6326, 0x6326, 0x3180, 0x6326, 0x3180, 0x6326, 0x3180, 0x9CD3, 0x9CD3, 0x9CD3, 0xEF7D, 0xEF7D,
    0xEF7D, 0xEF7D, 0xEF7D, 0xEF7D, 0x8430, 0x8430, 0x8430, 0xF81F, 0xF81F, 0xF81F, 0xF81F, 0xF81F, 0xF81F, 0xF81F, 0xF81F, 0xF81F,
    0xF81F, 0xF81F, 0x1082, 0x3180, 0x1082, 0x3180, 0x1082, 0x3180, 0x3180, 0x3180, 0x1082, 0x3180, 0x1082, 0x1082, 0x6326, 0x3180,
    0x6326, 0x6326, 0x6326, 0x6326, 0x6326, 0x6326, 0x6326, 0x6326, 0x6326, 0x6326, 0x6326, 0x6326, 0x6326, 0x6326, 0x6326, 0x6326,
    0x6326, 0x6326, 0x6326, 0x3180, 0x6326, 0x3180, 0x6326, 0x3180, 0x6326, 0x3180, 0x3180, 0xF81F, 0xF81F, 0xF81F, 0x9CD3, 0x9CD3,
    0x9CD3, 0x9CD3, 0x9CD3, 0x9CD3, 0x9CD3, 0xF81F, 0xF81F, 0xF81F, 0xF81F, 0xF81F, 0xF81F, 0xF81F, 0xF81F, 0xF81F, 0xF81F, 0xF81F,
    0xF81F, 0xF81F, 0xF81F, 0x1082, 0x1082, 0x1082, 0x3180, 0x1082, 0x3180, 0x1082, 0x3180, 0x1082, 0x3180, 0x1082, 0x3180, 0x6326,
    0x3180, 0x6326, 0x6326, 0x6326, 0x6326, 0x6326, 0x6326, 0x6326, 0x6326, 0x6326, 0x6326, 0x6326, 0x6326, 0x6326, 0x3180, 0x6326,
    0x3180, 0x6326, 0x3180, 0x6326, 0x3180, 0x6326, 0x3180, 0x6326, 0x3180, 0xF81F, 0xF81F, 0xF81F, 0xF81F, 0xF81F, 0xF81F, 0xF81F,
    0xF81F, 0xF81F, 0xF81F, 0xF81F, 0xF81F, 0xF81F, 0xF81F, 0xF81F, 0xF81F, 0xF81F, 0xF81F, 0xF81F, 0xF81F, 0xF81F, 0xF81F, 0xF81F,
    0xF81F, 0xF81F, 0xF81F, 0xF81F, 0x1082, 0x1082, 0x1082, 0x3180, 0x1082, 0x3180, 0x1082, 0x3180, 0x1082, 0x1082, 0x3180, 0x3180,
    0x6326, 0x3180, 0x6326, 0x6326, 0x6326, 0x6326, 0x6326, 0x6326, 0x6326, 0x3180, 0x6326, 0x3180, 0x6326, 0x3180, 0x6326, 0x3180,
    0x6326, 0x3180, 0x6326, 0x3180, 0x6326, 0x3180, 0x3180, 0xF81F, 0xF81F, 0xF81F, 0xF81F, 0xF81F, 0xF81F, 0xF81F, 0xF81F, 0xF81F,
    0xF81F, 0xF81F, 0xF81F, 0xF81F, 0xF81F, 0xF81F, 0xF81F, 0xF81F, 0xF81F, 0xF81F, 0xF81F, 0xF81F, 0xF81F, 0xF81F, 0xF81F, 0xF81F,
    0xF81F, 0xF81F, 0xF81F, 0xF81F, 0xF81F, 0x1082, 0x1082, 0x1082, 0x3180, 0x1082, 0x3180, 0x1082, 0x1082, 0x1082, 0x3180, 0x3180,
    0x3180, 0x6326, 0x3180, 0x6326, 0x3180, 0x6326, 0x3180, 0x6326, 0x3180, 0x6326, 0x3180, 0x6326, 0x3180, 0x6326, 0x3180, 0x3180,
    0x3180, 0x3180, 0x3180, 0x3180, 0x3180, 0xF81F, 0xF81F, 0xF81F, 0xF81F, 0xF81F, 0xF81F, 0xF81F, 0xF81F, 0xF81F, 0xF81F, 0xF81F,
    0xF81F, 0xF81F, 0xF81F, 0xF81F, 0xF81F, 0xF81F, 0xF81F, 0xF81F, 0xF81F, 0xF81F, 0xF81F, 0xF81F, 0xF81F, 0xF81F, 0xF81F, 0xF81F,
    0xF81F, 0xF81F, 0xF81F, 0xF81F, 0xF81F, 0xF81F, 0xF81F, 0x1082, 0x1082, 0x1082, 0x1082, 0x1082, 0x1082, 0x1082, 0x3180, 0x3180,
    0x3180, 0x3180, 0x6326, 0x3180, 0x6326, 0x3180, 0x6326, 0x3180, 0x6326, 0x3180, 0x6326, 0x3180, 0x3180, 0x3180, 0x3180, 0x3180,
    0x3180, 0x3180, 0xF81F, 0xF81F, 0xF81F, 0xF81F, 0xF81F, 0xF81F, 0xF81F, 0xF81F, 0xF81F, 0xF81F, 0xF81F, 0xF81F, 0xF81F, 0xF81F,
    0xF81F, 0xF81F, 0xF81F, 0xF81F, 0xF81F, 0xF81F, 0xF81F, 0xF81F, 0xF81F, 0xF81F, 0xF81F, 0xF81F, 0xF81F, 0xF81F, 0xF81F, 0xF81F,
    0xF81F, 0xF81F, 0xF81F, 0xF81F, 0xF81F, 0xF81F, 0xF81F, 0xF81F, 0x1082, 0x1082, 0x1082, 0x1082, 0x1082, 0x1082, 0x3180, 0x3180,
    0x3180, 0x3180, 0x3180, 0x6326, 0x3180, 0x6326, 0x3180, 0x3180, 0x3180, 0x3180, 0x3180, 0x3180, 0x3180, 0x3180, 0x3180, 0xF81F,
    0xF81F, 0xF81F, 0xF81F, 0xF81F, 0xF81F, 0xF81F, 0xF81F, 0xF81F, 0xF81F, 0xF81F, 0xF81F, 0xF81F, 0xF81F, 0xF81F, 0xF81F, 0xF81F,
    0xF81F, 0xF81F, 0xF81F, 0xF81F, 0xF81F, 0xF81F, 0xF81F, 0xF81F, 0xF81F, 0xF81F, 0xF81F, 0xF81F, 0xF81F, 0xF81F, 0xF81F, 0xF81F,
    0xF81F, 0xF81F, 0xF81F, 0xF81F, 0xF81F, 0xF81F, 0xF81F, 0xF81F, 0xF81F, 0xF81F, 0xF81F, 0x1082, 0x1082, 0x1082, 0x3180, 0x3180,
    0x3180, 0x3180, 0x3180, 0x3180, 0x3180, 0x3180, 0x3180, 0x3180, 0x3180, 0x3180, 0x3180, 0xF81F, 0xF81F, 0xF81F, 0xF81F, 0xF81F,
    0xF81F, 0xF81F, 0xF81F, 0xF81F, 0xF81F, 0xF81F, 0xF81F, 0xF81F, 0xF81F, 0xF81F, 0xF81F, 0xF81F, 0xF81F, 0xF81F, 0xF81F, 0xF81F,
    0xF81F, 0xF81F, 0xF81F, 0xF81F, 0xF81F, 0xF81F, 0xF81F, 0xF81F, 0xF81F, 0xF81F, 0xF81F, 0xF81F, 0xF81F, 0xF81F, 0xF81F, 0xF81F,
    0xF81F, 0xF81F, 0xF81F, 0xF81F, 0xF81F, 0xF81F, 0xF81F, 0xF81F, 0xF81F, 0xF81F, 0xF81F, 0xF81F, 0xF81F, 0xF81F, 0xF81F, 0xF81F,
    0x3180, 0x3180, 0x3180, 0x3180, 0x3180, 0x3180, 0x3180, 0x3180, 0xF81F, 0xF81F, 0xF81F, 0xF81F, 0xF81F, 0xF81F, 0xF81F, 0xF81F,
    0xF81F, 0xF81F, 0xF81F, 0xF81F, 0xF81F, 0xF81F, 0xF81F, 0xF81F, 0xF81F, 0xF81F, 0xF81F, 0xF81F, 0xF81F, 0xF81F, 0xF81F, 0xF81F,
    0xF81F, 0xF81F, 0xF81F, 0xF81F, 0xF81F, 0xF81F, 0xF81F, 0xF81F, 0xF81F, 0xF81F, 0xF81F, 0xF81F, 0xF81F, 0xF81F, 0xF81F, 0xF81F,
    0xF81F, 0xF81F, 0xF81F, 0xF81F, 0xF81F, 0xF81F, 0xF81F, 0xF81F, 0xF81F, 0xF81F, 0xF81F, 0xF81F, 0xF81F, 0xF81F, 0xF81F, 0xF81F,
    0xF81F, 0xF81F, 0xF81F, 0xF81F, 0xF81F, 0xF81F, 0xF81F, 0xF81F, 0xF81F, 0xF81F, 0xF81F, 0xF81F, 0xF81F, 0xF81F, 0xF81F, 0xF81F,
    0xF81F, 0xF81F, 0xF81F, 0xF81F, 0xF81F, 0xF81F, 0xF81F, 0xF81F, 0xF81F, 0xF81F, 0xF81F, 0xF81F, 0xF81F, 0xF81F, 0xF81F, 0xF81F,
    0xF81F, 0xF81F, 0xF81F, 0xF81F, 0xF81F, 0xF81F, 0xF81F, 0xF81F, 0xF81F, 0xF81F, 0xF81F, 0xF81F, 0xF81F, 0xF81F, 0xF81F, 0xF81F,
    0xF81F, 0xF81F, 0xF81F, 0xF81F, 0xF81F, 0xF81F, 0xF81F, 0xF81F, 0xF81F, 0xF81F, 0xF81F, 0xF81F, 0xF81F, 0xF81F, 0xF81F, 0xF81F,
    0xF81F, 0xF81F, 0xF81F, 0xF81F, 0xF81F, 0xF81F, 0xF81F, 0xF81F, 0xF81F, 0xF81F, 0xF81F, 0xF81F, 0xF81F, 0xF81F, 0xF81F, 0xF81F,
    0xF81F, 0xF81F, 0xF81F, 0xF81F, 0xF81F, 0xF81F, 0xF81F, 0xF81F, 0xF81F, 0xF81F, 0xF81F, 0xF81F, 0xF81F, 0xF81F, 0xF81F, 0xF81F,
    0xF81F, 0xF81F, 0xF81F, 0xF81F, 0xF81F, 0xF81F, 0xF81F, 0xF81F, 0xF81F, 0xF81F, 0xF81F, 0xF81F, 0xF81F, 0xF81F, 0xF81F, 0xF81F,
    0xF81F, 0xF81F, 0xF81F, 0xF81F, 0xF81F, 0xF81F, 0xF81F, 0xF81F, 0xF81F, 0xF81F, 0xF81F, 0xF81F, 0xF81F, 0xF81F, 0xF81F, 0xF81F,
    0xF81F, 0xF81F, 0xF81F, 0xF81F, 0xF81F, 0xF81F, 0xF81F, 0xF81F, 0xF81F, 0xF81F, 0xF81F, 0xF81F, 0xF81F, 0xF81F, 0xF81F, 0xF81F,
    0xF81F, 0xF81F, 0xF81F, 0xF81F, 0xF81F, 0xF81F, 0xF81F, 0xF81F, 0xF81F, 0xF81F, 0xF81F, 0xF81F, 0xF81F, 0xF81F, 0xF81F, 0xF81F,
    0xF81F, 0xF81F, 0xF81F, 0xF81F, 0xF81F, 0xF81F, 0xF81F, 0xF81F, 0xF81F, 0xF81F, 0xF81F, 0xF81F, 0xF81F, 0xF81F, 0xF81F, 0xF81F,
    0xF81F, 0xF81F, 0xF81F, 0xF81F, 0xF81F, 0xF81F, 0xF81F, 0xF81F, 0xF81F, 0xF81F, 0xF81F, 0xF81F, 0xF81F, 0xF81F, 0xF81F, 0xF81F,
    0xF81F, 0xF81F, 0xF81F, 0xF81F, 0xF81F, 0xF81F, 0xF81F, 0xF81F, 0xF81F, 0xF81F, 0xF81F, 0xF81F, 0xF81F, 0xF81F, 0xF81F, 0xF81F,
    0xF81F, 0xF81F, 0xF81F, 0xF81F, 0xF81F, 0xF81F, 0xF81F, 0xF81F, 0xF81F, 0xF81F, 0xF81F, 0xF81F, 0xF81F, 0xF81F, 0xF81F, 0xF81F,
    0xF81F, 0xF81F, 0xF81F, 0xF81F, 0xF81F, 0xF81F, 0xF81F, 0xF81F, 0xF81F, 0xF81F, 0xF81F, 0xF81F, 0xF81F, 0xF81F, 0xF81F, 0xF81F,
  },
  {
    0xF81F, 0xF81F, 0xF81F, 0xF81F, 0xF81F, 0xF81F, 0xF81F, 0xF81F, 0xF81F, 0xF81F, 0xF81F, 0xF81F, 0xF81F, 0xF81F, 0xF81F, 0xF81F,
    0xF81F, 0xF81F, 0xF81F, 0xF81F, 0xF81F, 0xF81F, 0xF81F, 0xF81F, 0xF81F, 0xF81F, 0xF81F, 0xF81F, 0xF81F, 0xF81F, 0xF81F, 0xF81F,
    0xF81F, 0xF81F, 0xF81F, 0xF81F, 0xF81F, 0xF81F, 0xF81F, 0xF81F, 0xF81F, 0xF81F, 0xF81F, 0xF81F, 0xF81F, 0xF81F, 0xF81F, 0xF81F,
    0xF81F, 0xF81F, 0xF81F, 0xF81F, 0xF81F, 0xF81F, 0xF81F, 0xF81F, 0xF81F, 0xF81F, 0xF81F, 0xF81F, 0xF81F, 0xF81F, 0xF81F, 0xF81F,
    0xF81F, 0xF81F, 0xF81F, 0xF81F, 0xF81F, 0xF81F, 0xF81F, 0xF81F, 0xF81F, 0xF81F, 0xF81F, 0xF81F, 0xF81F, 0xF81F, 0xF81F, 0xF81F,
    0xF81F, 0xF81F, 0xF81F, 0xF81F, 0xF81F, 0xF81F, 0xF81F, 0xF81F, 0xF81F, 0xF81F, 0xF81F, 0xF81F, 0xF81F, 0xF81F, 0xF81F, 0xF81F,
    0xF81F, 0xF81F, 0xF81F, 0xF81F, 0xF81F, 0xF81F, 0xF81F, 0xF81F, 0xF81F, 0xF81F, 0xF81F, 0xF81F, 0xF81F, 0xF81F, 0xF81F, 0xF81F,
    0xF81F, 0xF81F, 0xF81F, 0xF81F, 0xF81F, 0xF81F, 0xF81F, 0xF81F, 0xF81F, 0xF81F, 0xF81F, 0xF81F, 0xF81F, 0xF81F, 0xF81F, 0xF81F,
    0xF81F, 0xF81F, 0xF81F, 0xF81F, 0xF81F, 0xF81F, 0xF81F, 0xF81F, 0xF81F, 0xF81F, 0xF81F, 0xF81F, 0xF81F, 0xF81F, 0xF81F, 0xF81F,
    0xF81F, 0xF81F, 0xF81F, 0xF81F, 0xF81F, 0xF81F, 0xF81F, 0xF81F, 0xF81F, 0xF81F, 0xF81F, 0xF81F, 0xF81F, 0xF81F, 0xF81F, 0xF81F,
    0xF81F, 0xF81F, 0xF81F, 0xF81F, 0xF81F, 0xF81F, 0xF81F, 0xF81F, 0xF81F, 0xF81F, 0xF81F, 0xF81F, 0xF81F, 0xF81F, 0xF81F, 0xF81F,
    0xF81F, 0xF81F, 0xF81F, 0xF81F, 0xF81F, 0xF81F, 0xF81F, 0xF81F, 0xF81F, 0xF81F, 0xF81F, 0xF81F, 0xF81F, 0xF81F, 0xF81F, 0xF81F,
    0xF81F, 0xF81F, 0xF81F, 0xF81F, 0xF81F, 0xF81F, 0xF81F, 0xF81F, 0xF81F, 0xF81F, 0xF81F, 0xF81F, 0xF81F, 0xF81F, 0xF81F, 0xF81F,
    0xF81F, 0xF81F, 0xF81F, 0xF81F, 0xF81F, 0xF81F, 0xF81F, 0xF81F, 0xF81F, 0xF81F, 0xF81F, 0xF81F, 0xF81F, 0xF81F, 0xF81F, 0xF81F,
    0xF81F, 0xF81F, 0xF81F, 0xF81F, 0xF81F, 0xF81F, 0xF81F, 0xF81F, 0xF81F, 0xF81F, 0xF81F, 0xF81F, 0xF81F, 0xF81F, 0xF81F, 0xF81F,
    0xF81F, 0xF81F, 0xF81F, 0xF81F, 0xF81F, 0xF81F, 0xF81F, 0xF81F, 0xF81F, 0xF81F, 0xF81F, 0xF81F, 0xF81F, 0xF81F, 0xF81F, 0xF81F,
    0xF81F, 0xF81F, 0xF81F, 0xF81F, 0xF81F, 0xF81F, 0xF81F, 0xF81F, 0xF81F, 0xF81F, 0xF81F, 0xF81F, 0xF81F, 0xF81F, 0xF81F, 0xF81F,
    0xF81F, 0xF81F, 0xF81F, 0xF81F, 0xF81F, 0xF81F, 0xF81F, 0xF81F, 0xF81F, 0xF81F, 0xF81F, 0xF81F, 0xF81F, 0xF81F, 0xF81F, 0xF81F,
    0xF81F, 0xF81F, 0xF81F, 0xF81F, 0xF81F, 0xF81F, 0xF81F, 0xF81F, 0xF81F, 0xF81F, 0xF81F, 0xF81F, 0xF81F, 0xF81F, 0xF81F, 0xF81F,
    0xF81F, 0xF81F, 0xF81F, 0xF81F, 0xF81F, 0xF81F, 0xF81F, 0xF81F, 0xF81F, 0xF81F, 0xF81F, 0xF81F, 0xF81F, 0xF81F, 0xF81F, 0xF81F,
    0xF81F, 0xF81F, 0xF81F, 0xF81F, 0xF81F, 0xF81F, 0xF81F, 0xF81F, 0xF81F, 0xF81F, 0xF81F, 0xF81F, 0xF81F, 0xF81F, 0xF81F, 0xF81F,
    0xF81F, 0xF81F, 0xF81F, 0xF81F, 0xF81F, 0xF81F, 0xF81F, 0xF81F, 0xF81F, 0xF81F, 0xF81F, 0xF81F, 0xF81F, 0xF81F, 0xF81F, 0xF81F,
    0xF81F, 0xF81F, 0xF81F, 0xF81F, 0xF81F, 0xF81F, 0xF81F, 0xF81F, 0xF81F, 0xF81F, 0xF81F, 0xF81F, 0xF81F, 0xF81F, 0xF81F, 0xF81F,
    0xF81F, 0xF81F, 0xF81F, 0xF81F, 0xF81F, 0xF81F, 0xF81F, 0xF81F, 0xF81F, 0xF81F, 0xF81F, 0xF81F, 0xF81F, 0xF81F, 0xF81F, 0xF81F,
    0xF81F, 0xF81F, 0xF81F, 0xF81F, 0xF81F, 0xF81F, 0xF81F, 0xF81F, 0xF81F, 0xF81F, 0xF81F, 0xF81F, 0xF81F, 0xF81F, 0xF81F, 0xF81F,
    0xF81F, 0xF81F, 0xF81F, 0xF81F, 0xF81F, 0xF81F, 0xF81F, 0xF81F, 0xF81F, 0xF81F, 0xF81F, 0xF81F, 0xF81F, 0xF81F, 0xF81F, 0xF81F,
    0xF81F, 0xF81F, 0xF81F, 0xF81F, 0xF81F, 0xF81F, 0xF81F, 0xF81F, 0xF81F, 0xF81F, 0xF81F, 0xF81F, 0xF81F, 0xF81F, 0xF81F, 0xF81F,
    0xF81F, 0xF81F, 0xF81F, 0xF81F, 0xF81F, 0xF81F, 0xF81F, 0xF81F, 0xF81F, 0xF81F, 0xF81F, 0xF81F, 0xF81F, 0xF81F, 0xF81F, 0xF81F,
    0xF81F, 0xF81F, 0xF81F, 0xF81F, 0xF81F, 0xF81F, 0xF81F, 0xF81F, 0xF81F, 0xF81F, 0xF81F, 0xF81F, 0xF81F, 0xF81F, 0xF81F, 0xF81F,
    0xF81F, 0xF81F, 0xF81F, 0xF81F, 0xF81F, 0xF81F, 0xF81F, 0xF81F, 0xF81F, 0xF81F, 0xF81F, 0xF81F, 0xF81F, 0x9CD3, 0x9CD3, 0x9CD3,
    0x9CD3, 0x9CD3, 0x9CD3, 0x9CD3, 0x9CD3, 0x9CD3, 0x9CD3, 0xF81F, 0xF81F, 0xF81F, 0xF81F, 0xF81F, 0xF81F, 0xF81F, 0xF81F, 0xF81F,
    0xF81F, 0xF81F, 0xF81F, 0xF81F, 0xF81F, 0xF81F, 0xF81F, 0xF81F, 0xF81F, 0xF81F, 0xF81F, 0xF81F, 0xF81F, 0xF81F, 0xF81F, 0xF81F,
    0xF81F, 0xF81F, 0xF81F, 0xF81F, 0xF81F, 0xF81F, 0xF81F, 0xF81F, 0xF81F, 0xF81F, 0xF81F, 0xF81F, 0xF81F, 0xF81F, 0xF81F, 0xF81F,
    0xF81F, 0xF81F, 0xF81F, 0xF81F, 0xF81F, 0xF81F, 0xF81F, 0xF81F, 0xF81F, 0x9CD3, 0x9CD3, 0xCE79, 0xCE79, 0xCE79, 0xCE79, 0xCE79,
    0xCE79, 0xCE79, 0xCE79, 0xCE79, 0xCE79, 0xCE79, 0xCE79, 0xCE79, 0xCE79, 0x9CD3, 0xF81F, 0xF81F, 0xF81F, 0xF81F, 0xF81F, 0xF81F,
    0xF81F, 0xF81F, 0xF81F, 0xF81F, 0xF81F, 0xF81F, 0xF81F, 0xF81F, 0xF81F, 0xF81F, 0xF81F, 0xF81F, 0xF81F, 0xF81F, 0xF81F, 0xF81F,
    0xF81F, 0xF81F, 0xF81F, 0xF81F, 0xF81F, 0xF81F, 0xF81F, 0xF81F, 0xF81F, 0xF81F, 0xF81F, 0xF81F, 0xF81F, 0xF81F, 0xF81F, 0xF81F,
    0xF81F, 0xF81F, 0xF81F, 0xF81F, 0xF81F, 0xF81F, 0x9CD3, 0x9CD3, 0xCE79, 0xCE79, 0xCE79, 0xCE79, 0xCE79, 0xCE79, 0x3180, 0x3180,
    0x3180, 0x3180, 0x3180, 0x3180, 0x3180, 0x3180, 0x3180, 0xCE79, 0xCE79, 0xCE79, 0xCE79, 0x9CD3, 0xF81F, 0xF81F, 0xF81F, 0xF81F,
    0xF81F, 0xF81F, 0xF81F, 0xF81F, 0xF81F, 0xF81F, 0xF81F, 0xF81F, 0xF81F, 0xF81F, 0xF81F, 0xF81F, 0xF81F, 0xF81F, 0xF81F, 0xF81F,
    0xF81F, 0xF81F, 0xF81F, 0xF81F, 0xF81F, 0xF81F, 0xF81F, 0xF81F, 0xF81F, 0xF81F, 0xF81F, 0xF81F, 0xF81F, 0xF81F, 0xF81F, 0xF81F,
    0xF81F, 0xF81F, 0xF81F, 0x9CD3, 0x9CD3, 0xCE79, 0xCE79, 0xCE79, 0xCE79, 0xCE79, 0x3180, 0x3180, 0x3180, 0x3180, 0x3180, 0x3180,
    0x6180, 0x6180, 0x6180, 0x6180, 0x6180, 0x6180, 0x3180, 0x1082, 0x1082, 0xCE79, 0xCE79, 0xCE79, 0xCE79, 0x9CD3, 0x6326, 0x6326,
    0x6326, 0xF81F, 0xF81F, 0xF81F, 0xF81F, 0xF81F, 0xF81F, 0xF81F, 0xF81F, 0xF81F, 0xF81F, 0xF81F, 0xF81F, 0xF81F, 0xF81F, 0xF81F,
    0xF81F, 0xF81F, 0xF81F, 0xF81F, 0xF81F, 0xF81F, 0xF81F, 0xF81F, 0xF81F, 0xF81F, 0xF81F, 0xF81F, 0xF81F, 0xF81F, 0xF81F, 0xF81F,
    0xF81F, 0x9CD3, 0xCE79, 0xCE79, 0xCE79, 0xCE79, 0xCE79, 0x3180, 0x3180, 0x3180, 0x3180, 0x3180, 0x6180, 0x6180, 0x6180, 0x6180,
    0xC980, 0xC980, 0xC980, 0xEF7D, 0xEF7D, 0xEF7D, 0xEF7D, 0xEF7D, 0xCE79, 0xCE79, 0xCE79, 0xCE79, 0xCE79, 0xCE79, 0x9CD3, 0x3180,
    0x3180, 0x6326, 0x6326, 0xF81F, 0xF81F, 0xF81F, 0xF81F, 0xF81F, 0xF81F, 0xF81F, 0xF81F, 0xF81F, 0xF81F, 0xF81F, 0xF81F, 0xF81F,
    0xF81F, 0xF81F, 0xF81F, 0xF81F, 0xF81F, 0xF81F, 0xF81F, 0xF81F, 0xF81F, 0xF81F, 0xF81F, 0xF81F, 0xF81F, 0xF81F, 0xF81F, 0x9CD3,
    0xCE79, 0xCE79, 0xCE79, 0xCE79, 0x1082, 0x3180, 0x3180, 0x3180, 0x6180, 0x6180, 0x6180, 0x6180, 0xC980, 0xC980, 0xEF7D, 0xEF7D,
    0xEF7D, 0xEF7D, 0xCE79, 0xCE79, 0xCE79, 0xCE79, 0xCE79, 0xCE79, 0x0000, 0x0000, 0x0000, 0xCE79, 0xCE79, 0xCE79, 0xCE79, 0xCE79,
    0x9CD3, 0x3180, 0x3180, 0x6326, 0xF81F, 0xF81F, 0xF81F, 0xF81F, 0xF81F, 0xF81F, 0xF81F, 0xF81F, 0xF81F, 0xF81F, 0xF81F, 0xF81F,
    0xF81F, 0xF81F, 0xF81F, 0xF81F, 0xF81F, 0xF81F, 0xF81F, 0xF81F, 0xF81F, 0xF81F, 0xF81F, 0xF81F, 0xF81F, 0x9CD3, 0xCE79, 0xCE79,
    0xCE79, 0xCE79, 0x1082, 0x3180, 0x3180, 0x3180, 0x6180, 0x6180, 0x6180, 0xC980, 0xC980, 0xEF7D, 0xEF7D, 0xCE79, 0xCE79, 0xCE79,
    0xCE79, 0xCE79, 0xCE79, 0x0000, 0x0000, 0x1082, 0x1082, 0x1082, 0x1082, 0x1082, 0x1082, 0x0000, 0x0000, 0x0000, 0xCE79, 0xCE79,
    0xCE79, 0xCE79, 0x9CD3, 0x1082, 0x3180, 0x6326, 0xF81F, 0xF81F, 0xF81F, 0xF81F, 0xF81F, 0xF81F, 0xF81F, 0xF81F, 0xF81F, 0xF81F,
    0xF81F, 0xF81F, 0xF81F, 0xF81F, 0xF81F, 0xF81F, 0xF81F, 0xF81F, 0xF81F, 0xF81F, 0xF81F, 0x9CD3, 0xCE79, 0xCE79, 0xCE79, 0xCE79,
    0x1082, 0x3180, 0x3180, 0x3180, 0x6180, 0x6180, 0xC980, 0xC980, 0xEF7D, 0xEF7D, 0xCE79, 0xCE79, 0xCE79, 0xCE79, 0x0000, 0x0000,
    0x0000, 0x0000, 0x1082, 0x1082, 0x1082, 0x1082, 0x1082, 0x1082, 0x1082, 0x1082, 0x1082, 0x1082, 0x1082, 0x0000, 0x0000, 0xCE79,
    0xCE79, 0xFFFF, 0xCE79, 0x9CD3, 0x1082, 0x3180, 0x6326, 0xF81F, 0xF81F, 0xF81F, 0xF81F, 0xF81F, 0xF81F, 0xF81F, 0xF81F, 0xF81F,
    0xF81F, 0xF81F, 0xF81F, 0xF81F, 0xF81F, 0xF81F, 0xF81F, 0xF81F, 0xF81F, 0x9CD3, 0xCE79, 0xCE79, 0xCE79, 0xCE79, 0x1082, 0x3180,
    0x3180, 0x3180, 0x6180, 0x6180, 0xC980, 0xEF7D, 0xEF7D, 0xCE79, 0xCE79, 0xCE79, 0xCE79, 0x0000, 0x0000, 0x0000, 0x1082, 0x1082,
    0x1082, 0x1082, 0x1082, 0x1082, 0x1082, 0x6180, 0x6180, 0x6180, 0x6180, 0x6180, 0x6180, 0xEF7D, 0xEF7D, 0xEF7D, 0xFFFF, 0xFFFF,
    0xFFFF, 0xFFFF, 0xFFFF, 0xFFFF, 0x9CD3, 0x1082, 0x3180, 0x6326, 0xF81F, 0xF81F, 0xF81F, 0xF81F, 0xF81F, 0xF81F, 0xF81F, 0xF81F,
    0xF81F, 0xF81F, 0xF81F, 0xF81F, 0xF81F, 0xF81F, 0xF81F, 0xF81F, 0x9CD3, 0xCE79, 0xCE79, 0xCE79, 0x1082, 0x1082, 0x3180, 0x3180,
    0x3180, 0x6180, 0x6180, 0xC980, 0xEF7D, 0xCE79, 0xCE79, 0xCE79, 0x0000, 0x0000, 0x0000, 0x1082, 0x0000, 0x1082, 0x1082, 0x1082,
    0x1082, 0x6180, 0x6180, 0x6180, 0xC980, 0xC980, 0xEF7D, 0xEF7D, 0xEF7D, 0xEF7D, 0xFFFF, 0xFFFF, 0xFFFF, 0xFFFF, 0xFFFF, 0xFFFF,
    0xFFFF, 0xFFFF, 0xFFFF, 0xFFFF, 0xFFFF, 0x9CD3, 0x1082, 0x3180, 0x6326, 0xF81F, 0xF81F, 0xF81F, 0xF81F, 0xF81F, 0xF81F, 0xF81F,
    0xF81F, 0xF81F, 0xF81F, 0xF81F, 0xF81F, 0xF81F, 0x9CD3, 0xEF7D, 0xCE79, 0xCE79, 0x1082, 0x1082, 0x3180, 0x3180, 0x3180, 0x6180,
    0x6180, 0xC980, 0xEF7D, 0xEF7D, 0xCE79, 0xCE79, 0x0000, 0x0000, 0x0000, 0x1082, 0x1082, 0x1082, 0x1082, 0x6180, 0x6180, 0x6180,
    0x6180, 0xC980, 0xEF7D, 0xEF7D, 0xEF7D, 0xEF7D, 0xFFFF, 0xFFFF, 0xFFFF, 0xFFFF, 0xFFFF, 0xEF7D, 0xEF7D, 0xEF7D, 0xEF7D, 0xCE79,
    0xCE79, 0xCE79, 0xCE79, 0xEF7D, 0xEF7D, 0xEF7D, 0x1082, 0x1082, 0x6326, 0xF81F, 0xF81F, 0xF81F, 0xF81F, 0xF81F, 0xF81F, 0xF81F,
    0xF81F, 0xF81F, 0xF81F, 0xF81F, 0xF81F, 0x9CD3, 0xEF7D, 0xCE79, 0xCE79, 0x1082, 0x1082, 0x3180, 0x3180, 0x6180, 0x6180, 0xC980,
    0xEF7D, 0xEF7D, 0xCE79, 0xCE79, 0x0000, 0x0000, 0x0000, 0x1082, 0x1082, 0x1082, 0x1082, 0x6180, 0x6180, 0xC980, 0xEF7D, 0xEF7D,
    0xEF7D, 0xEF7D, 0xFFFF, 0xFFFF, 0xFFFF, 0xFFFF, 0xEF7D, 0xEF7D, 0xEF7D, 0xEF7D, 0xEF7D, 0xEF7D, 0x9CD3, 0x9CD3, 0x9CD3, 0x9CD3,
    0x8430, 0x8430, 0x8430, 0x8430, 0x8430, 0x8430, 0x9CD3, 0x1082, 0x3180, 0x6326, 0xF81F, 0xF81F, 0xF81F, 0xF81F, 0xF81F, 0xF81F,
    0xF81F, 0xF81F, 0xF81F, 0xF81F, 0x9CD3, 0xCE79, 0xCE79, 0xCE79, 0x1082, 0x1082, 0x3180, 0x3180, 0x6180, 0x6180, 0xC980, 0xEF7D,
    0xCE79, 0xCE79, 0xCE79, 0x0000, 0x0000, 0x1082, 0x1082, 0x1082, 0x6180, 0x6180, 0x6180, 0xC980, 0xEF7D, 0xEF7D, 0xFFFF, 0xFFFF,
    0xFFFF, 0xFFFF, 0xFFFF, 0xEF7D, 0xEF7D, 0xEF7D, 0xCE79, 0xCE79, 0x9CD3, 0x9CD3, 0x8430, 0x8430, 0x8430, 0x8430, 0x632C, 0x632C,
    0x52AA, 0x52AA, 0x52AA, 0x52AA, 0x52AA, 0x8430, 0x9CD3, 0x9CD3, 0x1082, 0x3180, 0xF81F, 0xF81F, 0xF81F, 0xF81F, 0xF81F, 0xF81F,
    0xF81F, 0xF81F, 0xF81F, 0x9CD3, 0xCE79, 0xEF7D, 0xCE79, 0x1082, 0x1082, 0x3180, 0x6326, 0x6180, 0xC980, 0xEF7D, 0xEF7D, 0xCE79,
    0xCE79, 0x0000, 0x0000, 0x1082, 0x1082, 0x1082, 0x6180, 0x6180, 0x6180, 0xC980, 0xEF7D, 0xEF7D, 0xEF7D, 0xFFFF, 0xFFFF, 0xEF7D,
    0xEF7D, 0xEF7D, 0xEF7D, 0xEF7D, 0xCE79, 0x9CD3, 0x9CD3, 0x9CD3, 0x8430, 0x8430, 0x8430, 0x632C, 0x632C, 0x632C, 0x632C, 0x632C,
    0x632C, 0x632C, 0x632C, 0x632C, 0x632C, 0x52AA, 0x8430, 0x9CD3, 0x1082, 0x1082, 0xF81F, 0xF81F, 0xF81F, 0xF81F, 0xF81F, 0xF81F,
    0xF81F, 0xF81F, 0xF81F, 0xCE79, 0xEF7D, 0xEF7D, 0xCE79, 0x1082, 0x3180, 0x3180, 0x6180, 0xC980, 0xEF7D, 0xCE79, 0xCE79, 0xCE79,
    0x0000, 0x0000, 0x1082, 0x1082, 0x6180, 0x6180, 0x6180, 0xC980, 0xEF7D, 0xEF7D, 0xEF7D, 0xEF7D, 0xEF7D, 0xEF7D, 0xEF7D, 0xCE79,
    0xCE79, 0xCE79, 0x9CD3, 0x9CD3, 0x9CD3, 0x8430, 0x8430, 0x8430, 0x8430, 0x8430, 0x632C, 0x632C, 0x8430, 0x8430, 0x8430, 0x8430,
    0x8430, 0x8430, 0x8430, 0x8430, 0x632C, 0x632C, 0x52AA, 0x8430, 0x9CD3, 0x1082, 0xF81F, 0xF81F, 0xF81F, 0xF81F, 0xF81F, 0xF81F,
    0xF81F, 0xF81F, 0x9CD3, 0xEF7D, 0xEF7D, 0xEF7D, 0xCE79, 0xCE79, 0x6326, 0x6326, 0xFFFF, 0xFFFF, 0xCE79, 0xCE79, 0x0000, 0x0000,
    0x1082, 0x1082, 0x1082, 0x6180, 0x6180, 0xC980, 0xEF7D, 0xEF7D, 0xEF7D, 0xEF7D, 0xEF7D, 0xEF7D, 0xEF7D, 0xCE79, 0xCE79, 0x9CD3,
    0x9CD3, 0x9CD3, 0x8430, 0x8430, 0x8430, 0x8430, 0x8430, 0x8430, 0x8430, 0x8430, 0x8430, 0x8430, 0x8430, 0x8430, 0x8430, 0x8430,
    0x8430, 0x8430, 0x8430, 0x8430, 0x8430, 0xEF7D, 0x632C, 0x8430, 0x9CD3, 0x1082, 0xF81F, 0xF81F, 0xF81F, 0xF81F, 0xF81F, 0xF81F,
    0xF81F, 0xF81F, 0xBDD7, 0xBDD7, 0xEF7D, 0xEF7D, 0xFFFF, 0xCE79, 0xCE79, 0xCE79, 0xFFFF, 0xCE79, 0xCE79, 0x0000, 0x0000, 0x1082,
    0x1082, 0x1082, 0x6180, 0x6180, 0xC980, 0xEF7D, 0xEF7D, 0xEF7D, 0xEF7D, 0xEF7D, 0xEF7D, 0xCE79, 0xCE79, 0x9CD3, 0x9CD3, 0x8430,
    0x8430, 0x9CD3, 0x8430, 0x9CD3, 0x8430, 0x9CD3, 0x8430, 0x8430, 0x8430, 0x8430, 0x8430, 0x8430, 0x8430, 0x8430, 0x8430, 0x632C,
    0x8430, 0x632C, 0x8430, 0x8430, 0x8430, 0xCE79, 0xCE79, 0x8430, 0x632C, 0x1082, 0xF81F, 0xF81F, 0xF81F, 0xF81F, 0xF81F, 0xF81F,
    0xF81F, 0x52AA, 0xBDD7, 0xBDD7, 0xBDD7, 0xEF7D, 0xEF7D, 0xFFFF, 0xCE79, 0xCE79, 0xCE79, 0xCE79, 0x0000, 0x0000, 0x0000, 0x1082,
    0x1082, 0x6180, 0xC980, 0xFFFF, 0xFFFF, 0xFFFF, 0xEF7D, 0xEF7D, 0xEF7D, 0xCE79, 0xCE79, 0x9CD3, 0x8430, 0x8430, 0x8430, 0x8430,
    0x9CD3, 0x8430, 0x9CD3, 0x8430, 0x9CD3, 0x8430, 0x8430, 0x8430, 0x8430, 0x8430, 0x8430, 0x8430, 0x632C, 0x8430, 0x632C, 0x8430,
    0x632C, 0x8430, 0x632C, 0x8430, 0x8430, 0xCE79, 0xCE79, 0xCE79, 0x632C, 0x1082, 0xF81F, 0xF81F, 0xF81F, 0xF81F, 0xF81F, 0xF81F,
    0xF81F, 0x52AA, 0x9CD3, 0xBDD7, 0xBDD7, 0xBDD7, 0xBDD7, 0xFFFF, 0xFFFF, 0xCE79, 0xCE79, 0xCE79, 0xCE79, 0x0000, 0x0000, 0x1082,
    0x6180, 0xC980, 0xFFFF, 0xFFFF, 0xEF7D, 0xEF7D, 0xEF7D, 0xCE79, 0xCE79, 0xCE79, 0x8430, 0x632C, 0x8430, 0x8430, 0x8430, 0x9CD3,
    0x8430, 0x9CD3, 0x8430, 0x9CD3, 0x8430, 0x9CD3, 0x8430, 0x8430, 0x8430, 0x8430, 0x8430, 0x632C, 0x8430, 0x632C, 0x8430, 0x632C,
    0x8430, 0x632C, 0x8430, 0x632C, 0x8430, 0xCE79, 0xEF7D, 0xCE79, 0x632C, 0x1082, 0xF81F, 0xF81F, 0xF81F, 0xF81F, 0xF81F, 0xF81F,
    0xF81F, 0x52AA, 0x9CD3, 0x9CD3, 0xBDD7, 0xBDD7, 0xBDD7, 0xBDD7, 0xCE79, 0xCE79, 0xCE79, 0xCE79, 0xCE79, 0xCE79, 0xEF7D, 0x1082,
    0x6326, 0xEF7D, 0xFFFF, 0xEF7D, 0xEF7D, 0xEF7D, 0xCE79, 0xCE79, 0xCE79, 0x8430, 0x632C, 0x8430, 0x8430, 0x8430, 0x9CD3, 0x8430,
    0x9CD3, 0x8430, 0x9CD3, 0x8430, 0x9CD3, 0x8430, 0x9CD3, 0x8430, 0x8430, 0x8430, 0x8430, 0x8430, 0x632C, 0x8430, 0x632C, 0x8430,
    0x632C, 0x8430, 0x632C, 0x8430, 0x8430, 0xEF7D, 0xEF7D, 0xCE79, 0x1082, 0x1082, 0xF81F, 0xF81F, 0xF81F, 0xF81F, 0xF81F, 0xF81F,
    0xF81F, 0x52AA, 0x1082, 0x1082, 0x9CD3, 0x9CD3, 0xBDD7, 0xBDD7, 0xBDD7, 0xBDD7, 0xCE79, 0xEF7D, 0xCE79, 0xCE79, 0xCE79, 0xEF7D,
    0xFFFF, 0xFFFF, 0xEF7D, 0xEF7D, 0xEF7D, 0xCE79, 0xCE79, 0x8430, 0x632C, 0x9CD3, 0x8430, 0x8430, 0x8430, 0x9CD3, 0x8430, 0x9CD3,
    0x8430, 0x9CD3, 0x8430, 0x9CD3, 0x8430, 0x9CD3, 0x8430, 0x8430, 0x8430, 0x8430, 0x8430, 0x632C, 0x8430, 0x632C, 0x8430, 0x632C,
    0x8430, 0x632C, 0x8430, 0x632C, 0x8430, 0xCE79, 0xEF7D, 0xCE79, 0x1082, 0x1082, 0xF81F, 0xF81F, 0xF81F, 0xF81F, 0xF81F, 0xF81F,
    0xF81F, 0x1082, 0x3180, 0x3180, 0x1082, 0x9CD3, 0x9CD3, 0x9CD3, 0xBDD7, 0xBDD7, 0xBDD7, 0xCE79, 0xEF7D, 0xFFFF, 0xFFFF, 0xFFFF,
    0xFFFF, 0xFFFF, 0xFFFF, 0xEF7D, 0xCE79, 0xCE79, 0x52AA, 0x632C, 0x8430, 0x8430, 0x8430, 0x8430, 0x9CD3, 0x8430, 0x9CD3, 0x8430,
    0x9CD3, 0x8430, 0x9CD3, 0x8430, 0x9CD3, 0x8430, 0x9CD3, 0x8430, 0x8430, 0x8430, 0x8430, 0x8430, 0x632C, 0x8430, 0x632C, 0x8430,
    0x632C, 0x8430, 0x632C, 0x8430, 0x8430, 0x9CD3, 0xCE79, 0x632C, 0x1082, 0x1082, 0xF81F, 0xF81F, 0xF81F, 0xF81F, 0xF81F, 0xF81F,
    0xF81F, 0x3180, 0x3180, 0x3180, 0x3180, 0x1082, 0x1082, 0x9CD3, 0x9CD3, 0x9CD3, 0xBDD7, 0xBDD7, 0xCE79, 0xFFFF, 0xFFFF, 0xFFFF,
    0xFFFF, 0xFFFF, 0xEF7D, 0xCE79, 0x3180, 0x632C, 0x632C, 0x8430, 0x8430, 0x9CD3, 0x8430, 0x9CD3, 0x8430, 0x9CD3, 0x8430, 0x9CD3,
    0x8430, 0x9CD3, 0x8430, 0x9CD3, 0x8430, 0x9CD3, 0x8430, 0x8430, 0x8430, 0x8430, 0x8430, 0x632C, 0x8430, 0x632C, 0x8430, 0x632C,
    0x8430, 0x632C, 0x8430, 0x632C, 0x8430, 0xCE79, 0x9CD3, 0x1082, 0x1082, 0x3180, 0xF81F, 0xF81F, 0xF81F, 0xF81F, 0xF81F, 0xF81F,
    0xF81F, 0x3180, 0x3180, 0x3180, 0x3180, 0x3180, 0x3180, 0x1082, 0x1082, 0x9CD3, 0x9CD3, 0xBDD7, 0xBDD7, 0xCE79, 0xEF7D, 0xFFFF,
    0xEF7D, 0xCE79, 0xCE79, 0x3180, 0x632C, 0x8430, 0x8430, 0x8430, 0x9CD3, 0x8430, 0x9CD3, 0x8430, 0x9CD3, 0x8430, 0x9CD3, 0x8430,
    0x9CD3, 0x8430, 0x9CD3, 0x8430, 0x9CD3, 0x8430, 0x9CD3, 0x8430, 0x8430, 0x8430, 0x632C, 0x8430, 0x632C, 0x8430, 0x632C, 0x8430,
    0x632C, 0x8430, 0x9CD3, 0x8430, 0x8430, 0x9CD3, 0x632C, 0x1082, 0x1082, 0x3180, 0xF81F, 0xF81F, 0xF81F, 0xF81F, 0xF81F, 0xF81F,
    0xF81F, 0x3180, 0x3180, 0x3180, 0x3180, 0x3180, 0x3180, 0x3180, 0x3180, 0x1082, 0x1082, 0x9CD3, 0x9CD3, 0xBDD7, 0xBDD7, 0xEF7D,
    0xCE79, 0xCE79, 0x3180, 0x632C, 0x8430, 0x8430, 0x9CD3, 0x9CD3, 0x8430, 0x9CD3, 0x8430, 0x9CD3, 0x8430, 0x9CD3, 0x8430, 0x9CD3,
    0x8430, 0x9CD3, 0x8430, 0x9CD3, 0x8430, 0x9CD3, 0x8430, 0x9CD3, 0x9CD3, 0x632C, 0x8430, 0x632C, 0x8430, 0x632C, 0x8430, 0x9CD3,
    0x9CD3, 0x9CD3, 0x8430, 0x9CD3, 0x8430, 0x9CD3, 0x9CD3, 0x1082, 0x3180, 0x3180, 0xF81F, 0xF81F, 0xF81F, 0xF81F, 0xF81F, 0xF81F,
    0xF81F, 0x3180, 0x3180, 0x3180, 0x8430, 0x8430, 0x3180, 0x3180, 0x3180, 0x3180, 0x3180, 0x1082, 0x9CD3, 0x9CD3, 0xBDD7, 0xBDD7,
    0xCE79, 0x3180, 0x632C, 0x8430, 0x8430, 0x9CD3, 0x9CD3, 0x9CD3, 0x9CD3, 0x8430, 0x9CD3, 0x8430, 0x9CD3, 0x8430, 0x9CD3, 0x8430,
    0x9CD3, 0x8430, 0x9CD3, 0x8430, 0x9CD3, 0x8430, 0x9CD3, 0xBDD7, 0x9CD3, 0x9CD3, 0x9CD3, 0x9CD3, 0x9CD3, 0x9CD3, 0x9CD3, 0x9CD3,
    0x9CD3, 0x9CD3, 0x9CD3, 0x8430, 0x8430, 0x8430, 0x632C, 0x1082, 0x3180, 0x3180, 0xF81F, 0xF81F, 0xF81F, 0xF81F, 0xF81F, 0xF81F,
    0xF81F, 0x3180, 0x3180, 0x8430, 0x6326, 0x6326, 0x8430, 0x3180, 0x3180, 0x3180, 0x3180, 0x3180, 0x1082, 0x9CD3, 0x9CD3, 0xBDD7,
    0x3180, 0x632C, 0x8430, 0x8430, 0x9CD3, 0x9CD3, 0x9CD3, 0x9CD3, 0x8430, 0x9CD3, 0x8430, 0x9CD3, 0x8430, 0x9CD3, 0x8430, 0x9CD3,
    0x8430, 0x9CD3, 0x8430, 0x8430, 0x9CD3, 0x9CD3, 0xBDD7, 0x9CD3, 0x9CD3, 0x9CD3, 0x9CD3, 0x9CD3, 0x9CD3, 0x9CD3, 0x9CD3, 0x9CD3,
    0x9CD3, 0x9CD3, 0x9CD3, 0x9CD3, 0x9CD3, 0x8430, 0x0000, 0x1082, 0x3180, 0x3180, 0xF81F, 0xF81F, 0xF81F, 0xF81F, 0xF81F, 0xF81F,
    0xF81F, 0x3180, 0x3180, 0x0000, 0x0000, 0x0000, 0x6326, 0x8430, 0x8430, 0x3180, 0x3180, 0x3180, 0x3180, 0x1082, 0x9CD3, 0x3180,
    0x52AA, 0x8430, 0x8430, 0x9CD3, 0x9CD3, 0x9CD3, 0x9CD3, 0x9CD3, 0x9CD3, 0x9CD3, 0x9CD3, 0x8430, 0x9CD3, 0x8430, 0x9CD3, 0x8430,
    0x9CD3, 0x8430, 0x9CD3, 0xBDD7, 0x9CD3, 0xBDD7, 0x9CD3, 0xBDD7, 0x9CD3, 0x9CD3, 0x9CD3, 0x9CD3, 0x9CD3, 0x9CD3, 0x9CD3, 0x9CD3,
    0x9CD3, 0x9CD3, 0x9CD3, 0x9CD3, 0x8430, 0x632C, 0x1082, 0x3180, 0x3180, 0x3180, 0xF81F, 0xF81F, 0xF81F, 0xF81F, 0xF81F, 0xF81F,
    0xF81F, 0x3180, 0x3180, 0x0000, 0x0000, 0x0000, 0x0000, 0x6326, 0x6326, 0x8430, 0x8430, 0x3180, 0x3180, 0x3180, 0x52AA, 0x52AA,
    0x632C, 0x8430, 0x9CD3, 0x9CD3, 0x9CD3, 0x9CD3, 0x9CD3, 0x9CD3, 0x9CD3, 0x9CD3, 0x8430, 0x9CD3, 0x8430, 0x9CD3, 0x8430, 0x9CD3,
    0x8430, 0x9CD3, 0xBDD7, 0x9CD3, 0xBDD7, 0x9CD3, 0xBDD7, 0x9CD3, 0xBDD7, 0x9CD3, 0x9CD3, 0x9CD3, 0x9CD3, 0x9CD3, 0x9CD3, 0x9CD3,
    0x9CD3, 0x9CD3, 0x9CD3, 0x9CD3, 0x9CD3, 0x0000, 0x3180, 0x3180, 0x3180, 0x3180, 0xF81F, 0xF81F, 0xF81F, 0xF81F, 0xF81F, 0xF81F,
    0xF81F, 0x3180, 0x3180, 0x0000, 0x0000, 0x0000, 0x0000, 0x0000, 0x0000, 0x6326, 0x8430, 0x3180, 0x3180, 0x3180, 0x3180, 0x632C,
    0x8430, 0x8430, 0x9CD3, 0x9CD3, 0x9CD3, 0x9CD3, 0x9CD3, 0x9CD3, 0x9CD3, 0x9CD3, 0x9CD3, 0x8430, 0x9CD3, 0x8430, 0x9CD3, 0x8430,
    0x9CD3, 0xBDD7, 0x9CD3, 0xBDD7, 0x9CD3, 0xBDD7, 0x9CD3, 0xBDD7, 0x9CD3, 0x9CD3, 0x9CD3, 0x9CD3, 0x9CD3, 0x9CD3, 0x9CD3, 0x9CD3,
    0x9CD3, 0x9CD3, 0x9CD3, 0x9CD3, 0x9CD3, 0x0000, 0x3180, 0x3180, 0x3180, 0x3180, 0xF81F, 0xF81F, 0xF81F, 0xF81F, 0xF81F, 0xF81F,
    0xF81F, 0x3180, 0x3180, 0x3180, 0x0000, 0x0000, 0x0000, 0x0000, 0x0000, 0x0000, 0x8430, 0x3180, 0x3180, 0x3180, 0x52AA, 0x632C,
    0x8430, 0x8430, 0x9CD3, 0x9CD3, 0x9CD3, 0x9CD3, 0x9CD3, 0x9CD3, 0x9CD3, 0x9CD3, 0x8430, 0x9CD3, 0x8430, 0x9CD3, 0x8430, 0x9CD3,
    0xBDD7, 0x9CD3, 0xBDD7, 0x9CD3, 0xBDD7, 0x9CD3, 0xBDD7, 0x9CD3, 0xBDD7, 0x9CD3, 0x9CD3, 0x8430, 0x8430, 0x8430, 0x8430, 0x9CD3,
    0x9CD3, 0x9CD3, 0x9CD3, 0x8430, 0x0000, 0x3180, 0x3180, 0x3180, 0x3180, 0x3180, 0xF81F, 0xF81F, 0xF81F, 0xF81F, 0xF81F, 0xF81F,
    0xF81F, 0x3180, 0x3180, 0x3180, 0x3180, 0x0000, 0x0000, 0x0000, 0x0000, 0x0000, 0x3180, 0x3180, 0x3180, 0x3180, 0x52AA, 0x632C,
    0x8430, 0x8430, 0x9CD3, 0x9CD3, 0x9CD3, 0x9CD3, 0x9CD3, 0x9CD3, 0x9CD3, 0x9CD3, 0x9CD3, 0x8430, 0x9CD3, 0x8430, 0x9CD3, 0xBDD7,
    0xBDD7, 0xBDD7, 0xBDD7, 0xBDD7, 0x9CD3, 0xBDD7, 0x9CD3, 0xBDD7, 0x8430, 0x8430, 0x8430, 0x8430, 0x8430, 0x8430, 0x9CD3, 0x8430,
    0x8430, 0x8430, 0x632C, 0x0000, 0x3180, 0x3180, 0x3180, 0x3180, 0x3180, 0x3180, 0xF81F, 0xF81F, 0xF81F, 0xF81F, 0xF81F, 0xF81F,
    0xF81F, 0x3180, 0x3180, 0x3180, 0x3180, 0x3180, 0x0000, 0x0000, 0x0000, 0x0000, 0x3180, 0x3180, 0x3180, 0x3180, 0x3180, 0x632C,
    0x8430, 0x8430, 0x8430, 0x9CD3, 0x9CD3, 0x9CD3, 0x9CD3, 0x9CD3, 0x9CD3, 0x9CD3, 0x9CD3, 0x9CD3, 0x8430, 0x9CD3, 0x8430, 0xBDD7,
    0xBDD7, 0xBDD7, 0xEF7D, 0x9CD3, 0x8430, 0x8430, 0x8430, 0x8430, 0x8430, 0x8430, 0x8430, 0x9CD3, 0x8430, 0x9CD3, 0x8430, 0x8430,
    0x8430, 0x8430, 0x632C, 0x0000, 0x3180, 0x3180, 0x3180, 0x3180, 0x3180, 0x3180, 0xF81F, 0xF81F, 0xF81F, 0xF81F, 0xF81F, 0xF81F,
    0xF81F, 0x3180, 0x3180, 0x3180, 0x3180, 0x3180, 0x6326, 0x0000, 0x3180, 0x3180, 0x3180, 0x3180, 0x3180, 0x3180, 0x6326, 0x632C,
    0x9CD3, 0x632C, 0x8430, 0x9CD3, 0x9CD3, 0x9CD3, 0x9CD3, 0x9CD3, 0x9CD3, 0x9CD3, 0x9CD3, 0x8430, 0x9CD3, 0x8430, 0x9CD3, 0xEF7D,
    0xEF7D, 0xEF7D, 0xEF7D, 0xEF7D, 0x8430, 0x8430, 0x8430, 0x8430, 0x9CD3, 0x8430, 0x9CD3, 0x8430, 0x9CD3, 0x8430, 0x9CD3, 0x8430,
    0x8430, 0x632C, 0x0000, 0x0000, 0x3180, 0x3180, 0x3180, 0x3180, 0x3180, 0x3180, 0xF81F, 0xF81F, 0xF81F, 0xF81F, 0xF81F, 0xF81F,
    0xF81F, 0x3180, 0x3180, 0x3180, 0x3180, 0x3180, 0x6326, 0x0000, 0x3180, 0x3180, 0x3180, 0x3180, 0x3180, 0x3180, 0x6326, 0x632C,
    0x9CD3, 0x632C, 0x8430, 0x9CD3, 0x9CD3, 0x9CD3, 0x9CD3, 0x9CD3, 0x9CD3, 0x9CD3, 0x9CD3, 0x9CD3, 0x8430, 0x9CD3, 0xEF7D, 0xEF7D,
    0xEF7D, 0xEF7D, 0xEF7D, 0xCE79, 0xCE79, 0x9CD3, 0x8430, 0x8430, 0x8430, 0x8430, 0x8430, 0x9CD3, 0x8430, 0x9CD3, 0x8430, 0x8430,
    0x632C, 0x0000, 0x0000, 0x0000, 0x3180, 0x3180, 0x3180, 0x3180, 0x3180, 0x3180, 0xF81F, 0xF81F, 0xF81F, 0xF81F, 0xF81F, 0xF81F,
    0xF81F, 0x3180, 0x3180, 0x3180, 0x3180, 0x3180, 0x6326, 0x0000, 0x3180, 0x3180, 0x3180, 0x3180, 0x3180, 0x3180, 0x6326, 0x3180,
    0x632C, 0x9CD3, 0x632C, 0x8430, 0x9CD3, 0x9CD3, 0x9CD3, 0x9CD3, 0x9CD3, 0x9CD3, 0x9CD3, 0x9CD3, 0x9CD3, 0x9CD3, 0xEF7D, 0xEF7D,
    0xFFFF, 0xEF7D, 0xEF7D, 0xCE79, 0xCE79, 0x9CD3, 0xCE79, 0x9CD3, 0x8430, 0xCE79, 0x8430, 0x9CD3, 0x8430, 0x9CD3, 0x8430, 0x8430,
    0x8430, 0x8430, 0x0000, 0x3180, 0x3180, 0x3180, 0x3180, 0x3180, 0x3180, 0x3180, 0xF81F, 0xF81F, 0xF81F, 0xF81F, 0xF81F, 0xF81F,
    0xF81F, 0x3180, 0x3180, 0x3180, 0x3180, 0x3180, 0x6326, 0x0000, 0x3180, 0x3180, 0x3180, 0x3180, 0x3180, 0x3180, 0x6326, 0x3180,
    0x632C, 0x9CD3, 0x632C, 0x8430, 0x8430, 0x9CD3, 0x9CD3, 0x9CD3, 0x9CD3, 0x9CD3, 0x9CD3, 0x9CD3, 0x9CD3, 0x8430, 0xEF7D, 0xFFFF,
    0xFFFF, 0xFFFF, 0xCE79, 0xCE79, 0xEF7D, 0xCE79, 0xCE79, 0xEF7D, 0xCE79, 0x9CD3, 0x9CD3, 0xCE79, 0xCE79, 0xCE79, 0x8430, 0x8430,
    0x632C, 0xCE79, 0x3180, 0x3180, 0x3180, 0x3180, 0x3180, 0x3180, 0x3180, 0x3180, 0xF81F, 0xF81F, 0xF81F, 0xF81F, 0xF81F, 0xF81F,
    0xF81F, 0x3180, 0x3180, 0x3180, 0x3180, 0x3180, 0x6326, 0x0000, 0x3180, 0x3180, 0x3180, 0x3180, 0x3180, 0x3180, 0x6326, 0x6326,
    0x3180, 0x632C, 0x9CD3, 0x632C, 0x8430, 0x8430, 0x9CD3, 0x9CD3, 0x9CD3, 0x9CD3, 0x9CD3, 0x9CD3, 0x9CD3, 0x9CD3, 0xEF7D, 0xEF7D,
    0xFFFF, 0xFFFF, 0xCE79, 0xEF7D, 0xEF7D, 0xEF7D, 0xEF7D, 0xEF7D, 0x9CD3, 0x9CD3, 0xCE79, 0xCE79, 0xCE79, 0xCE79, 0x9CD3, 0x8430,
    0xCE79, 0xCE79, 0x9CD3, 0x9CD3, 0x9CD3, 0x3180, 0x3180, 0x3180, 0x3180, 0x3180, 0xF81F, 0xF81F, 0xF81F, 0xF81F, 0xF81F, 0xF81F,
    0xF81F, 0x3180, 0x3180, 0x3180, 0x3180, 0x3180, 0x6326, 0x0000, 0x3180, 0x3180, 0x3180, 0x3180, 0x3180, 0x3180, 0x6326, 0x6326,
    0x3180, 0x632C, 0x632C, 0xBDD7, 0x632C, 0x8430, 0x8430, 0x9CD3, 0x9CD3, 0x9CD3, 0x9CD3, 0x9CD3, 0x9CD3, 0x8430, 0x9CD3, 0xEF7D,
    0xEF7D, 0xFFFF, 0xCE79, 0xFFFF, 0xFFFF, 0xEF7D, 0xCE79, 0xCE79, 0xEF7D, 0xCE79, 0xEF7D, 0xEF7D, 0xCE79, 0x9CD3, 0x9CD3, 0xEF7D,
    0xEF7D, 0xCE79, 0x9CD3, 0x9CD3, 0x9CD3, 0x9CD3, 0x9CD3, 0x9CD3, 0x9CD3, 0xCE79, 0xCE79, 0xF81F, 0x9CD3, 0x9CD3, 0xCE79, 0xF81F,
    0xF81F, 0x3180, 0x3180, 0x3180, 0x3180, 0x3180, 0x6326, 0x0000, 0x3180, 0x3180, 0x3180, 0x3180, 0x3180, 0x3180, 0x6326, 0x6326,
    0x6326, 0x3180, 0x632C, 0xEF7D, 0x9CD3, 0x632C, 0x8430, 0x8430, 0x8430, 0x9CD3, 0x9CD3, 0x9CD3, 0x9CD3, 0x9CD3, 0x8430, 0xEF7D,
    0xFFFF, 0xFFFF, 0xFFFF, 0xFFFF, 0xFFFF, 0xFFFF, 0xCE79, 0xEF7D, 0xEF7D, 0xFFFF, 0xEF7D, 0xFFFF, 0x9CD3, 0xEF7D, 0xEF7D, 0xEF7D,
    0xFFFF, 0xEF7D, 0xCE79, 0x0000, 0x9CD3, 0xCE79, 0xCE79, 0x9CD3, 0xCE79, 0xCE79, 0x9CD3, 0x9CD3, 0xCE79, 0xFFFF, 0x9CD3, 0xCE79,
    0xF81F, 0x1082, 0x3180, 0x3180, 0x3180, 0x3180, 0x6326, 0x0000, 0x3180, 0x3180, 0x3180, 0x3180, 0x3180, 0x3180, 0x6326, 0x6326,
    0x6326, 0x6326, 0x3180, 0x632C, 0xFFFF, 0x9CD3, 0x632C, 0x632C, 0x8430, 0x8430, 0x8430, 0x8430, 0x8430, 0x8430, 0x9CD3, 0x9CD3,
    0xEF7D, 0xFFFF, 0xFFFF, 0xFFFF, 0xFFFF, 0xFFFF, 0xCE79, 0xFFFF, 0xFFFF, 0xFFFF, 0xFFFF, 0xCE79, 0xEF7D, 0xFFFF, 0xFFFF, 0xFFFF,
    0xFFFF, 0xCE79, 0xCE79, 0x9CD3, 0xCE79, 0xCE79, 0x9CD3, 0xCE79, 0xEF7D, 0x9CD3, 0x9CD3, 0xCE79, 0xEF7D, 0x9CD3, 0xCE79, 0xCE79,
    0xF81F, 0x1082, 0x1082, 0x3180, 0x3180, 0x3180, 0x6326, 0x0000, 0x3180, 0x3180, 0x3180, 0x3180, 0x3180, 0x3180, 0x6326, 0x6326,
    0x6326, 0x6326, 0x6326, 0x3180, 0x52AA, 0xBDD7, 0xEF7D, 0xBDD7, 0x632C, 0x632C, 0x632C, 0x632C, 0x632C, 0x632C, 0x632C, 0x9CD3,
    0xEF7D, 0xFFFF, 0xFFFF, 0xFFFF, 0xFFFF, 0xFFFF, 0xFFFF, 0xFFFF, 0xFFFF, 0xFFFF, 0xFFFF, 0xCE79, 0xFFFF, 0xFFFF, 0xFFFF, 0xCE79,
    0xCE79, 0xEF7D, 0x9CD3, 0xEF7D, 0xCE79, 0x9CD3, 0xCE79, 0xFFFF, 0x9CD3, 0x9CD3, 0xCE79, 0xEF7D, 0x9CD3, 0xCE79, 0xCE79, 0xCE79,
    0xF81F, 0x1082, 0x3180, 0x1082, 0x3180, 0x3180, 0x6326, 0x0000, 0x3180, 0x3180, 0x3180, 0x3180, 0x3180, 0x1082, 0x6326, 0x6326,
    0x6326, 0x6326, 0x6326, 0x6326, 0x3180, 0x52AA, 0x52AA, 0x52AA, 0x9CD3, 0x9CD3, 0x9CD3, 0x9CD3, 0x9CD3, 0x9CD3, 0x9CD3, 0x9CD3,
    0x9CD3, 0xEF7D, 0xEF7D, 0xFFFF, 0xFFFF, 0xFFFF, 0xFFFF, 0xFFFF, 0xFFFF, 0xFFFF, 0xFFFF, 0xFFFF, 0xFFFF, 0xFFFF, 0xFFFF, 0xCE79,
    0xEF7D, 0xFFFF, 0xFFFF, 0xCE79, 0x9CD3, 0xEF7D, 0xFFFF, 0x9CD3, 0xCE79, 0xEF7D, 0x9CD3, 0x9CD3, 0xCE79, 0xCE79, 0xEF7D, 0xCE79,
    0xF81F, 0x1082, 0x1082, 0x3180, 0x1082, 0x3180, 0x6326, 0x0000, 0x3180, 0x3180, 0x3180, 0x3180, 0x3180, 0x1082, 0x6326, 0x6326,
    0x6326, 0x6326, 0x6326, 0x6326, 0x6326, 0x3180, 0x3180, 0x3180, 0x52AA, 0x52AA, 0x52AA, 0x52AA, 0x52AA, 0x52AA, 0x52AA, 0x52AA,
    0x52AA, 0x52AA, 0xEF7D, 0xFFFF, 0xFFFF, 0xFFFF, 0xFFFF, 0xFFFF, 0xFFFF, 0xFFFF, 0xFFFF, 0xFFFF, 0xFFFF, 0xFFFF, 0xFFFF, 0xCE79,
    0xFFFF, 0xFFFF, 0xCE79, 0xEF7D, 0xFFFF, 0xFFFF, 0xCE79, 0xCE79, 0xCE79, 0xEF7D, 0x9CD3, 0xCE79, 0xEF7D, 0xFFFF, 0xCE79, 0xCE79,
    0xF81F, 0xF81F, 0x1082, 0x1082, 0x3180, 0x1082, 0x3180, 0x0000, 0x3180, 0x3180, 0x3180, 0x3180, 0x3180, 0x1082, 0x6326, 0x6326,
    0x6326, 0x6326, 0x6326, 0x6326, 0x6326, 0x6326, 0x6326, 0x6326, 0x3180, 0x3180, 0x3180, 0x3180, 0x3180, 0x3180, 0x3180, 0x3180,
    0x3180, 0x3180, 0xEF7D, 0xEF7D, 0xEF7D, 0xFFFF, 0xFFFF, 0xFFFF, 0xFFFF, 0xFFFF, 0xFFFF, 0xFFFF, 0xFFFF, 0xFFFF, 0xFFFF, 0xFFFF,
    0xFFFF, 0xFFFF, 0xEF7D, 0xEF7D, 0xFFFF, 0xCE79, 0xFFFF, 0xCE79, 0xEF7D, 0xCE79, 0xCE79, 0xEF7D, 0xFFFF, 0x9CD3, 0xCE79, 0xF81F,
    0xF81F, 0xF81F, 0x1082, 0x3180, 0x1082, 0x3180, 0x1082, 0x3180, 0x3180, 0x3180, 0x1082, 0x3180, 0x1082, 0x1082, 0x6326, 0x3180,
    0x6326, 0x6326, 0x6326, 0x6326, 0x6326, 0x6326, 0x6326, 0x6326, 0x6326, 0x6326, 0x6326, 0x6326, 0x6326, 0x6326, 0x6326, 0x6326,
    0x6326, 0x6326, 0x6326, 0xEF7D, 0xEF7D, 0xFFFF, 0xEF7D, 0xFFFF, 0xFFFF, 0xFFFF, 0xFFFF, 0xFFFF, 0xFFFF, 0xFFFF, 0xFFFF, 0xFFFF,
    0xFFFF, 0xCE79, 0xEF7D, 0xFFFF, 0xFFFF, 0xEF7D, 0xFFFF, 0xFFFF, 0xCE79, 0xCE79, 0xEF7D, 0xFFFF, 0x9CD3, 0xCE79, 0xEF7D, 0xF81F,
    0xF81F, 0xF81F, 0xF81F, 0x1082, 0x1082, 0x1082, 0x3180, 0x1082, 0x3180, 0x1082, 0x3180, 0x1082, 0x3180, 0x1082, 0x3180, 0x6326,
    0x3180, 0x6326, 0x6326, 0x6326, 0x6326, 0x6326, 0x6326, 0x6326, 0x6326, 0x6326, 0x6326, 0x6326, 0x6326, 0x6326, 0x3180, 0x6326,
    0x3180, 0x6326, 0x3180, 0x6326, 0xEF7D, 0xEF7D, 0xEF7D, 0xFFFF, 0xFFFF, 0xFFFF, 0xFFFF, 0xFFFF, 0xFFFF, 0xFFFF, 0xFFFF, 0xFFFF,
    0xFFFF, 0xFFFF, 0xFFFF, 0xFFFF, 0xCE79, 0xEF7D, 0xFFFF, 0xFFFF, 0xCE79, 0xEF7D, 0xFFFF, 0xCE79, 0xCE79, 0xEF7D, 0xF81F, 0xF81F,
    0xF81F, 0xF81F, 0xF81F, 0xF81F, 0x1082, 0x1082, 0x1082, 0x3180, 0x1082, 0x3180, 0x1082, 0x3180, 0x1082, 0x1082, 0x3180, 0x3180,
    0x6326, 0x3180, 0x6326, 0x6326, 0x6326, 0x6326, 0x6326, 0x6326, 0x6326, 0x3180, 0x6326, 0x3180, 0x6326, 0x3180, 0x6326, 0x3180,
    0x6326, 0x3180, 0x6326, 0x3180, 0x6326, 0x8430, 0xEF7D, 0xFFFF, 0xEF7D, 0xFFFF, 0xFFFF, 0xFFFF, 0xFFFF, 0xFFFF, 0xFFFF, 0xFFFF,
    0xFFFF, 0xFFFF, 0xFFFF, 0xFFFF, 0xCE79, 0xFFFF, 0xFFFF, 0xFFFF, 0xEF7D, 0xFFFF, 0xFFFF, 0xFFFF, 0xEF7D, 0xFFFF, 0xF81F, 0xF81F,
    0xF81F, 0xF81F, 0xF81F, 0xF81F, 0xF81F, 0x1082, 0x1082, 0x1082, 0x3180, 0x1082, 0x3180, 0x1082, 0x1082, 0x1082, 0x3180, 0x3180,
    0x3180, 0x6326, 0x3180, 0x6326, 0x3180, 0x6326, 0x3180, 0x6326, 0x3180, 0x6326, 0x3180, 0x6326, 0x3180, 0x6326, 0x3180, 0x3180,
    0x3180, 0x3180, 0x3180, 0x3180, 0x3180, 0x3180, 0x8430, 0x8430, 0xEF7D, 0xFFFF, 0xFFFF, 0xFFFF, 0xFFFF, 0xFFFF, 0xFFFF, 0xFFFF,
    0xFFFF, 0xFFFF, 0xFFFF, 0xFFFF, 0xFFFF, 0xFFFF, 0xFFFF, 0xFFFF, 0xEF7D, 0xFFFF, 0xFFFF, 0xFFFF, 0xEF7D, 0xF81F, 0xF81F, 0xF81F,
    0xF81F, 0xF81F, 0xF81F, 0xF81F, 0xF81F, 0xF81F, 0xF81F, 0x1082, 0x1082, 0x1082, 0x1082, 0x1082, 0x1082, 0x1082, 0x3180, 0x3180,
    0x3180, 0x3180, 0x6326, 0x3180, 0x6326, 0x3180, 0x6326, 0x3180, 0x6326, 0x3180, 0x6326, 0x3180, 0x3180, 0x3180, 0x3180, 0x3180,
    0x3180, 0x3180, 0xF81F, 0xF81F, 0xF81F, 0xF81F, 0xF81F, 0x6326, 0xEF7D, 0xEF7D, 0xFFFF, 0xFFFF, 0xFFFF, 0xFFFF, 0xFFFF, 0xFFFF,
    0xFFFF, 0xFFFF, 0xFFFF, 0xFFFF, 0xFFFF, 0xFFFF, 0xFFFF, 0xCE79, 0xFFFF, 0xFFFF, 0xFFFF, 0xEF7D, 0xF81F, 0xF81F, 0xF81F, 0xF81F,
    0xF81F, 0xF81F, 0xF81F, 0xF81F, 0xF81F, 0xF81F, 0xF81F, 0xF81F, 0x1082, 0x1082, 0x1082, 0x1082, 0x1082, 0x1082, 0x3180, 0x3180,
    0x3180, 0x3180, 0x3180, 0x6326, 0x3180, 0x6326, 0x3180, 0x3180, 0x3180, 0x3180, 0x3180, 0x3180, 0x3180, 0x3180, 0x3180, 0xF81F,
    0xF81F, 0xF81F, 0xF81F, 0xF81F, 0xF81F, 0xF81F, 0xF81F, 0xF81F, 0x8430, 0xEF7D, 0xEF7D, 0xFFFF, 0xFFFF, 0xFFFF, 0xFFFF, 0xFFFF,
    0xFFFF, 0xFFFF, 0xFFFF, 0xFFFF, 0xFFFF, 0xFFFF, 0xFFFF, 0xFFFF, 0xFFFF, 0xFFFF, 0xEF7D, 0xEF7D, 0xF81F, 0xF81F, 0xF81F, 0xF81F,
    0xF81F, 0xF81F, 0xF81F, 0xF81F, 0xF81F, 0xF81F, 0xF81F, 0xF81F, 0xF81F, 0xF81F, 0xF81F, 0x1082, 0x1082, 0x1082, 0x3180, 0x3180,
    0x3180, 0x3180, 0x3180, 0x3180, 0x3180, 0x3180, 0x3180, 0x3180, 0x3180, 0x3180, 0x3180, 0xF81F, 0xF81F, 0xF81F, 0xF81F, 0xF81F,
    0xF81F, 0xF81F, 0xF81F, 0xF81F, 0xF81F, 0xF81F, 0xF81F, 0xF81F, 0xF81F, 0x9CD3, 0xEF7D, 0xEF7D, 0xEF7D, 0xFFFF, 0xFFFF, 0xFFFF,
    0xFFFF, 0xFFFF, 0xFFFF, 0xFFFF, 0xFFFF, 0xFFFF, 0xFFFF, 0xFFFF, 0xFFFF, 0xEF7D, 0xEF7D, 0xF81F, 0xF81F, 0xF81F, 0xF81F, 0xF81F,
    0xF81F, 0xF81F, 0xF81F, 0xF81F, 0xF81F, 0xF81F, 0xF81F, 0xF81F, 0xF81F, 0xF81F, 0xF81F, 0xF81F, 0xF81F, 0xF81F, 0xF81F, 0xF81F,
    0x3180, 0x3180, 0x3180, 0x3180, 0x3180, 0x3180, 0x3180, 0x3180, 0xF81F, 0xF81F, 0xF81F, 0xF81F, 0xF81F, 0xF81F, 0xF81F, 0xF81F,
    0xF81F, 0xF81F, 0xF81F, 0xF81F, 0xF81F, 0xF81F, 0xF81F, 0xF81F, 0xF81F, 0xF81F, 0x8430, 0x9CD3, 0xEF7D, 0xEF7D, 0xFFFF, 0xFFFF,
    0xFFFF, 0xFFFF, 0xFFFF, 0xFFFF, 0xFFFF, 0xFFFF, 0xFFFF, 0xFFFF, 0xFFFF, 0xEF7D, 0xF81F, 0xF81F, 0xF81F, 0xF81F, 0xF81F, 0xF81F,
    0xF81F, 0xF81F, 0xF81F, 0xF81F, 0xF81F, 0xF81F, 0xF81F, 0xF81F, 0xF81F, 0xF81F, 0xF81F, 0xF81F, 0xF81F, 0xF81F, 0xF81F, 0xF81F,
    0xF81F, 0xF81F, 0xF81F, 0xF81F, 0xF81F, 0xF81F, 0xF81F, 0xF81F, 0xF81F, 0xF81F, 0xF81F, 0xF81F, 0xF81F, 0xF81F, 0xF81F, 0xF81F,
    0xF81F, 0xF81F, 0xF81F, 0xF81F, 0xF81F, 0xF81F, 0xF81F, 0xF81F, 0xF81F, 0xF81F, 0xF81F, 0x8430, 0x8430, 0xEF7D, 0xFFFF, 0xEF7D,
    0xFFFF, 0xFFFF, 0xFFFF, 0xFFFF, 0xFFFF, 0xFFFF, 0xFFFF, 0xFFFF, 0xEF7D, 0xEF7D, 0xF81F, 0xF81F, 0xF81F, 0xF81F, 0xF81F, 0xF81F,
    0xF81F, 0xF81F, 0xF81F, 0xF81F, 0xF81F, 0xF81F, 0xF81F, 0xF81F, 0xF81F, 0xF81F, 0xF81F, 0xF81F, 0xF81F, 0xF81F, 0xF81F, 0xF81F,
    0xF81F, 0xF81F, 0xF81F, 0xF81F, 0xF81F, 0xF81F, 0xF81F, 0xF81F, 0xF81F, 0xF81F, 0xF81F, 0xF81F, 0xF81F, 0xF81F, 0xF81F, 0xF81F,
    0xF81F, 0xF81F, 0xF81F, 0xF81F, 0xF81F, 0xF81F, 0xF81F, 0xF81F, 0xF81F, 0xF81F, 0xF81F, 0xF81F, 0xF81F, 0x8430, 0xEF7D, 0xEF7D,
    0xFFFF, 0xFFFF, 0xFFFF, 0xFFFF, 0xFFFF, 0xFFFF, 0xEF7D, 0xEF7D, 0xF81F, 0xF81F, 0xF81F, 0xF81F, 0xF81F, 0xF81F, 0xF81F, 0xF81F,
    0xF81F, 0xF81F, 0xF81F, 0xF81F, 0xF81F, 0xF81F, 0xF81F, 0xF81F, 0xF81F, 0xF81F, 0xF81F, 0xF81F, 0xF81F, 0xF81F, 0xF81F, 0xF81F,
    0xF81F, 0xF81F, 0xF81F, 0xF81F, 0xF81F, 0xF81F, 0xF81F, 0xF81F, 0xF81F, 0xF81F, 0xF81F, 0xF81F, 0xF81F, 0xF81F, 0xF81F, 0xF81F,
    0xF81F, 0xF81F, 0xF81F, 0xF81F, 0xF81F, 0xF81F, 0xF81F, 0xF81F, 0xF81F, 0xF81F, 0xF81F, 0xF81F, 0xF81F, 0xF81F, 0x8430, 0x8430,
    0x9CD3, 0xCE79, 0xEF7D, 0xEF7D, 0xEF7D, 0xFFFF, 0xEF7D, 0x8430, 0xF81F, 0xF81F, 0xF81F, 0xF81F, 0xF81F, 0xF81F, 0xF81F, 0xF81F,
    0xF81F, 0xF81F, 0xF81F, 0xF81F, 0xF81F, 0xF81F, 0xF81F, 0xF81F, 0xF81F, 0xF81F, 0xF81F, 0xF81F, 0xF81F, 0xF81F, 0xF81F, 0xF81F,
    0xF81F, 0xF81F, 0xF81F, 0xF81F, 0xF81F, 0xF81F, 0xF81F, 0xF81F, 0xF81F, 0xF81F, 0xF81F, 0xF81F, 0xF81F, 0xF81F, 0xF81F, 0xF81F,
    0xF81F, 0xF81F, 0xF81F, 0xF81F, 0xF81F, 0xF81F, 0xF81F, 0xF81F, 0xF81F, 0xF81F, 0xF81F, 0xF81F, 0xF81F, 0xF81F, 0xF81F, 0xF81F,
    0xF81F, 0x8430, 0x8430, 0x8430, 0x8430, 0x8430, 0x8430, 0xF81F, 0xF81F, 0xF81F, 0xF81F, 0xF81F, 0xF81F, 0xF81F, 0xF81F, 0xF81F,
  },
};

static const uint16_t kToastFrames[4][4096] = {
  {
    0xF81F, 0xF81F, 0xF81F, 0xF81F, 0xF81F, 0xF81F, 0xF81F, 0xF81F, 0xF81F, 0xF81F, 0xF81F, 0xF81F, 0xF81F, 0xF81F, 0xF81F, 0xF81F,
    0xF81F, 0xF81F, 0xF81F, 0xF81F, 0xF81F, 0xF81F, 0xF81F, 0xF81F, 0xF81F, 0xF81F, 0xF81F, 0xF81F, 0xF81F, 0xF81F, 0xF81F, 0xF81F,
    0xF81F, 0xF81F, 0xF81F, 0xF81F, 0xF81F, 0xF81F, 0xF81F, 0xF81F, 0xF81F, 0xF81F, 0xF81F, 0xF81F, 0xF81F, 0xF81F, 0xF81F, 0xF81F,
    0xF81F, 0xF81F, 0xF81F, 0xF81F, 0xF81F, 0xF81F, 0xF81F, 0xF81F, 0xF81F, 0xF81F, 0xF81F, 0xF81F, 0xF81F, 0xF81F, 0xF81F, 0xF81F,
    0xF81F, 0xF81F, 0xF81F, 0xF81F, 0xF81F, 0xF81F, 0xF81F, 0xF81F, 0xF81F, 0xF81F, 0xF81F, 0xF81F, 0xF81F, 0xF81F, 0xF81F, 0xF81F,
    0xF81F, 0xF81F, 0xF81F, 0xF81F, 0xF81F, 0xF81F, 0xF81F, 0xF81F, 0xF81F, 0xF81F, 0xF81F, 0xF81F, 0xF81F, 0xF81F, 0xF81F, 0xF81F,
    0xF81F, 0xF81F, 0xF81F, 0xF81F, 0xF81F, 0xF81F, 0xF81F, 0xF81F, 0xF81F, 0xF81F, 0xF81F, 0xF81F, 0xF81F, 0xF81F, 0xF81F, 0xF81F,
    0xF81F, 0xF81F, 0xF81F, 0xF81F, 0xF81F, 0xF81F, 0xF81F, 0xF81F, 0xF81F, 0xF81F, 0xF81F, 0xF81F, 0xF81F, 0xF81F, 0xF81F, 0xF81F,
    0xF81F, 0xF81F, 0xF81F, 0xF81F, 0xF81F, 0xF81F, 0xF81F, 0xF81F, 0xF81F, 0xF81F, 0xF81F, 0xF81F, 0xF81F, 0xF81F, 0xF81F, 0xF81F,
    0xF81F, 0xF81F, 0xF81F, 0xF81F, 0xF81F, 0xF81F, 0xF81F, 0xF81F, 0xF81F, 0xF81F, 0xF81F, 0xF81F, 0xF81F, 0xF81F, 0xF81F, 0xF81F,
    0xF81F, 0xF81F, 0xF81F, 0xF81F, 0xF81F, 0xF81F, 0xF81F, 0xF81F, 0xF81F, 0xF81F, 0xF81F, 0xF81F, 0xF81F, 0xF81F, 0xF81F, 0xF81F,
    0xF81F, 0xF81F, 0xF81F, 0xF81F, 0xF81F, 0xF81F, 0xF81F, 0xF81F, 0xF81F, 0xF81F, 0xF81F, 0xF81F, 0xF81F, 0xF81F, 0xF81F, 0xF81F,
    0xF81F, 0xF81F, 0xF81F, 0xF81F, 0xF81F, 0xF81F, 0xF81F, 0xF81F, 0xF81F, 0xF81F, 0xF81F, 0xF81F, 0xF81F, 0xF81F, 0xF81F, 0xF81F,
    0xF81F, 0xF81F, 0xF81F, 0xF81F, 0xF81F, 0xF81F, 0xF81F, 0xF81F, 0xF81F, 0xF81F, 0xF81F, 0xF81F, 0xF81F, 0xF81F, 0xF81F, 0xF81F,
    0xF81F, 0xF81F, 0xF81F, 0xF81F, 0xF81F, 0xF81F, 0xF81F, 0xF81F, 0xF81F, 0xF81F, 0xF81F, 0xF81F, 0xF81F, 0xF81F, 0xF81F, 0xF81F,
    0xF81F, 0xF81F, 0xF81F, 0xF81F, 0xF81F, 0xF81F, 0xF81F, 0xF81F, 0xF81F, 0xF81F, 0xF81F, 0xF81F, 0xF81F, 0xF81F, 0xF81F, 0xF81F,
    0xF81F, 0xF81F, 0xF81F, 0xF81F, 0xF81F, 0xF81F, 0xF81F, 0xF81F, 0xF81F, 0xF81F, 0xF81F, 0xF81F, 0xF81F, 0xF81F, 0xF81F, 0xF81F,
    0xF81F, 0xF81F, 0xF81F, 0xF81F, 0xF81F, 0xF81F, 0xF81F, 0xF81F, 0xF81F, 0xF81F, 0xF81F, 0xF81F, 0xF81F, 0xF81F, 0xF81F, 0xF81F,
    0xF81F, 0xF81F, 0xF81F, 0xF81F, 0xF81F, 0xF81F, 0xF81F, 0xF81F, 0xF81F, 0xF81F, 0xF81F, 0xF81F, 0xF81F, 0xF81F, 0xF81F, 0xF81F,
    0xF81F, 0xF81F, 0xF81F, 0xF81F, 0xF81F, 0xF81F, 0xF81F, 0xF81F, 0xF81F, 0xF81F, 0xF81F, 0xF81F, 0xF81F, 0xF81F, 0xF81F, 0xF81F,
    0xF81F, 0xF81F, 0xF81F, 0xF81F, 0xF81F, 0xF81F, 0xF81F, 0xF81F, 0xF81F, 0xF81F, 0xF81F, 0xF81F, 0xF81F, 0xF81F, 0xF81F, 0xF81F,
    0xF81F, 0xF81F, 0xF81F, 0xF81F, 0xF81F, 0xF81F, 0xF81F, 0xF81F, 0xF81F, 0xF81F, 0xF81F, 0xF81F, 0xF81F, 0xF81F, 0xF81F, 0xF81F,
    0xF81F, 0xF81F, 0xF81F, 0xF81F, 0xF81F, 0xF81F, 0xF81F, 0xF81F, 0xF81F, 0xF81F, 0xF81F, 0xF81F, 0xF81F, 0xF81F, 0xF81F, 0xF81F,
    0xF81F, 0xF81F, 0xF81F, 0xF81F, 0xF81F, 0xF81F, 0xF81F, 0xF81F, 0xF81F, 0xF81F, 0xF81F, 0xF81F, 0xF81F, 0xF81F, 0xF81F, 0xF81F,
    0xF81F, 0xF81F, 0xF81F, 0xF81F, 0xF81F, 0xF81F, 0xF81F, 0xF81F, 0xF81F, 0xF81F, 0xF81F, 0xF81F, 0xF81F, 0xF81F, 0xF81F, 0xF81F,
    0xF81F, 0xF81F, 0xF81F, 0xF81F, 0xF81F, 0xF81F, 0xF81F, 0xF81F, 0xF81F, 0xF81F, 0xF81F, 0xF81F, 0xF81F, 0xF81F, 0xF81F, 0xF81F,
    0xF81F, 0xF81F, 0xF81F, 0xF81F, 0xF81F, 0xF81F, 0xF81F, 0xF81F, 0xF81F, 0xF81F, 0xF81F, 0xF81F, 0xF81F, 0xF81F, 0xF81F, 0xF81F,
    0xF81F, 0xF81F, 0xF81F, 0xF81F, 0xF81F, 0xF81F, 0xF81F, 0xF81F, 0xF81F, 0xF81F, 0xF81F, 0xF81F, 0xF81F, 0xF81F, 0xF81F, 0xF81F,
    0xF81F, 0xF81F, 0xF81F, 0xF81F, 0xF81F, 0xF81F, 0xF81F, 0xF81F, 0xF81F, 0xF81F, 0xF81F, 0xF81F, 0xF81F, 0xF81F, 0xF81F, 0xF81F,
    0xF81F, 0xF81F, 0xF81F, 0xF81F, 0xF81F, 0xF81F, 0xF81F, 0xF81F, 0xF81F, 0xF81F, 0xF81F, 0xF81F, 0xF81F, 0xF81F, 0xF81F, 0xF81F,
    0xF81F, 0xF81F, 0xF81F, 0xF81F, 0xF81F, 0xF81F, 0xF81F, 0xF81F, 0xF81F, 0xF81F, 0xF81F, 0xF81F, 0xF81F, 0xF81F, 0xF81F, 0xF81F,
    0xF81F, 0xF81F, 0xF81F, 0xF81F, 0xF81F, 0xF81F, 0xF81F, 0xF81F, 0xF81F, 0xF81F, 0xF81F, 0xF81F, 0xF81F, 0xF81F, 0xF81F, 0xF81F,
    0xF81F, 0xF81F, 0xF81F, 0xF81F, 0xF81F, 0xF81F, 0xF81F, 0xF81F, 0xF81F, 0xF81F, 0xF81F, 0xF81F, 0xF81F, 0xF81F, 0xF81F, 0xF81F,
    0xF81F, 0xF81F, 0xF81F, 0xF81F, 0xF81F, 0xF81F, 0xF81F, 0xF81F, 0xF81F, 0xF81F, 0xF81F, 0xF81F, 0xF81F, 0xF81F, 0xF81F, 0xF81F,
    0xF81F, 0xF81F, 0xF81F, 0xF81F, 0xF81F, 0xF81F, 0xF81F, 0xF81F, 0xF81F, 0xF81F, 0xF81F, 0xF81F, 0xF81F, 0xF81F, 0xF81F, 0xF81F,
    0xF81F, 0xF81F, 0xF81F, 0xF81F, 0xF81F, 0xF81F, 0xF81F, 0xF81F, 0xF81F, 0xF81F, 0xF81F, 0xF81F, 0xF81F, 0xF81F, 0xF81F, 0xF81F,
    0xF81F, 0xF81F, 0xF81F, 0xF81F, 0xF81F, 0xF81F, 0xF81F, 0xF81F, 0xF81F, 0xF81F, 0xF81F, 0xF81F, 0xF81F, 0xF81F, 0xF81F, 0xF81F,
    0xF81F, 0xF81F, 0xF81F, 0xF81F, 0xF81F, 0xF81F, 0xF81F, 0xF81F, 0xF81F, 0xF81F, 0xF81F, 0xF81F, 0xF81F, 0xF81F, 0xF81F, 0xF81F,
    0xF81F, 0xF81F, 0xF81F, 0xF81F, 0xF81F, 0xF81F, 0xF81F, 0xF81F, 0xF81F, 0xF81F, 0xF81F, 0xF81F, 0xF81F, 0xF81F, 0xF81F, 0xF81F,
    0xF81F, 0xF81F, 0xF81F, 0xF81F, 0xF81F, 0xF81F, 0xF81F, 0xF81F, 0xF81F, 0xF81F, 0xF81F, 0xF81F, 0xF81F, 0xF81F, 0xF81F, 0xF81F,
    0xF81F, 0xF81F, 0xF81F, 0xF81F, 0xF81F, 0xF81F, 0xF81F, 0xF81F, 0xF81F, 0xF81F, 0xF81F, 0xF81F, 0xF81F, 0xF81F, 0xF81F, 0xF81F,
    0xF81F, 0xF81F, 0xF81F, 0xF81F, 0xF81F, 0xF81F, 0xF81F, 0xF81F, 0xF81F, 0xF81F, 0xF81F, 0xF81F, 0xF81F, 0xF81F, 0xF81F, 0xF81F,
    0xF81F, 0xF81F, 0xF81F, 0xF81F, 0xF81F, 0xF81F, 0xF81F, 0xF81F, 0xF81F, 0xF81F, 0xF81F, 0xF81F, 0xF81F, 0xF81F, 0xF81F, 0xF81F,
    0xF81F, 0xF81F, 0xF81F, 0xF81F, 0xF81F, 0xF81F, 0xF81F, 0xF81F, 0xF81F, 0xF81F, 0xF81F, 0xF81F, 0xF81F, 0xF81F, 0xF81F, 0xF81F,
    0xF81F, 0xF81F, 0xF81F, 0xF81F, 0xF81F, 0xF81F, 0xF81F, 0xF81F, 0xF81F, 0xF81F, 0xF81F, 0xF81F, 0xF81F, 0xF81F, 0xF81F, 0xF81F,
    0xF81F, 0xF81F, 0xF81F, 0xF81F, 0xF81F, 0xF81F, 0xF81F, 0xF81F, 0xF81F, 0xF81F, 0xF81F, 0xF81F, 0xF81F, 0xF81F, 0xF81F, 0xF81F,
    0xF81F, 0xF81F, 0xF81F, 0xF81F, 0xF81F, 0xF81F, 0xF81F, 0xF81F, 0xF81F, 0xF81F, 0xF81F, 0xF81F, 0xF81F, 0xF81F, 0xF81F, 0xF81F,
    0xF81F, 0xF81F, 0xF81F, 0xF81F, 0xF81F, 0xF81F, 0xF81F, 0xF81F, 0xF81F, 0xF81F, 0xF81F, 0xF81F, 0xF81F, 0xF81F, 0xF81F, 0xF81F,
    0xF81F, 0xF81F, 0xF81F, 0xF81F, 0xF81F, 0xF81F, 0xF81F, 0xF81F, 0xF81F, 0xF81F, 0xF81F, 0xF81F, 0xF81F, 0xF81F, 0xF81F, 0xF81F,
    0xF81F, 0xF81F, 0xF81F, 0xF81F, 0xF81F, 0xF81F, 0xF81F, 0xF81F, 0xF81F, 0xF81F, 0xF81F, 0xF81F, 0xF81F, 0xF81F, 0xF81F, 0xF81F,
    0xF81F, 0xF81F, 0xF81F, 0xF81F, 0xF81F, 0xF81F, 0xF81F, 0xF81F, 0xF81F, 0xF81F, 0xF81F, 0xF81F, 0xF81F, 0xF81F, 0xF81F, 0xF81F,
    0xF81F, 0xF81F, 0xF81F, 0xF81F, 0xF81F, 0xF81F, 0xF81F, 0xF81F, 0xF81F, 0xF81F, 0xF81F, 0xF81F, 0xF81F, 0xF81F, 0xF81F, 0xF81F,
    0xF81F, 0xF81F, 0xF81F, 0xF81F, 0xF81F, 0xF81F, 0xF81F, 0xF81F, 0xF81F, 0xF81F, 0xF81F, 0xF81F, 0xF81F, 0xF81F, 0xF81F, 0xF81F,
    0xF81F, 0xF81F, 0xF81F, 0xF81F, 0xF81F, 0xF81F, 0xF81F, 0xF81F, 0xF81F, 0xF81F, 0xF81F, 0xF81F, 0xF81F, 0xF81F, 0xF81F, 0xF81F,
    0xF81F, 0xF81F, 0xF81F, 0xF81F, 0xF81F, 0xF81F, 0xF81F, 0xF81F, 0xF81F, 0xF81F, 0xF81F, 0xF81F, 0xF81F, 0xF81F, 0xF81F, 0xF81F,
    0xF81F, 0xF81F, 0xF81F, 0xF81F, 0xF81F, 0xF81F, 0xF81F, 0xF81F, 0xF81F, 0xF81F, 0xF81F, 0xF81F, 0xF81F, 0xF81F, 0xF81F, 0xF81F,
    0xF81F, 0xF81F, 0xF81F, 0xF81F, 0xF81F, 0xF81F, 0xF81F, 0xF81F, 0xF81F, 0xF81F, 0xF81F, 0xF81F, 0xF81F, 0xF81F, 0xF81F, 0xF81F,
    0xF81F, 0xF81F, 0xF81F, 0xF81F, 0xF81F, 0xF81F, 0xF81F, 0xF81F, 0xF81F, 0xF81F, 0xF81F, 0xF81F, 0xF81F, 0xF81F, 0xF81F, 0xF81F,
    0xF81F, 0xF81F, 0xF81F, 0xF81F, 0xF81F, 0xF81F, 0xF81F, 0xF81F, 0xF81F, 0xF81F, 0xF81F, 0xF81F, 0xF81F, 0xF81F, 0xF81F, 0xF81F,
    0xF81F, 0xF81F, 0xF81F, 0xF81F, 0xF81F, 0xF81F, 0xF81F, 0xF81F, 0xF81F, 0xF81F, 0xF81F, 0xF81F, 0xF81F, 0xF81F, 0xF81F, 0xF81F,
    0xF81F, 0xF81F, 0xF81F, 0xF81F, 0xF81F, 0xF81F, 0xF81F, 0xF81F, 0xF81F, 0xF81F, 0xF81F, 0xF81F, 0xF81F, 0xF81F, 0xF81F, 0xF81F,
    0xF81F, 0xF81F, 0xF81F, 0xF81F, 0xF81F, 0xF81F, 0xF81F, 0xF81F, 0xF81F, 0xF81F, 0xF81F, 0xF81F, 0xF81F, 0xF81F, 0xF81F, 0xF81F,
    0xF81F, 0xFF30, 0xFF30, 0xFF30, 0xF81F, 0xF81F, 0xF81F, 0xF81F, 0xF81F, 0xF81F, 0xF81F, 0xF81F, 0xF81F, 0xF81F, 0xF81F, 0xF81F,
    0xF81F, 0xF81F, 0xF81F, 0xF81F, 0xF81F, 0xF81F, 0xF81F, 0xF81F, 0xF81F, 0xF81F, 0xF81F, 0xF81F, 0xF81F, 0xF81F, 0xF81F, 0xF81F,
    0xF81F, 0xF81F, 0xF81F, 0xF81F, 0xF81F, 0xF81F, 0xF81F, 0xF81F, 0xF81F, 0xF81F, 0xF81F, 0xF81F, 0xF81F, 0xF81F, 0xF81F, 0xF81F,
    0xF81F, 0xF81F, 0xF81F, 0xF81F, 0xF81F, 0xF81F, 0xF81F, 0xF81F, 0xF81F, 0xF81F, 0xF81F, 0xF81F, 0xF81F, 0xF81F, 0xFF30, 0xFF30,
    0xFF30, 0xFF30, 0xFF30, 0xFF30, 0xFF30, 0xFF30, 0xF81F, 0xF81F, 0xF81F, 0xF81F, 0xF81F, 0xF81F, 0xF81F, 0xF81F, 0xF81F, 0xF81F,
    0xF81F, 0xF81F, 0xF81F, 0xF81F, 0xF81F, 0xF81F, 0xF81F, 0xF81F, 0xF81F, 0xF81F, 0xF81F, 0xF81F, 0xF81F, 0xF81F, 0xF81F, 0xF81F,
    0xF81F, 0xF81F, 0xF81F, 0xF81F, 0xF81F, 0xF81F, 0xF81F, 0xF81F, 0xF81F, 0xF81F, 0xF81F, 0xF81F, 0xF81F, 0xF81F, 0xF81F, 0xF81F,
    0xF81F, 0xF81F, 0xF81F, 0xF81F, 0xF81F, 0xF81F, 0xF81F, 0xF81F, 0xF81F, 0xF81F, 0xF81F, 0xFFF9, 0xFFF9, 0xFF30, 0xFF30, 0xFF30,
    0xFF30, 0xE647, 0xFF30, 0xE647, 0xFF30, 0xFF30, 0xFF30, 0xFF30, 0xF81F, 0xF81F, 0xF81F, 0xF81F, 0xF81F, 0xF81F, 0xF81F, 0xF81F,
    0xF81F, 0xF81F, 0xF81F, 0xF81F, 0xF81F, 0xF81F, 0xF81F, 0xF81F, 0xF81F, 0xF81F, 0xF81F, 0xF81F, 0xF81F, 0xF81F, 0xF81F, 0xF81F,
    0xF81F, 0xF81F, 0xF81F, 0xF81F, 0xF81F, 0xF81F, 0xF81F, 0xF81F, 0xF81F, 0xF81F, 0xF81F, 0xF81F, 0xF81F, 0xF81F, 0xF81F, 0xF81F,
    0xF81F, 0xF81F, 0xF81F, 0xF81F, 0xF81F, 0xF81F, 0xF81F, 0xF81F, 0xF81F, 0xFF30, 0xFF30, 0xFF30, 0xE647, 0xFF30, 0xE647, 0xFF30,
    0xE647, 0xFF30, 0xE647, 0xFF30, 0xFF30, 0xE647, 0xFF30, 0xFF30, 0xFF30, 0xFF30, 0xF81F, 0xF81F, 0xF81F, 0xF81F, 0xF81F, 0xF81F,
    0xF81F, 0xF81F, 0xF81F, 0xF81F, 0xF81F, 0xF81F, 0xF81F, 0xF81F, 0xF81F, 0xF81F, 0xF81F, 0xF81F, 0xF81F, 0xF81F, 0xF81F, 0xF81F,
    0xF81F, 0xF81F, 0xF81F, 0xF81F, 0xF81F, 0xF81F, 0xF81F, 0xF81F, 0xF81F, 0xF81F, 0xF81F, 0xF81F, 0xF81F, 0xF81F, 0xF81F, 0xF81F,
    0xF81F, 0xF81F, 0xF81F, 0xF81F, 0xF81F, 0xF81F, 0xFF30, 0xFF30, 0xFF30, 0xE647, 0xFF30, 0xE647, 0xFF30, 0xE647, 0xFF30, 0xE647,
    0xFF30, 0xE647, 0xFF30, 0xE647, 0xFF30, 0xFF30, 0xFF30, 0xE647, 0xFF30, 0xFF30, 0xFF30, 0xF81F, 0xF81F, 0xF81F, 0xF81F, 0xF81F,
    0xF81F, 0xF81F, 0xF81F, 0xF81F, 0xF81F, 0xF81F, 0xF81F, 0xF81F, 0xF81F, 0xF81F, 0xF81F, 0xF81F, 0xF81F, 0xF81F, 0xF81F, 0xF81F,
    0xF81F, 0xF81F, 0xF81F, 0xF81F, 0xF81F, 0xF81F, 0xF81F, 0xF81F, 0xF81F, 0xF81F, 0xF81F, 0xF81F, 0xF81F, 0xF81F, 0xF81F, 0xF81F,
    0xF81F, 0xF81F, 0xF81F, 0xF81F, 0xFFF9, 0xFF30, 0xFF30, 0xFF30, 0xE647, 0xFF30, 0xE647, 0xFF30, 0xE647, 0xE647, 0xE647, 0xE647,
    0xE647, 0xE647, 0xFF30, 0xE647, 0xFF30, 0xE647, 0xFF30, 0xFF30, 0xFF30, 0xFF30, 0xFF30, 0xFF30, 0xFF30, 0xF81F, 0xF81F, 0xF81F,
    0xF81F, 0xF81F, 0xF81F, 0xF81F, 0xF81F, 0xF81F, 0xF81F, 0xF81F, 0xF81F, 0xF81F, 0xF81F, 0xF81F, 0xF81F, 0xF81F, 0xF81F, 0xF81F,
    0xF81F, 0xF81F, 0xF81F, 0xF81F, 0xF81F, 0xF81F, 0xF81F, 0xF81F, 0xF81F, 0xF81F, 0xF81F, 0xF81F, 0xF81F, 0xF81F, 0xF81F, 0xF81F,
    0xF81F, 0xFFF9, 0xFFF9, 0xFFF9, 0xFF30, 0xFF30, 0xFF30, 0xE647, 0xE647, 0xFF30, 0xE647, 0xE647, 0xCC20, 0xE647, 0xE647, 0xE647,
    0xCC20, 0xE647, 0xE647, 0xE647, 0xE647, 0xFF30, 0xE647, 0xFF30, 0xFF30, 0xE647, 0xFF30, 0xE647, 0xFF30, 0xFF30, 0xFF30, 0xF81F,
    0xF81F, 0xF81F, 0xF81F, 0xF81F, 0xF81F, 0xF81F, 0xF81F, 0xF81F, 0xF81F, 0xF81F, 0xF81F, 0xF81F, 0xF81F, 0xF81F, 0xF81F, 0xF81F,
    0xF81F, 0xF81F, 0xF81F, 0xF81F, 0xF81F, 0xF81F, 0xF81F, 0xF81F, 0xF81F, 0xF81F, 0xF81F, 0xF81F, 0xF81F, 0xF81F, 0xF81F, 0xFFF9,
    0xFFF9, 0xFF30, 0xFF30, 0xFF30, 0xFF30, 0xFF30, 0xFF30, 0xE647, 0xE647, 0xE647, 0xE647, 0xE647, 0xE647, 0xE647, 0xCC20, 0xE647,
    0xE647, 0xE647, 0xE647, 0xE647, 0xFF30, 0xE647, 0xFF30, 0xFF30, 0xE647, 0xFF30, 0xE647, 0xFF30, 0xFF30, 0xFF30, 0xFF30, 0xFF30,
    0xF81F, 0xF81F, 0xF81F, 0xF81F, 0xF81F, 0xF81F, 0xF81F, 0xF81F, 0xF81F, 0xF81F, 0xF81F, 0xF81F, 0xF81F, 0xF81F, 0xF81F, 0xF81F,
    0xF81F, 0xF81F, 0xF81F, 0xF81F, 0xF81F, 0xF81F, 0xF81F, 0xF81F, 0xF81F, 0xF81F, 0xF81F, 0xF81F, 0xFFF9, 0xFFF9, 0xFFF9, 0xFF30,
    0xFF30, 0xFF30, 0xE647, 0xE647, 0xFF30, 0xE647, 0xE647, 0xE647, 0xE647, 0xE647, 0xE647, 0xCC20, 0xE647, 0xCC20, 0xE647, 0xCC20,
    0xE647, 0xCC20, 0xE647, 0xE647, 0xE647, 0xE647, 0xE647, 0xE647, 0xFF30, 0xE647, 0xE647, 0xFF30, 0xE647, 0xFF30, 0xE647, 0xFF30,
    0xFF30, 0xFF30, 0xF81F, 0xF81F, 0xF81F, 0xF81F, 0xF81F, 0xF81F, 0xF81F, 0xF81F, 0xF81F, 0xF81F, 0xF81F, 0xF81F, 0xF81F, 0xF81F,
    0xF81F, 0xF81F, 0xF81F, 0xF81F, 0xF81F, 0xF81F, 0xF81F, 0xF81F, 0xF81F, 0xF81F, 0xFFF9, 0xFFF9, 0xFF30, 0xFF30, 0xFF30, 0xFF30,
    0xFF30, 0xFF30, 0xE647, 0xFF30, 0xE647, 0xE647, 0xE647, 0xE647, 0xE647, 0xE647, 0xCC20, 0xE647, 0xCC20, 0xE647, 0xCC20, 0xCC20,
    0xCC20, 0xE647, 0xCC20, 0xE647, 0xE647, 0xE647, 0xE647, 0xE647, 0xE647, 0xE647, 0xFF30, 0xE647, 0xFF30, 0xE647, 0xFF30, 0xFF30,
    0xE647, 0xFF30, 0xFF30, 0xFF30, 0xF81F, 0xF81F, 0xF81F, 0xF81F, 0xF81F, 0xF81F, 0xF81F, 0xF81F, 0xF81F, 0xF81F, 0xF81F, 0xF81F,
    0xF81F, 0xF81F, 0xF81F, 0xF81F, 0xF81F, 0xF81F, 0xF81F, 0xF81F, 0xF81F, 0xFFF9, 0xFF30, 0xFF30, 0xFF30, 0xFF30, 0xE647, 0xE647,
    0xFF30, 0xE647, 0xFF30, 0xE647, 0xE647, 0xFF30, 0xE647, 0xE647, 0xE647, 0xCC20, 0xCC20, 0xCC20, 0xE647, 0xCC20, 0xE647, 0xCC20,
    0xE647, 0xCC20, 0xE647, 0xCC20, 0xCC20, 0xE647, 0xE647, 0xCC20, 0xE647, 0xE647, 0xE647, 0xE647, 0xE647, 0xFF30, 0xE647, 0xFF30,
    0xFF30, 0xFF30, 0xFF30, 0xFF30, 0xFF30, 0xF81F, 0xF81F, 0xF81F, 0xF81F, 0xF81F, 0xF81F, 0xF81F, 0xF81F, 0xF81F, 0xF81F, 0xF81F,
    0xF81F, 0xF81F, 0xF81F, 0xF81F, 0xF81F, 0xF81F, 0xF81F, 0xF81F, 0xF81F, 0xFFF9, 0xFF30, 0xFF30, 0xFF30, 0xFF30, 0xE647, 0xFF30,
    0xE647, 0xFF30, 0xE647, 0xE647, 0xE647, 0xE647, 0xE647, 0xCC20, 0xCC20, 0xE647, 0xCC20, 0xE647, 0xCC20, 0xCC20, 0xCC20, 0xE647,
    0xCC20, 0xCC20, 0xE647, 0xCC20, 0xCC20, 0xE647, 0xCC20, 0xE647, 0xE647, 0xE647, 0xFF30, 0xE647, 0xFF30, 0xE647, 0xFF30, 0xE647,
    0xFF30, 0xE647, 0xFF30, 0xFF30, 0xFF30, 0xFF30, 0xFF30, 0xF81F, 0xF81F, 0xF81F, 0xF81F, 0xF81F, 0xF81F, 0xF81F, 0xF81F, 0xF81F,
    0xF81F, 0xF81F, 0xF81F, 0xF81F, 0xF81F, 0xF81F, 0xF81F, 0xF81F, 0xFFF9, 0xFF30, 0xFF30, 0xFF30, 0xFF30, 0xE647, 0xFF30, 0xE647,
    0xFF30, 0xE647, 0xFF30, 0xE647, 0xE647, 0xE647, 0xCC20, 0xE647, 0xCC20, 0xCC20, 0xE647, 0xCC20, 0xCC20, 0xCC20, 0xCC20, 0xCC20,
    0xCC20, 0xCC20, 0xCC20, 0xCC20, 0xE647, 0xCC20, 0xE647, 0xCC20, 0xE647, 0xE647, 0xE647, 0xE647, 0xE647, 0xE647, 0xE647, 0xFF30,
    0xE647, 0xFF30, 0xFF30, 0xFF30, 0xFF30, 0xFF30, 0xFF30, 0xFF30, 0xF81F, 0xF81F, 0xF81F, 0xF81F, 0xF81F, 0xF81F, 0xF81F, 0xF81F,
    0xF81F, 0xF81F, 0xF81F, 0xF81F, 0xF81F, 0xF81F, 0xF81F, 0xF81F, 0xFFF9, 0xFF30, 0xFF30, 0xE647, 0xFF30, 0xFF30, 0xE647, 0xFF30,
    0xE647, 0xE647, 0xE647, 0xE647, 0xCC20, 0xE647, 0xE647, 0xCC20, 0xCC20, 0xCC20, 0xCC20, 0xCC20, 0xCC20, 0xCC20, 0xCC20, 0xCC20,
    0xCC20, 0xCC20, 0xCC20, 0xCC20, 0xCC20, 0xE647, 0xCC20, 0xE647, 0xE647, 0xCC20, 0xE647, 0xE647, 0xFF30, 0xE647, 0xE647, 0xE647,
    0xFF30, 0xE647, 0xFF30, 0xFF30, 0xFF30, 0xFF30, 0xFF30, 0xFF30, 0xFF30, 0xF81F, 0xF81F, 0xF81F, 0xF81F, 0xF81F, 0xF81F, 0xF81F,
    0xF81F, 0xF81F, 0xF81F, 0xF81F, 0xF81F, 0xF81F, 0xF81F, 0xF81F, 0xFFF9, 0xFF30, 0xFF30, 0xFF30, 0xFF30, 0xE647, 0xFF30, 0xE647,
    0xFF30, 0xE647, 0xE647, 0xE647, 0xE647, 0xE647, 0xCC20, 0xE647, 0xCC20, 0xE647, 0xCC20, 0xCC20, 0xCC20, 0xCC20, 0xCC20, 0xCC20,
    0xCC20, 0xCC20, 0xCC20, 0xCC20, 0xE647, 0xCC20, 0xE647, 0xCC20, 0xE647, 0xE647, 0xE647, 0xE647, 0xE647, 0xFF30, 0xE647, 0xFF30,
    0xE647, 0xFF30, 0xFF30, 0xFF30, 0xFF30, 0xFF30, 0xFF30, 0xFF30, 0xFF30, 0xFF30, 0xF81F, 0xF81F, 0xF81F, 0xF81F, 0xF81F, 0xF81F,
    0xF81F, 0xF81F, 0xF81F, 0xF81F, 0xF81F, 0xF81F, 0xF81F, 0xF81F, 0x81C0, 0xFFF9, 0xFF30, 0xFF30, 0xE647, 0xFF30, 0xE647, 0xFF30,
    0xE647, 0xFF30, 0xE647, 0xE647, 0xE647, 0xCC20, 0xE647, 0xCC20, 0xE647, 0xCC20, 0xE647, 0xCC20, 0xCC20, 0xCC20, 0xCC20, 0xCC20,
    0xCC20, 0xCC20, 0xCC20, 0xCC20, 0xCC20, 0xCC20, 0xCC20, 0xE647, 0xE647, 0xE647, 0xE647, 0xE647, 0xE647, 0xE647, 0xFF30, 0xE647,
    0xFF30, 0xE647, 0xFF30, 0xE647, 0xFF30, 0xFF30, 0xFF30, 0xFF30, 0xFF30, 0xFF30, 0xF81F, 0xF81F, 0xF81F, 0xF81F, 0xF81F, 0xF81F,
    0xF81F, 0xF81F, 0xF81F, 0xF81F, 0xF81F, 0xF81F, 0xF81F, 0xF81F, 0xE420, 0x81C0, 0xFFF9, 0xFF30, 0xFF30, 0xFF30, 0xFF30, 0xE647,
    0xFF30, 0xE647, 0xE647, 0xE647, 0xE647, 0xE647, 0xCC20, 0xE647, 0xCC20, 0xCC20, 0xCC20, 0xCC20, 0xE647, 0xE647, 0xCC20, 0xCC20,
    0xCC20, 0xCC20, 0xE647, 0xCC20, 0xE647, 0xCC20, 0xE647, 0xCC20, 0xE647, 0xFF30, 0xE647, 0xFF30, 0xE647, 0xFF30, 0xE647, 0xFF30,
    0xE647, 0xE647, 0xFF30, 0xFF30, 0xFF30, 0xFF30, 0xFF30, 0xFF30, 0xFF30, 0xFF30, 0xFFF9, 0xF81F, 0xF81F, 0xF81F, 0xF81F, 0xF81F,
    0xF81F, 0xF81F, 0xF81F, 0xF81F, 0xF81F, 0xF81F, 0xF81F, 0xF81F, 0x81C0, 0xE420, 0x81C0, 0xFFF9, 0xFF30, 0xFF30, 0xE647, 0xFF30,
    0xE647, 0xFF30, 0xE647, 0xFF30, 0xE647, 0xE647, 0xE647, 0xCC20, 0xE647, 0xCC20, 0xCC20, 0xCC20, 0xCC20, 0xCC20, 0xE647, 0xCC20,
    0xCC20, 0xE647, 0xCC20, 0xCC20, 0xCC20, 0xE647, 0xE647, 0xE647, 0xE647, 0xE647, 0xE647, 0xE647, 0xFF30, 0xE647, 0xE647, 0xFF30,
    0xFF30, 0xFF30, 0xFF30, 0xFF30, 0xFF30, 0xFF30, 0xFF30, 0xFF30, 0xFF30, 0xFF30, 0xFFF9, 0xF81F, 0xF81F, 0xF81F, 0xF81F, 0xF81F,
    0xF81F, 0xF81F, 0xF81F, 0xF81F, 0xF81F, 0xF81F, 0xF81F, 0xF81F, 0xE420, 0x81C0, 0xE420, 0x81C0, 0xFFF9, 0xFFF9, 0xFF30, 0xFF30,
    0xFF30, 0xE647, 0xFF30, 0xE647, 0xE647, 0xE647, 0xE647, 0xE647, 0xE647, 0xCC20, 0xE647, 0xE647, 0xCC20, 0xE647, 0xCC20, 0xE647,
    0xCC20, 0xE647, 0xE647, 0xCC20, 0xE647, 0xCC20, 0xE647, 0xFF30, 0xE647, 0xFF30, 0xE647, 0xFF30, 0xFF30, 0xFF30, 0xFF30, 0xFF30,
    0xFF30, 0xFF30, 0xFF30, 0xFF30, 0xFF30, 0xFF30, 0xFF30, 0xFF30, 0xFF30, 0xFFF9, 0xCC20, 0xF81F, 0xF81F, 0xF81F, 0xF81F, 0xF81F,
    0xF81F, 0xF81F, 0xF81F, 0xF81F, 0xF81F, 0xF81F, 0xF81F, 0xF81F, 0xE420, 0xE420, 0x81C0, 0xE420, 0x81C0, 0xE420, 0xFFF9, 0xFF30,
    0xFF30, 0xFF30, 0xE647, 0xFF30, 0xE647, 0xE647, 0xFF30, 0xE647, 0xE647, 0xE647, 0xE647, 0xE647, 0xE647, 0xE647, 0xE647, 0xCC20,
    0xE647, 0xCC20, 0xE647, 0xE647, 0xE647, 0xE647, 0xE647, 0xE647, 0xE647, 0xE647, 0xE647, 0xFF30, 0xFF30, 0xFF30, 0xFF30, 0xFF30,
    0xFF30, 0xFF30, 0xFF30, 0xFF30, 0xFF30, 0xFF30, 0xE647, 0xFFF9, 0xFFF9, 0x81C0, 0xCC20, 0xF81F, 0xF81F, 0xF81F, 0xF81F, 0xF81F,
    0xF81F, 0xF81F, 0xF81F, 0xF81F, 0xF81F, 0xF81F, 0xF81F, 0xF81F, 0xE420, 0xE420, 0xE420, 0x81C0, 0xE420, 0x81C0, 0xE420, 0xFFF9,
    0xFF30, 0xE647, 0xFF30, 0xFF30, 0xE647, 0xFF30, 0xE647, 0xE647, 0xE647, 0xFF30, 0xFF30, 0xE647, 0xE647, 0xCC20, 0xE647, 0xE647,
    0xE647, 0xE647, 0xE647, 0xCC20, 0xE647, 0xE647, 0xE647, 0xFF30, 0xE647, 0xFF30, 0xFF30, 0xFF30, 0xE647, 0xFF30, 0xFF30, 0xE647,
    0xFF30, 0xFF30, 0xE647, 0xFF30, 0xFFF9, 0xFF30, 0xFFF9, 0x81C0, 0x81C0, 0xCC20, 0xCC20, 0xF81F, 0xF81F, 0xF81F, 0xF81F, 0xF81F,
    0xF81F, 0xF81F, 0xF81F, 0xF81F, 0xF81F, 0xF81F, 0xF81F, 0xF81F, 0x81C0, 0xE420, 0xE420, 0xE420, 0x81C0, 0xE420, 0x81C0, 0x81C0,
    0xE420, 0xFFF9, 0xFF30, 0xFF30, 0xE647, 0xFF30, 0xFF30, 0xE647, 0xFF30, 0xFF30, 0xE647, 0xFF30, 0xE647, 0xE647, 0xE647, 0xE647,
    0xE647, 0xCC20, 0xE647, 0xE647, 0xE647, 0xFF30, 0xE647, 0xE647, 0xFF30, 0xE647, 0xFF30, 0xFF30, 0xFF30, 0xFF30, 0xFF30, 0xFF30,
    0xFF30, 0xFF30, 0xFF30, 0xFFF9, 0xFFF9, 0x81C0, 0x81C0, 0x81C0, 0x81C0, 0x81C0, 0xCC20, 0xF81F, 0xF81F, 0xF81F, 0xF81F, 0xF81F,
    0xF81F, 0xF81F, 0xF81F, 0xF81F, 0xF81F, 0xF81F, 0xF81F, 0xF81F, 0xF81F, 0x81C0, 0xE420, 0x81C0, 0xE420, 0xE420, 0x81C0, 0xE420,
    0x81C0, 0xFFF9, 0xFF30, 0xFF30, 0xFF30, 0xFF30, 0xFF30, 0xE647, 0xFF30, 0xE647, 0xFF30, 0xE647, 0xFF30, 0xE647, 0xFF30, 0xE647,
    0xE647, 0xE647, 0xE647, 0xE647, 0xFF30, 0xE647, 0xE647, 0xE647, 0xFF30, 0xFF30, 0xFF30, 0xE647, 0xFF30, 0xFF30, 0xFF30, 0xFF30,
    0xFFF9, 0xFF30, 0xFFF9, 0x81C0, 0x81C0, 0x81C0, 0x81C0, 0xCC20, 0xCC20, 0xCC20, 0xCC20, 0xF81F, 0xF81F, 0xF81F, 0xF81F, 0xF81F,
    0xF81F, 0xF81F, 0xF81F, 0xF81F, 0xF81F, 0xF81F, 0xF81F, 0xF81F, 0xF81F, 0xF81F, 0xF81F, 0x81C0, 0xE420, 0x81C0, 0xE420, 0x81C0,
    0x81C0, 0xE420, 0xFFF9, 0xFFF9, 0xFF30, 0xFF30, 0xFF30, 0xFF30, 0xFF30, 0xE647, 0xFF30, 0xFF30, 0xE647, 0xE647, 0xE647, 0xFF30,
    0xE647, 0xFF30, 0xE647, 0xE647, 0xE647, 0xFF30, 0xE647, 0xFF30, 0xE647, 0xFF30, 0xFF30, 0xFF30, 0xFF30, 0xFF30, 0xFF30, 0xFFF9,
    0xFFF9, 0xFFF9, 0x81C0, 0x81C0, 0x81C0, 0x81C0, 0x81C0, 0xCC20, 0x81C0, 0xCC20, 0xCC20, 0xF81F, 0xF81F, 0xF81F, 0xF81F, 0xF81F,
    0xF81F, 0xF81F, 0xF81F, 0xF81F, 0xF81F, 0xF81F, 0xF81F, 0xF81F, 0xF81F, 0xF81F, 0xF81F, 0xF81F, 0x81C0, 0xE420, 0xE420, 0x81C0,
    0xE420, 0x81C0, 0xE420, 0x81C0, 0xFFF9, 0xFF30, 0xE647, 0xE647, 0xFF30, 0xFF30, 0xFF30, 0xFF30, 0xFF30, 0xE647, 0xFF30, 0xE647,
    0xFF30, 0xE647, 0xFF30, 0xE647, 0xFF30, 0xE647, 0xFF30, 0xFF30, 0xFF30, 0xFF30, 0xFF30, 0xFF30, 0xFF30, 0xFFF9, 0xFFF9, 0x81C0,
    0x81C0, 0x81C0, 0x81C0, 0x81C0, 0x81C0, 0x81C0, 0xCC20, 0xCC20, 0xCC20, 0xCC20, 0xF81F, 0xF81F, 0xF81F, 0xF81F, 0xF81F, 0xF81F,
    0xF81F, 0xF81F, 0xF81F, 0xF81F, 0xF81F, 0xF81F, 0xF81F, 0xF81F, 0xF81F, 0xF81F, 0xF81F, 0xF81F, 0xF81F, 0x81C0, 0xE420, 0xE420,
    0x81C0, 0xE420, 0x81C0, 0xE420, 0x81C0, 0xFFF9, 0xFF30, 0xFF30, 0xFF30, 0xFF30, 0xE647, 0xFF30, 0xFF30, 0xFF30, 0xFF30, 0xFF30,
    0xE647, 0xFF30, 0xE647, 0xFF30, 0xE647, 0xFF30, 0xFF30, 0xFF30, 0xFF30, 0xFF30, 0xFF30, 0xFFF9, 0xFFF9, 0x81C0, 0x81C0, 0x81C0,
    0x81C0, 0x81C0, 0x81C0, 0x81C0, 0xCC20, 0xCC20, 0xCC20, 0xCC20, 0xF81F, 0xF81F, 0xF81F, 0xF81F, 0xF81F, 0xF81F, 0xF81F, 0xF81F,
    0xF81F, 0xF81F, 0xF81F, 0xF81F, 0xF81F, 0xF81F, 0xF81F, 0xF81F, 0xF81F, 0xF81F, 0xF81F, 0xF81F, 0xF81F, 0xF81F, 0xE420, 0xE420,
    0xE420, 0x81C0, 0xE420, 0x81C0, 0xE420, 0x81C0, 0x81C0, 0xFFF9, 0xFFF9, 0xFF30, 0xFF30, 0xFF30, 0xFF30, 0xFF30, 0xFF30, 0xFF30,
    0xFF30, 0xFF30, 0xFF30, 0xFF30, 0xFF30, 0xFF30, 0xFF30, 0xFF30, 0xFFF9, 0xFFF9, 0xFFF9, 0x81C0, 0x81C0, 0x81C0, 0x81C0, 0x81C0,
    0x81C0, 0x81C0, 0xCC20, 0xCC20, 0xCC20, 0xCC20, 0xF81F, 0xF81F, 0xF81F, 0xF81F, 0xF81F, 0xF81F, 0xF81F, 0xF81F, 0xF81F, 0xF81F,
    0xF81F, 0xF81F, 0xF81F, 0xF81F, 0xF81F, 0xF81F, 0xF81F, 0xF81F, 0xF81F, 0xF81F, 0xF81F, 0xF81F, 0xF81F, 0xF81F, 0xF81F, 0x81C0,
    0xE420, 0xE420, 0x81C0, 0xE420, 0x81C0, 0xE420, 0xE420, 0x81C0, 0xE420, 0xFFF9, 0xFFF9, 0xFF30, 0xFF30, 0xFF30, 0xFF30, 0xFF30,
    0xE647, 0xFF30, 0xFF30, 0xE647, 0xFF30, 0xFF30, 0xFF30, 0xFFF9, 0x81C0, 0x81C0, 0x81C0, 0x81C0, 0x81C0, 0x81C0, 0xCC20, 0x81C0,
    0x81C0, 0xCC20, 0xCC20, 0xCC20, 0xF81F, 0xF81F, 0xF81F, 0xF81F, 0xF81F, 0xF81F, 0xF81F, 0xF81F, 0xF81F, 0xF81F, 0xF81F, 0xF81F,
    0xF81F, 0xF81F, 0xF81F, 0xF81F, 0xF81F, 0xF81F, 0xF81F, 0xF81F, 0xF81F, 0xF81F, 0xF81F, 0xF81F, 0xF81F, 0xF81F, 0xF81F, 0xF81F,
    0x81C0, 0xE420, 0xE420, 0xE420, 0xE420, 0x81C0, 0x81C0, 0xE420, 0x81C0, 0xE420, 0x81C0, 0xFFF9, 0xFFF9, 0xFF30, 0xFF30, 0xFF30,
    0xE647, 0xFF30, 0xFF30, 0xFF30, 0xFFF9, 0xFFF9, 0x81C0, 0x81C0, 0x81C0, 0xCC20, 0x81C0, 0x81C0, 0xCC20, 0xCC20, 0x81C0, 0xCC20,
    0xCC20, 0xCC20, 0xF81F, 0xF81F, 0xF81F, 0xF81F, 0xF81F, 0xF81F, 0xF81F, 0xF81F, 0xF81F, 0xF81F, 0xF81F, 0xF81F, 0xF81F, 0xF81F,
    0xF81F, 0xF81F, 0xF81F, 0xF81F, 0xF81F, 0xF81F, 0xF81F, 0xF81F, 0xF81F, 0xF81F, 0xF81F, 0xF81F, 0xF81F, 0xF81F, 0xF81F, 0xF81F,
    0xF81F, 0xF81F, 0x81C0, 0xE420, 0xE420, 0xE420, 0xE420, 0x81C0, 0xE420, 0x81C0, 0xE420, 0x81C0, 0xFFF9, 0xFFF9, 0xFF30, 0xFF30,
    0xFF30, 0xFF30, 0xFFF9, 0xFFF9, 0x81C0, 0x81C0, 0xCC20, 0x81C0, 0xCC20, 0x81C0, 0xCC20, 0x81C0, 0xCC20, 0xCC20, 0xCC20, 0xCC20,
    0xF81F, 0xF81F, 0xF81F, 0xF81F, 0xF81F, 0xF81F, 0xF81F, 0xF81F, 0xF81F, 0xF81F, 0xF81F, 0xF81F, 0xF81F, 0xF81F, 0xF81F, 0xF81F,
    0xF81F, 0xF81F, 0xF81F, 0xF81F, 0xF81F, 0xF81F, 0xF81F, 0xF81F, 0xF81F, 0xF81F, 0xF81F, 0xF81F, 0xF81F, 0xF81F, 0xF81F, 0xF81F,
    0xF81F, 0xF81F, 0xF81F, 0x81C0, 0x81C0, 0xE420, 0xE420, 0xE420, 0x81C0, 0xE420, 0x81C0, 0xE420, 0x81C0, 0xE420, 0xFFF9, 0xFFF9,
    0xFFF9, 0xFFF9, 0xCC20, 0x81C0, 0xCC20, 0x81C0, 0x81C0, 0xCC20, 0x81C0, 0xCC20, 0x81C0, 0xCC20, 0xCC20, 0xCC20, 0xF81F, 0xF81F,
    0xF81F, 0xF81F, 0xF81F, 0xF81F, 0xF81F, 0xF81F, 0xF81F, 0xF81F, 0xF81F, 0xF81F, 0xF81F, 0xF81F, 0xF81F, 0xF81F, 0xF81F, 0xF81F,
    0xF81F, 0xF81F, 0xF81F, 0xF81F, 0xF81F, 0xF81F, 0xF81F, 0xF81F, 0xF81F, 0xF81F, 0xF81F, 0xF81F, 0xF81F, 0xF81F, 0xF81F, 0xF81F,
    0xF81F, 0xF81F, 0xF81F, 0xF81F, 0xF81F, 0xF81F, 0x81C0, 0xE420, 0xE420, 0xE420, 0xE420, 0xE420, 0xE420, 0x81C0, 0x81C0, 0xE420,
    0x81C0, 0x81C0, 0xE420, 0xCC20, 0x81C0, 0x81C0, 0xCC20, 0x81C0, 0xCC20, 0xCC20, 0xCC20, 0xCC20, 0xF81F, 0xF81F, 0xF81F, 0xF81F,
    0xF81F, 0xF81F, 0xF81F, 0xF81F, 0xF81F, 0xF81F, 0xF81F, 0xF81F, 0xF81F, 0xF81F, 0xF81F, 0xF81F, 0xF81F, 0xF81F, 0xF81F, 0xF81F,
    0xF81F, 0xF81F, 0xF81F, 0xF81F, 0xF81F, 0xF81F, 0xF81F, 0xF81F, 0xF81F, 0xF81F, 0xF81F, 0xF81F, 0xF81F, 0xF81F, 0xF81F, 0xF81F,
    0xF81F, 0xF81F, 0xF81F, 0xF81F, 0xF81F, 0xF81F, 0xF81F, 0x81C0, 0x81C0, 0x81C0, 0xE420, 0xE420, 0xE420, 0xE420, 0xE420, 0x81C0,
    0xE420, 0xCC20, 0x81C0, 0xE420, 0xCC20, 0xCC20, 0x81C0, 0xCC20, 0xCC20, 0xCC20, 0xF81F, 0xF81F, 0xF81F, 0xF81F, 0xF81F, 0xF81F,
    0xF81F, 0xF81F, 0xF81F, 0xF81F, 0xF81F, 0xF81F, 0xF81F, 0xF81F, 0xF81F, 0xF81F, 0xF81F, 0xF81F, 0xF81F, 0xF81F, 0xF81F, 0xF81F,
    0xF81F, 0xF81F, 0xF81F, 0xF81F, 0xF81F, 0xF81F, 0xF81F, 0xF81F, 0xF81F, 0xF81F, 0xF81F, 0xF81F, 0xF81F, 0xF81F, 0xF81F, 0xF81F,
    0xF81F, 0xF81F, 0xF81F, 0xF81F, 0xF81F, 0xF81F, 0xF81F, 0xF81F, 0xF81F, 0xF81F, 0x81C0, 0xE420, 0xE420, 0xE420, 0x81C0, 0xE420,
    0x81C0, 0xE420, 0xCC20, 0x81C0, 0xCC20, 0x81C0, 0xCC20, 0xCC20, 0xF81F, 0xF81F, 0xF81F, 0xF81F, 0xF81F, 0xF81F, 0xF81F, 0xF81F,
    0xF81F, 0xF81F, 0xF81F, 0xF81F, 0xF81F, 0xF81F, 0xF81F, 0xF81F, 0xF81F, 0xF81F, 0xF81F, 0xF81F, 0xF81F, 0xF81F, 0xF81F, 0xF81F,
    0xF81F, 0xF81F, 0xF81F, 0xF81F, 0xF81F, 0xF81F, 0xF81F, 0xF81F, 0xF81F, 0xF81F, 0xF81F, 0xF81F, 0xF81F, 0xF81F, 0xF81F, 0xF81F,
    0xF81F, 0xF81F, 0xF81F, 0xF81F, 0xF81F, 0xF81F, 0xF81F, 0xF81F, 0xF81F, 0xF81F, 0xF81F, 0x81C0, 0xE420, 0xE420, 0xE420, 0x81C0,
    0xE420, 0x81C0, 0x81C0, 0x81C0, 0xCC20, 0xCC20, 0xF81F, 0xF81F, 0xF81F, 0xF81F, 0xF81F, 0xF81F, 0xF81F, 0xF81F, 0xF81F, 0xF81F,
    0xF81F, 0xF81F, 0xF81F, 0xF81F, 0xF81F, 0xF81F, 0xF81F, 0xF81F, 0xF81F, 0xF81F, 0xF81F, 0xF81F, 0xF81F, 0xF81F, 0xF81F, 0xF81F,
    0xF81F, 0xF81F, 0xF81F, 0xF81F, 0xF81F, 0xF81F, 0xF81F, 0xF81F, 0xF81F, 0xF81F, 0xF81F, 0xF81F, 0xF81F, 0xF81F, 0xF81F, 0xF81F,
    0xF81F, 0xF81F, 0xF81F, 0xF81F, 0xF81F, 0xF81F, 0xF81F, 0xF81F, 0xF81F, 0xF81F, 0xF81F, 0xF81F, 0x81C0, 0x81C0, 0xE420, 0xE420,
    0x81C0, 0xE420, 0x81C0, 0x81C0, 0xF81F, 0xF81F, 0xF81F, 0xF81F, 0xF81F, 0xF81F, 0xF81F, 0xF81F, 0xF81F, 0xF81F, 0xF81F, 0xF81F,
    0xF81F, 0xF81F, 0xF81F, 0xF81F, 0xF81F, 0xF81F, 0xF81F, 0xF81F, 0xF81F, 0xF81F, 0xF81F, 0xF81F, 0xF81F, 0xF81F, 0xF81F, 0xF81F,
    0xF81F, 0xF81F, 0xF81F, 0xF81F, 0xF81F, 0xF81F, 0xF81F, 0xF81F, 0xF81F, 0xF81F, 0xF81F, 0xF81F, 0xF81F, 0xF81F, 0xF81F, 0xF81F,
    0xF81F, 0xF81F, 0xF81F, 0xF81F, 0xF81F, 0xF81F, 0xF81F, 0xF81F, 0xF81F, 0xF81F, 0xF81F, 0xF81F, 0xF81F, 0xF81F, 0x81C0, 0x81C0,
    0x81C0, 0x81C0, 0xF81F, 0xF81F, 0xF81F, 0xF81F, 0xF81F, 0xF81F, 0xF81F, 0xF81F, 0xF81F, 0xF81F, 0xF81F, 0xF81F, 0xF81F, 0xF81F,
    0xF81F, 0xF81F, 0xF81F, 0xF81F, 0xF81F, 0xF81F, 0xF81F, 0xF81F, 0xF81F, 0xF81F, 0xF81F, 0xF81F, 0xF81F, 0xF81F, 0xF81F, 0xF81F,
    0xF81F, 0xF81F, 0xF81F, 0xF81F, 0xF81F, 0xF81F, 0xF81F, 0xF81F, 0xF81F, 0xF81F, 0xF81F, 0xF81F, 0xF81F, 0xF81F, 0xF81F, 0xF81F,
    0xF81F, 0xF81F, 0xF81F, 0xF81F, 0xF81F, 0xF81F, 0xF81F, 0xF81F, 0xF81F, 0xF81F, 0xF81F, 0xF81F, 0xF81F, 0xF81F, 0xF81F, 0xF81F,
    0xF81F, 0xF81F, 0xF81F, 0xF81F, 0xF81F, 0xF81F, 0xF81F, 0xF81F, 0xF81F, 0xF81F, 0xF81F, 0xF81F, 0xF81F, 0xF81F, 0xF81F, 0xF81F,
    0xF81F, 0xF81F, 0xF81F, 0xF81F, 0xF81F, 0xF81F, 0xF81F, 0xF81F, 0xF81F, 0xF81F, 0xF81F, 0xF81F, 0xF81F, 0xF81F, 0xF81F, 0xF81F,
    0xF81F, 0xF81F, 0xF81F, 0xF81F, 0xF81F, 0xF81F, 0xF81F, 0xF81F, 0xF81F, 0xF81F, 0xF81F, 0xF81F, 0xF81F, 0xF81F, 0xF81F, 0xF81F,
    0xF81F, 0xF81F, 0xF81F, 0xF81F, 0xF81F, 0xF81F, 0xF81F, 0xF81F, 0xF81F, 0xF81F, 0xF81F, 0xF81F, 0xF81F, 0xF81F, 0xF81F, 0xF81F,
    0xF81F, 0xF81F, 0xF81F, 0xF81F, 0xF81F, 0xF81F, 0xF81F, 0xF81F, 0xF81F, 0xF81F, 0xF81F, 0xF81F, 0xF81F, 0xF81F, 0xF81F, 0xF81F,
    0xF81F, 0xF81F, 0xF81F, 0xF81F, 0xF81F, 0xF81F, 0xF81F, 0xF81F, 0xF81F, 0xF81F, 0xF81F, 0xF81F, 0xF81F, 0xF81F, 0xF81F, 0xF81F,
    0xF81F, 0xF81F, 0xF81F, 0xF81F, 0xF81F, 0xF81F, 0xF81F, 0xF81F, 0xF81F, 0xF81F, 0xF81F, 0xF81F, 0xF81F, 0xF81F, 0xF81F, 0xF81F,
    0xF81F, 0xF81F, 0xF81F, 0xF81F, 0xF81F, 0xF81F, 0xF81F, 0xF81F, 0xF81F, 0xF81F, 0xF81F, 0xF81F, 0xF81F, 0xF81F, 0xF81F, 0xF81F,
    0xF81F, 0xF81F, 0xF81F, 0xF81F, 0xF81F, 0xF81F, 0xF81F, 0xF81F, 0xF81F, 0xF81F, 0xF81F, 0xF81F, 0xF81F, 0xF81F, 0xF81F, 0xF81F,
    0xF81F, 0xF81F, 0xF81F, 0xF81F, 0xF81F, 0xF81F, 0xF81F, 0xF81F, 0xF81F, 0xF81F, 0xF81F, 0xF81F, 0xF81F, 0xF81F, 0xF81F, 0xF81F,
    0xF81F, 0xF81F, 0xF81F, 0xF81F, 0xF81F, 0xF81F, 0xF81F, 0xF81F, 0xF81F, 0xF81F, 0xF81F, 0xF81F, 0xF81F, 0xF81F, 0xF81F, 0xF81F,
    0xF81F, 0xF81F, 0xF81F, 0xF81F, 0xF81F, 0xF81F, 0xF81F, 0xF81F, 0xF81F, 0xF81F, 0xF81F, 0xF81F, 0xF81F, 0xF81F, 0xF81F, 0xF81F,
    0xF81F, 0xF81F, 0xF81F, 0xF81F, 0xF81F, 0xF81F, 0xF81F, 0xF81F, 0xF81F, 0xF81F, 0xF81F, 0xF81F, 0xF81F, 0xF81F, 0xF81F, 0xF81F,
    0xF81F, 0xF81F, 0xF81F, 0xF81F, 0xF81F, 0xF81F, 0xF81F, 0xF81F, 0xF81F, 0xF81F, 0xF81F, 0xF81F, 0xF81F, 0xF81F, 0xF81F, 0xF81F,
    0xF81F, 0xF81F, 0xF81F, 0xF81F, 0xF81F, 0xF81F, 0xF81F, 0xF81F, 0xF81F, 0xF81F, 0xF81F, 0xF81F, 0xF81F, 0xF81F, 0xF81F, 0xF81F,
    0xF81F, 0xF81F, 0xF81F, 0xF81F, 0xF81F, 0xF81F, 0xF81F, 0xF81F, 0xF81F, 0xF81F, 0xF81F, 0xF81F, 0xF81F, 0xF81F, 0xF81F, 0xF81F,
    0xF81F, 0xF81F, 0xF81F, 0xF81F, 0xF81F, 0xF81F, 0xF81F, 0xF81F, 0xF81F, 0xF81F, 0xF81F, 0xF81F, 0xF81F, 0xF81F, 0xF81F, 0xF81F,
    0xF81F, 0xF81F, 0xF81F, 0xF81F, 0xF81F, 0xF81F, 0xF81F, 0xF81F, 0xF81F, 0xF81F, 0xF81F, 0xF81F, 0xF81F, 0xF81F, 0xF81F, 0xF81F,
    0xF81F, 0xF81F, 0xF81F, 0xF81F, 0xF81F, 0xF81F, 0xF81F, 0xF81F, 0xF81F, 0xF81F, 0xF81F, 0xF81F, 0xF81F, 0xF81F, 0xF81F, 0xF81F,
    0xF81F, 0xF81F, 0xF81F, 0xF81F, 0xF81F, 0xF81F, 0xF81F, 0xF81F, 0xF81F, 0xF81F, 0xF81F, 0xF81F, 0xF81F, 0xF81F, 0xF81F, 0xF81F,
    0xF81F, 0xF81F, 0xF81F, 0xF81F, 0xF81F, 0xF81F, 0xF81F, 0xF81F, 0xF81F, 0xF81F, 0xF81F, 0xF81F, 0xF81F, 0xF81F, 0xF81F, 0xF81F,
    0xF81F, 0xF81F, 0xF81F, 0xF81F, 0xF81F, 0xF81F, 0xF81F, 0xF81F, 0xF81F, 0xF81F, 0xF81F, 0xF81F, 0xF81F, 0xF81F, 0xF81F, 0xF81F,
    0xF81F, 0xF81F, 0xF81F, 0xF81F, 0xF81F, 0xF81F, 0xF81F, 0xF81F, 0xF81F, 0xF81F, 0xF81F, 0xF81F, 0xF81F, 0xF81F, 0xF81F, 0xF81F,
    0xF81F, 0xF81F, 0xF81F, 0xF81F, 0xF81F, 0xF81F, 0xF81F, 0xF81F, 0xF81F, 0xF81F, 0xF81F, 0xF81F, 0xF81F, 0xF81F, 0xF81F, 0xF81F,
    0xF81F, 0xF81F, 0xF81F, 0xF81F, 0xF81F, 0xF81F, 0xF81F, 0xF81F, 0xF81F, 0xF81F, 0xF81F, 0xF81F, 0xF81F, 0xF81F, 0xF81F, 0xF81F,
    0xF81F, 0xF81F, 0xF81F, 0xF81F, 0xF81F, 0xF81F, 0xF81F, 0xF81F, 0xF81F, 0xF81F, 0xF81F, 0xF81F, 0xF81F, 0xF81F, 0xF81F, 0xF81F,
    0xF81F, 0xF81F, 0xF81F, 0xF81F, 0xF81F, 0xF81F, 0xF81F, 0xF81F, 0xF81F, 0xF81F, 0xF81F, 0xF81F, 0xF81F, 0xF81F, 0xF81F, 0xF81F,
    0xF81F, 0xF81F, 0xF81F, 0xF81F, 0xF81F, 0xF81F, 0xF81F, 0xF81F, 0xF81F, 0xF81F, 0xF81F, 0xF81F, 0xF81F, 0xF81F, 0xF81F, 0xF81F,
    0xF81F, 0xF81F, 0xF81F, 0xF81F, 0xF81F, 0xF81F, 0xF81F, 0xF81F, 0xF81F, 0xF81F, 0xF81F, 0xF81F, 0xF81F, 0xF81F, 0xF81F, 0xF81F,
    0xF81F, 0xF81F, 0xF81F, 0xF81F, 0xF81F, 0xF81F, 0xF81F, 0xF81F, 0xF81F, 0xF81F, 0xF81F, 0xF81F, 0xF81F, 0xF81F, 0xF81F, 0xF81F,
    0xF81F, 0xF81F, 0xF81F, 0xF81F, 0xF81F, 0xF81F, 0xF81F, 0xF81F, 0xF81F, 0xF81F, 0xF81F, 0xF81F, 0xF81F, 0xF81F, 0xF81F, 0xF81F,
    0xF81F, 0xF81F, 0xF81F, 0xF81F, 0xF81F, 0xF81F, 0xF81F, 0xF81F, 0xF81F, 0xF81F, 0xF81F, 0xF81F, 0xF81F, 0xF81F, 0xF81F, 0xF81F,
    0xF81F, 0xF81F, 0xF81F, 0xF81F, 0xF81F, 0xF81F, 0xF81F, 0xF81F, 0xF81F, 0xF81F, 0xF81F, 0xF81F, 0xF81F, 0xF81F, 0xF81F, 0xF81F,
    0xF81F, 0xF81F, 0xF81F, 0xF81F, 0xF81F, 0xF81F, 0xF81F, 0xF81F, 0xF81F, 0xF81F, 0xF81F, 0xF81F, 0xF81F, 0xF81F, 0xF81F, 0xF81F,
    0xF81F, 0xF81F, 0xF81F, 0xF81F, 0xF81F, 0xF81F, 0xF81F, 0xF81F, 0xF81F, 0xF81F, 0xF81F, 0xF81F, 0xF81F, 0xF81F, 0xF81F, 0xF81F,
    0xF81F, 0xF81F, 0xF81F, 0xF81F, 0xF81F, 0xF81F, 0xF81F, 0xF81F, 0xF81F, 0xF81F, 0xF81F, 0xF81F, 0xF81F, 0xF81F, 0xF81F, 0xF81F,
    0xF81F, 0xF81F, 0xF81F, 0xF81F, 0xF81F, 0xF81F, 0xF81F, 0xF81F, 0xF81F, 0xF81F, 0xF81F, 0xF81F, 0xF81F, 0xF81F, 0xF81F, 0xF81F,
    0xF81F, 0xF81F, 0xF81F, 0xF81F, 0xF81F, 0xF81F, 0xF81F, 0xF81F, 0xF81F, 0xF81F, 0xF81F, 0xF81F, 0xF81F, 0xF81F, 0xF81F, 0xF81F,
    0xF81F, 0xF81F, 0xF81F, 0xF81F, 0xF81F, 0xF81F, 0xF81F, 0xF81F, 0xF81F, 0xF81F, 0xF81F, 0xF81F, 0xF81F, 0xF81F, 0xF81F, 0xF81F,
    0xF81F, 0xF81F, 0xF81F, 0xF81F, 0xF81F, 0xF81F, 0xF81F, 0xF81F, 0xF81F, 0xF81F, 0xF81F, 0xF81F, 0xF81F, 0xF81F, 0xF81F, 0xF81F,
    0xF81F, 0xF81F, 0xF81F, 0xF81F, 0xF81F, 0xF81F, 0xF81F, 0xF81F, 0xF81F, 0xF81F, 0xF81F, 0xF81F, 0xF81F, 0xF81F, 0xF81F, 0xF81F,
    0xF81F, 0xF81F, 0xF81F, 0xF81F, 0xF81F, 0xF81F, 0xF81F, 0xF81F, 0xF81F, 0xF81F, 0xF81F, 0xF81F, 0xF81F, 0xF81F, 0xF81F, 0xF81F,
    0xF81F, 0xF81F, 0xF81F, 0xF81F, 0xF81F, 0xF81F, 0xF81F, 0xF81F, 0xF81F, 0xF81F, 0xF81F, 0xF81F, 0xF81F, 0xF81F, 0xF81F, 0xF81F,
    0xF81F, 0xF81F, 0xF81F, 0xF81F, 0xF81F, 0xF81F, 0xF81F, 0xF81F, 0xF81F, 0xF81F, 0xF81F, 0xF81F, 0xF81F, 0xF81F, 0xF81F, 0xF81F,
    0xF81F, 0xF81F, 0xF81F, 0xF81F, 0xF81F, 0xF81F, 0xF81F, 0xF81F, 0xF81F, 0xF81F, 0xF81F, 0xF81F, 0xF81F, 0xF81F, 0xF81F, 0xF81F,
    0xF81F, 0xF81F, 0xF81F, 0xF81F, 0xF81F, 0xF81F, 0xF81F, 0xF81F, 0xF81F, 0xF81F, 0xF81F, 0xF81F, 0xF81F, 0xF81F, 0xF81F, 0xF81F,
  },
  {
    0xF81F, 0xF81F, 0xF81F, 0xF81F, 0xF81F, 0xF81F, 0xF81F, 0xF81F, 0xF81F, 0xF81F, 0xF81F, 0xF81F, 0xF81F, 0xF81F, 0xF81F, 0xF81F,
    0xF81F, 0xF81F, 0xF81F, 0xF81F, 0xF81F, 0xF81F, 0xF81F, 0xF81F, 0xF81F, 0xF81F, 0xF81F, 0xF81F, 0xF81F, 0xF81F, 0xF81F, 0xF81F,
    0xF81F, 0xF81F, 0xF81F, 0xF81F, 0xF81F, 0xF81F, 0xF81F, 0xF81F, 0xF81F, 0xF81F, 0xF81F, 0xF81F, 0xF81F, 0xF81F, 0xF81F, 0xF81F,
    0xF81F, 0xF81F, 0xF81F, 0xF81F, 0xF81F, 0xF81F, 0xF81F, 0xF81F, 0xF81F, 0xF81F, 0xF81F, 0xF81F, 0xF81F, 0xF81F, 0xF81F, 0xF81F,
    0xF81F, 0xF81F, 0xF81F, 0xF81F, 0xF81F, 0xF81F, 0xF81F, 0xF81F, 0xF81F, 0xF81F, 0xF81F, 0xF81F, 0xF81F, 0xF81F, 0xF81F, 0xF81F,
    0xF81F, 0xF81F, 0xF81F, 0xF81F, 0xF81F, 0xF81F, 0xF81F, 0xF81F, 0xF81F, 0xF81F, 0xF81F, 0xF81F, 0xF81F, 0xF81F, 0xF81F, 0xF81F,
    0xF81F, 0xF81F, 0xF81F, 0xF81F, 0xF81F, 0xF81F, 0xF81F, 0xF81F, 0xF81F, 0xF81F, 0xF81F, 0xF81F, 0xF81F, 0xF81F, 0xF81F, 0xF81F,
    0xF81F, 0xF81F, 0xF81F, 0xF81F, 0xF81F, 0xF81F, 0xF81F, 0xF81F, 0xF81F, 0xF81F, 0xF81F, 0xF81F, 0xF81F, 0xF81F, 0xF81F, 0xF81F,
    0xF81F, 0xF81F, 0xF81F, 0xF81F, 0xF81F, 0xF81F, 0xF81F, 0xF81F, 0xF81F, 0xF81F, 0xF81F, 0xF81F, 0xF81F, 0xF81F, 0xF81F, 0xF81F,
    0xF81F, 0xF81F, 0xF81F, 0xF81F, 0xF81F, 0xF81F, 0xF81F, 0xF81F, 0xF81F, 0xF81F, 0xF81F, 0xF81F, 0xF81F, 0xF81F, 0xF81F, 0xF81F,
    0xF81F, 0xF81F, 0xF81F, 0xF81F, 0xF81F, 0xF81F, 0xF81F, 0xF81F, 0xF81F, 0xF81F, 0xF81F, 0xF81F, 0xF81F, 0xF81F, 0xF81F, 0xF81F,
    0xF81F, 0xF81F, 0xF81F, 0xF81F, 0xF81F, 0xF81F, 0xF81F, 0xF81F, 0xF81F, 0xF81F, 0xF81F, 0xF81F, 0xF81F, 0xF81F, 0xF81F, 0xF81F,
    0xF81F, 0xF81F, 0xF81F, 0xF81F, 0xF81F, 0xF81F, 0xF81F, 0xF81F, 0xF81F, 0xF81F, 0xF81F, 0xF81F, 0xF81F, 0xF81F, 0xF81F, 0xF81F,
    0xF81F, 0xF81F, 0xF81F, 0xF81F, 0xF81F, 0xF81F, 0xF81F, 0xF81F, 0xF81F, 0xF81F, 0xF81F, 0xF81F, 0xF81F, 0xF81F, 0xF81F, 0xF81F,
    0xF81F, 0xF81F, 0xF81F, 0xF81F, 0xF81F, 0xF81F, 0xF81F, 0xF81F, 0xF81F, 0xF81F, 0xF81F, 0xF81F, 0xF81F, 0xF81F, 0xF81F, 0xF81F,
    0xF81F, 0xF81F, 0xF81F, 0xF81F, 0xF81F, 0xF81F, 0xF81F, 0xF81F, 0xF81F, 0xF81F, 0xF81F, 0xF81F, 0xF81F, 0xF81F, 0xF81F, 0xF81F,
    0xF81F, 0xF81F, 0xF81F, 0xF81F, 0xF81F, 0xF81F, 0xF81F, 0xF81F, 0xF81F, 0xF81F, 0xF81F, 0xF81F, 0xF81F, 0xF81F, 0xF81F, 0xF81F,
    0xF81F, 0xF81F, 0xF81F, 0xF81F, 0xF81F, 0xF81F, 0xF81F, 0xF81F, 0xF81F, 0xF81F, 0xF81F, 0xF81F, 0xF81F, 0xF81F, 0xF81F, 0xF81F,
    0xF81F, 0xF81F, 0xF81F, 0xF81F, 0xF81F, 0xF81F, 0xF81F, 0xF81F, 0xF81F, 0xF81F, 0xF81F, 0xF81F, 0xF81F, 0xF81F, 0xF81F, 0xF81F,
    0xF81F, 0xF81F, 0xF81F, 0xF81F, 0xF81F, 0xF81F, 0xF81F, 0xF81F, 0xF81F, 0xF81F, 0xF81F, 0xF81F, 0xF81F, 0xF81F, 0xF81F, 0xF81F,
    0xF81F, 0xF81F, 0xF81F, 0xF81F, 0xF81F, 0xF81F, 0xF81F, 0xF81F, 0xF81F, 0xF81F, 0xF81F, 0xF81F, 0xF81F, 0xF81F, 0xF81F, 0xF81F,
    0xF81F, 0xF81F, 0xF81F, 0xF81F, 0xF81F, 0xF81F, 0xF81F, 0xF81F, 0xF81F, 0xF81F, 0xF81F, 0xF81F, 0xF81F, 0xF81F, 0xF81F, 0xF81F,
    0xF81F, 0xF81F, 0xF81F, 0xF81F, 0xF81F, 0xF81F, 0xF81F, 0xF81F, 0xF81F, 0xF81F, 0xF81F, 0xF81F, 0xF81F, 0xF81F, 0xF81F, 0xF81F,
    0xF81F, 0xF81F, 0xF81F, 0xF81F, 0xF81F, 0xF81F, 0xF81F, 0xF81F, 0xF81F, 0xF81F, 0xF81F, 0xF81F, 0xF81F, 0xF81F, 0xF81F, 0xF81F,
    0xF81F, 0xF81F, 0xF81F, 0xF81F, 0xF81F, 0xF81F, 0xF81F, 0xF81F, 0xF81F, 0xF81F, 0xF81F, 0xF81F, 0xF81F, 0xF81F, 0xF81F, 0xF81F,
    0xF81F, 0xF81F, 0xF81F, 0xF81F, 0xF81F, 0xF81F, 0xF81F, 0xF81F, 0xF81F, 0xF81F, 0xF81F, 0xF81F, 0xF81F, 0xF81F, 0xF81F, 0xF81F,
    0xF81F, 0xF81F, 0xF81F, 0xF81F, 0xF81F, 0xF81F, 0xF81F, 0xF81F, 0xF81F, 0xF81F, 0xF81F, 0xF81F, 0xF81F, 0xF81F, 0xF81F, 0xF81F,
    0xF81F, 0xF81F, 0xF81F, 0xF81F, 0xF81F, 0xF81F, 0xF81F, 0xF81F, 0xF81F, 0xF81F, 0xF81F, 0xF81F, 0xF81F, 0xF81F, 0xF81F, 0xF81F,
    0xF81F, 0xF81F, 0xF81F, 0xF81F, 0xF81F, 0xF81F, 0xF81F, 0xF81F, 0xF81F, 0xF81F, 0xF81F, 0xF81F, 0xF81F, 0xF81F, 0xF81F, 0xF81F,
    0xF81F, 0xF81F, 0xF81F, 0xF81F, 0xF81F, 0xF81F, 0xF81F, 0xF81F, 0xF81F, 0xF81F, 0xF81F, 0xF81F, 0xF81F, 0xF81F, 0xF81F, 0xF81F,
    0xF81F, 0xF81F, 0xF81F, 0xF81F, 0xF81F, 0xF81F, 0xF81F, 0xF81F, 0xF81F, 0xF81F, 0xF81F, 0xF81F, 0xF81F, 0xF81F, 0xF81F, 0xF81F,
    0xF81F, 0xF81F, 0xF81F, 0xF81F, 0xF81F, 0xF81F, 0xF81F, 0xF81F, 0xF81F, 0xF81F, 0xF81F, 0xF81F, 0xF81F, 0xF81F, 0xF81F, 0xF81F,
    0xF81F, 0xF81F, 0xF81F, 0xF81F, 0xF81F, 0xF81F, 0xF81F, 0xF81F, 0xF81F, 0xF81F, 0xF81F, 0xF81F, 0xF81F, 0xF81F, 0xF81F, 0xF81F,
    0xF81F, 0xF81F, 0xF81F, 0xF81F, 0xF81F, 0xF81F, 0xF81F, 0xF81F, 0xF81F, 0xF81F, 0xF81F, 0xF81F, 0xF81F, 0xF81F, 0xF81F, 0xF81F,
    0xF81F, 0xF81F, 0xF81F, 0xF81F, 0xF81F, 0xF81F, 0xF81F, 0xF81F, 0xF81F, 0xF81F, 0xF81F, 0xF81F, 0xF81F, 0xF81F, 0xF81F, 0xF81F,
    0xF81F, 0xF81F, 0xF81F, 0xF81F, 0xF81F, 0xF81F, 0xF81F, 0xF81F, 0xF81F, 0xF81F, 0xF81F, 0xF81F, 0xF81F, 0xF81F, 0xF81F, 0xF81F,
    0xF81F, 0xF81F, 0xF81F, 0xF81F, 0xF81F, 0xF81F, 0xF81F, 0xF81F, 0xF81F, 0xF81F, 0xF81F, 0xF81F, 0xF81F, 0xF81F, 0xF81F, 0xF81F,
    0xF81F, 0xF81F, 0xF81F, 0xF81F, 0xF81F, 0xF81F, 0xF81F, 0xF81F, 0xF81F, 0xF81F, 0xF81F, 0xF81F, 0xF81F, 0xF81F, 0xF81F, 0xF81F,
    0xF81F, 0xF81F, 0xF81F, 0xF81F, 0xF81F, 0xF81F, 0xF81F, 0xF81F, 0xF81F, 0xF81F, 0xF81F, 0xF81F, 0xF81F, 0xF81F, 0xF81F, 0xF81F,
    0xF81F, 0xF81F, 0xF81F, 0xF81F, 0xF81F, 0xF81F, 0xF81F, 0xF81F, 0xF81F, 0xF81F, 0xF81F, 0xF81F, 0xF81F, 0xF81F, 0xF81F, 0xF81F,
    0xF81F, 0xF81F, 0xF81F, 0xF81F, 0xF81F, 0xF81F, 0xF81F, 0xF81F, 0xF81F, 0xF81F, 0xF81F, 0xF81F, 0xF81F, 0xF81F, 0xF81F, 0xF81F,
    0xF81F, 0xF81F, 0xF81F, 0xF81F, 0xF81F, 0xF81F, 0xF81F, 0xF81F, 0xF81F, 0xF81F, 0xF81F, 0xF81F, 0xF81F, 0xF81F, 0xF81F, 0xF81F,
    0xF81F, 0xF81F, 0xF81F, 0xF81F, 0xF81F, 0xF81F, 0xF81F, 0xF81F, 0xF81F, 0xF81F, 0xF81F, 0xF81F, 0xF81F, 0xF81F, 0xF81F, 0xF81F,
    0xF81F, 0xF81F, 0xF81F, 0xF81F, 0xF81F, 0xF81F, 0xF81F, 0xF81F, 0xF81F, 0xF81F, 0xF81F, 0xF81F, 0xF81F, 0xF81F, 0xF81F, 0xF81F,
    0xF81F, 0xF81F, 0xF81F, 0xF81F, 0xF81F, 0xF81F, 0xF81F, 0xF81F, 0xF81F, 0xF81F, 0xF81F, 0xF81F, 0xF81F, 0xF81F, 0xF81F, 0xF81F,
    0xF81F, 0xF81F, 0xF81F, 0xF81F, 0xF81F, 0xF81F, 0xF81F, 0xF81F, 0xF81F, 0xF81F, 0xF81F, 0xF81F, 0xF81F, 0xF81F, 0xF81F, 0xF81F,
    0xF81F, 0xF81F, 0xF81F, 0xF81F, 0xF81F, 0xF81F, 0xF81F, 0xF81F, 0xF81F, 0xF81F, 0xF81F, 0xF81F, 0xF81F, 0xF81F, 0xF81F, 0xF81F,
    0xF81F, 0xF81F, 0xF81F, 0xF81F, 0xF81F, 0xF81F, 0xF81F, 0xF81F, 0xF81F, 0xF81F, 0xF81F, 0xF81F, 0xF81F, 0xF81F, 0xF81F, 0xF81F,
    0xF81F, 0xF81F, 0xF81F, 0xF81F, 0xF81F, 0xF81F, 0xF81F, 0xF81F, 0xF81F, 0xF81F, 0xF81F, 0xF81F, 0xF81F, 0xF81F, 0xF81F, 0xF81F,
    0xF81F, 0xF81F, 0xF81F, 0xF81F, 0xF81F, 0xF81F, 0xF81F, 0xF81F, 0xF81F, 0xF81F, 0xF81F, 0xF81F, 0xF81F, 0xF81F, 0xF81F, 0xF81F,
    0xF81F, 0xF81F, 0xF81F, 0xF81F, 0xF81F, 0xF81F, 0xF81F, 0xF81F, 0xF81F, 0xF81F, 0xF81F, 0xF81F, 0xF81F, 0xF81F, 0xF81F, 0xF81F,
    0xF81F, 0xF81F, 0xF81F, 0xF81F, 0xF81F, 0xF81F, 0xF81F, 0xF81F, 0xF81F, 0xF81F, 0xF81F, 0xF81F, 0xF81F, 0xF81F, 0xF81F, 0xF81F,
    0xF81F, 0xF81F, 0xF81F, 0xF81F, 0xF81F, 0xF81F, 0xF81F, 0xF81F, 0xF81F, 0xF81F, 0xF81F, 0xF81F, 0xF81F, 0xF81F, 0xF81F, 0xF81F,
    0xF81F, 0xF81F, 0xF81F, 0xF81F, 0xF81F, 0xF81F, 0xF81F, 0xF81F, 0xF81F, 0xF81F, 0xF81F, 0xF81F, 0xF81F, 0xF81F, 0xF81F, 0xF81F,
    0xF81F, 0xF81F, 0xF81F, 0xF81F, 0xF81F, 0xF81F, 0xF81F, 0xF81F, 0xF81F, 0xF81F, 0xF81F, 0xF81F, 0xF81F, 0xF81F, 0xF81F, 0xF81F,
    0xF81F, 0xF81F, 0xF81F, 0xF81F, 0xF81F, 0xF81F, 0xF81F, 0xF81F, 0xF81F, 0xF81F, 0xF81F, 0xF81F, 0xF81F, 0xF81F, 0xF81F, 0xF81F,
    0xF81F, 0xF81F, 0xF81F, 0xF81F, 0xF81F, 0xF81F, 0xF81F, 0xF81F, 0xF81F, 0xF81F, 0xF81F, 0xF81F, 0xF81F, 0xF81F, 0xF81F, 0xF81F,
    0xF81F, 0xF81F, 0xF81F, 0xF81F, 0xF81F, 0xF81F, 0xF81F, 0xF81F, 0xF81F, 0xF81F, 0xF81F, 0xF81F, 0xF81F, 0xF81F, 0xF81F, 0xF81F,
    0xF81F, 0xF81F, 0xF81F, 0xF81F, 0xF81F, 0xF81F, 0xF81F, 0xF81F, 0xF81F, 0xF81F, 0xF81F, 0xF81F, 0xF81F, 0xF81F, 0xF81F, 0xF81F,
    0xF81F, 0xF81F, 0xF81F, 0xF81F, 0xF81F, 0xF81F, 0xF81F, 0xF81F, 0xF81F, 0xF81F, 0xF81F, 0xF81F, 0xF81F, 0xF81F, 0xF81F, 0xF81F,
    0xF81F, 0xF81F, 0xF81F, 0xF81F, 0xF81F, 0xF81F, 0xF81F, 0xF81F, 0xF81F, 0xF81F, 0xF81F, 0xF81F, 0xF81F, 0xF81F, 0xF81F, 0xF81F,
    0xF81F, 0xF81F, 0xF81F, 0xF81F, 0xF81F, 0xF81F, 0xF81F, 0xF81F, 0xF81F, 0xF81F, 0xF81F, 0xF81F, 0xF81F, 0xF81F, 0xF81F, 0xF81F,
    0xF81F, 0xFE6C, 0xFE6C, 0xFE6C, 0xF81F, 0xF81F, 0xF81F, 0xF81F, 0xF81F, 0xF81F, 0xF81F, 0xF81F, 0xF81F, 0xF81F, 0xF81F, 0xF81F,
    0xF81F, 0xF81F, 0xF81F, 0xF81F, 0xF81F, 0xF81F, 0xF81F, 0xF81F, 0xF81F, 0xF81F, 0xF81F, 0xF81F, 0xF81F, 0xF81F, 0xF81F, 0xF81F,
    0xF81F, 0xF81F, 0xF81F, 0xF81F, 0xF81F, 0xF81F, 0xF81F, 0xF81F, 0xF81F, 0xF81F, 0xF81F, 0xF81F, 0xF81F, 0xF81F, 0xF81F, 0xF81F,
    0xF81F, 0xF81F, 0xF81F, 0xF81F, 0xF81F, 0xF81F, 0xF81F, 0xF81F, 0xF81F, 0xF81F, 0xF81F, 0xF81F, 0xF81F, 0xF81F, 0xFE6C, 0xFE6C,
    0xFE6C, 0xFE6C, 0xFE6C, 0xFE6C, 0xFE6C, 0xFE6C, 0xF81F, 0xF81F, 0xF81F, 0xF81F, 0xF81F, 0xF81F, 0xF81F, 0xF81F, 0xF81F, 0xF81F,
    0xF81F, 0xF81F, 0xF81F, 0xF81F, 0xF81F, 0xF81F, 0xF81F, 0xF81F, 0xF81F, 0xF81F, 0xF81F, 0xF81F, 0xF81F, 0xF81F, 0xF81F, 0xF81F,
    0xF81F, 0xF81F, 0xF81F, 0xF81F, 0xF81F, 0xF81F, 0xF81F, 0xF81F, 0xF81F, 0xF81F, 0xF81F, 0xF81F, 0xF81F, 0xF81F, 0xF81F, 0xF81F,
    0xF81F, 0xF81F, 0xF81F, 0xF81F, 0xF81F, 0xF81F, 0xF81F, 0xF81F, 0xF81F, 0xF81F, 0xF81F, 0xFFF3, 0xFFF3, 0xFE6C, 0xFE6C, 0xFE6C,
    0xFE6C, 0xCCC6, 0xFE6C, 0xCCC6, 0xFE6C, 0xFE6C, 0xFE6C, 0xFE6C, 0xF81F, 0xF81F, 0xF81F, 0xF81F, 0xF81F, 0xF81F, 0xF81F, 0xF81F,
    0xF81F, 0xF81F, 0xF81F, 0xF81F, 0xF81F, 0xF81F, 0xF81F, 0xF81F, 0xF81F, 0xF81F, 0xF81F, 0xF81F, 0xF81F, 0xF81F, 0xF81F, 0xF81F,
    0xF81F, 0xF81F, 0xF81F, 0xF81F, 0xF81F, 0xF81F, 0xF81F, 0xF81F, 0xF81F, 0xF81F, 0xF81F, 0xF81F, 0xF81F, 0xF81F, 0xF81F, 0xF81F,
    0xF81F, 0xF81F, 0xF81F, 0xF81F, 0xF81F, 0xF81F, 0xF81F, 0xF81F, 0xF81F, 0xFE6C, 0xFE6C, 0xFE6C, 0xCCC6, 0xFE6C, 0xCCC6, 0xFE6C,
    0xCCC6, 0xFE6C, 0xCCC6, 0xFE6C, 0xFE6C, 0xCCC6, 0xFE6C, 0xFE6C, 0xFE6C, 0xFE6C, 0xF81F, 0xF81F, 0xF81F, 0xF81F, 0xF81F, 0xF81F,
    0xF81F, 0xF81F, 0xF81F, 0xF81F, 0xF81F, 0xF81F, 0xF81F, 0xF81F, 0xF81F, 0xF81F, 0xF81F, 0xF81F, 0xF81F, 0xF81F, 0xF81F, 0xF81F,
    0xF81F, 0xF81F, 0xF81F, 0xF81F, 0xF81F, 0xF81F, 0xF81F, 0xF81F, 0xF81F, 0xF81F, 0xF81F, 0xF81F, 0xF81F, 0xF81F, 0xF81F, 0xF81F,
    0xF81F, 0xF81F, 0xF81F, 0xF81F, 0xF81F, 0xF81F, 0xFE6C, 0xFE6C, 0xFE6C, 0xCCC6, 0xFE6C, 0xCCC6, 0xFE6C, 0xCCC6, 0xFE6C, 0xCCC6,
    0xFE6C, 0xCCC6, 0xFE6C, 0xCCC6, 0xFE6C, 0xFE6C, 0xFE6C, 0xCCC6, 0xFE6C, 0xFE6C, 0xFE6C, 0xF81F, 0xF81F, 0xF81F, 0xF81F, 0xF81F,
    0xF81F, 0xF81F, 0xF81F, 0xF81F, 0xF81F, 0xF81F, 0xF81F, 0xF81F, 0xF81F, 0xF81F, 0xF81F, 0xF81F, 0xF81F, 0xF81F, 0xF81F, 0xF81F,
    0xF81F, 0xF81F, 0xF81F, 0xF81F, 0xF81F, 0xF81F, 0xF81F, 0xF81F, 0xF81F, 0xF81F, 0xF81F, 0xF81F, 0xF81F, 0xF81F, 0xF81F, 0xF81F,
    0xF81F, 0xF81F, 0xF81F, 0xF81F, 0xFFF3, 0xFE6C, 0xFE6C, 0xFE6C, 0xCCC6, 0xFE6C, 0xCCC6, 0xFE6C, 0xCCC6, 0xCCC6, 0xCCC6, 0xCCC6,
    0xCCC6, 0xCCC6, 0xFE6C, 0xCCC6, 0xFE6C, 0xCCC6, 0xFE6C, 0xFE6C, 0xFE6C, 0xFE6C, 0xFE6C, 0xFE6C, 0xFE6C, 0xF81F, 0xF81F, 0xF81F,
    0xF81F, 0xF81F, 0xF81F, 0xF81F, 0xF81F, 0xF81F, 0xF81F, 0xF81F, 0xF81F, 0xF81F, 0xF81F, 0xF81F, 0xF81F, 0xF81F, 0xF81F, 0xF81F,
    0xF81F, 0xF81F, 0xF81F, 0xF81F, 0xF81F, 0xF81F, 0xF81F, 0xF81F, 0xF81F, 0xF81F, 0xF81F, 0xF81F, 0xF81F, 0xF81F, 0xF81F, 0xF81F,
    0xF81F, 0xFFF3, 0xFFF3, 0xFFF3, 0xFE6C, 0xFE6C, 0xFE6C, 0xCCC6, 0xCCC6, 0xFE6C, 0xCCC6, 0xCCC6, 0x9B20, 0xCCC6, 0xCCC6, 0xCCC6,
    0x9B20, 0xCCC6, 0xCCC6, 0xCCC6, 0xCCC6, 0xFE6C, 0xCCC6, 0xFE6C, 0xFE6C, 0xCCC6, 0xFE6C, 0xCCC6, 0xFE6C, 0xFE6C, 0xFE6C, 0xF81F,
    0xF81F, 0xF81F, 0xF81F, 0xF81F, 0xF81F, 0xF81F, 0xF81F, 0xF81F, 0xF81F, 0xF81F, 0xF81F, 0xF81F, 0xF81F, 0xF81F, 0xF81F, 0xF81F,
    0xF81F, 0xF81F, 0xF81F, 0xF81F, 0xF81F, 0xF81F, 0xF81F, 0xF81F, 0xF81F, 0xF81F, 0xF81F, 0xF81F, 0xF81F, 0xF81F, 0xF81F, 0xFFF3,
    0xFFF3, 0xFE6C, 0xFE6C, 0xFE6C, 0xFE6C, 0xFE6C, 0xFE6C, 0xCCC6, 0xCCC6, 0xCCC6, 0xCCC6, 0xCCC6, 0xCCC6, 0xCCC6, 0x9B20, 0xCCC6,
    0xCCC6, 0xCCC6, 0xCCC6, 0xCCC6, 0xFE6C, 0xCCC6, 0xFE6C, 0xFE6C, 0xCCC6, 0xFE6C, 0xCCC6, 0xFE6C, 0xFE6C, 0xFE6C, 0xFE6C, 0xFE6C,
    0xF81F, 0xF81F, 0xF81F, 0xF81F, 0xF81F, 0xF81F, 0xF81F, 0xF81F, 0xF81F, 0xF81F, 0xF81F, 0xF81F, 0xF81F, 0xF81F, 0xF81F, 0xF81F,
    0xF81F, 0xF81F, 0xF81F, 0xF81F, 0xF81F, 0xF81F, 0xF81F, 0xF81F, 0xF81F, 0xF81F, 0xF81F, 0xF81F, 0xFFF3, 0xFFF3, 0xFFF3, 0xFE6C,
    0xFE6C, 0xFE6C, 0xCCC6, 0xCCC6, 0xFE6C, 0xCCC6, 0xCCC6, 0xCCC6, 0xCCC6, 0xCCC6, 0xCCC6, 0x9B20, 0xCCC6, 0x9B20, 0xCCC6, 0x9B20,
    0xCCC6, 0x9B20, 0xCCC6, 0xCCC6, 0xCCC6, 0xCCC6, 0xCCC6, 0xCCC6, 0xFE6C, 0xCCC6, 0xCCC6, 0xFE6C, 0xCCC6, 0xFE6C, 0xCCC6, 0xFE6C,
    0xFE6C, 0xFE6C, 0xF81F, 0xF81F, 0xF81F, 0xF81F, 0xF81F, 0xF81F, 0xF81F, 0xF81F, 0xF81F, 0xF81F, 0xF81F, 0xF81F, 0xF81F, 0xF81F,
    0xF81F, 0xF81F, 0xF81F, 0xF81F, 0xF81F, 0xF81F, 0xF81F, 0xF81F, 0xF81F, 0xF81F, 0xFFF3, 0xFFF3, 0xFE6C, 0xFE6C, 0xFE6C, 0xFE6C,
    0xFE6C, 0xFE6C, 0xCCC6, 0xFE6C, 0xCCC6, 0xCCC6, 0xCCC6, 0xCCC6, 0xCCC6, 0xCCC6, 0x9B20, 0xCCC6, 0x9B20, 0xCCC6, 0x9B20, 0x9B20,
    0x9B20, 0xCCC6, 0x9B20, 0xCCC6, 0xCCC6, 0xCCC6, 0xCCC6, 0xCCC6, 0xCCC6, 0xCCC6, 0xFE6C, 0xCCC6, 0xFE6C, 0xCCC6, 0xFE6C, 0xFE6C,
    0xCCC6, 0xFE6C, 0xFE6C, 0xFE6C, 0xF81F, 0xF81F, 0xF81F, 0xF81F, 0xF81F, 0xF81F, 0xF81F, 0xF81F, 0xF81F, 0xF81F, 0xF81F, 0xF81F,
    0xF81F, 0xF81F, 0xF81F, 0xF81F, 0xF81F, 0xF81F, 0xF81F, 0xF81F, 0xF81F, 0xFFF3, 0xFE6C, 0xFE6C, 0xFE6C, 0xFE6C, 0xCCC6, 0xCCC6,
    0xFE6C, 0xCCC6, 0xFE6C, 0xCCC6, 0xCCC6, 0xFE6C, 0xCCC6, 0xCCC6, 0xCCC6, 0x9B20, 0x9B20, 0x9B20, 0xCCC6, 0x9B20, 0xCCC6, 0x9B20,
    0xCCC6, 0x9B20, 0xCCC6, 0x9B20, 0x9B20, 0xCCC6, 0xCCC6, 0x9B20, 0xCCC6, 0xCCC6, 0xCCC6, 0xCCC6, 0xCCC6, 0xFE6C, 0xCCC6, 0xFE6C,
    0xFE6C, 0xFE6C, 0xFE6C, 0xFE6C, 0xFE6C, 0xF81F, 0xF81F, 0xF81F, 0xF81F, 0xF81F, 0xF81F, 0xF81F, 0xF81F, 0xF81F, 0xF81F, 0xF81F,
    0xF81F, 0xF81F, 0xF81F, 0xF81F, 0xF81F, 0xF81F, 0xF81F, 0xF81F, 0xF81F, 0xFFF3, 0xFE6C, 0xFE6C, 0xFE6C, 0xFE6C, 0xCCC6, 0xFE6C,
    0xCCC6, 0xFE6C, 0xCCC6, 0xCCC6, 0xCCC6, 0xCCC6, 0xCCC6, 0x9B20, 0x9B20, 0xCCC6, 0x9B20, 0xCCC6, 0x9B20, 0x9B20, 0x9B20, 0xCCC6,
    0x9B20, 0x9B20, 0xCCC6, 0x9B20, 0x9B20, 0xCCC6, 0x9B20, 0xCCC6, 0xCCC6, 0xCCC6, 0xFE6C, 0xCCC6, 0xFE6C, 0xCCC6, 0xFE6C, 0xCCC6,
    0xFE6C, 0xCCC6, 0xFE6C, 0xFE6C, 0xFE6C, 0xFE6C, 0xFE6C, 0xF81F, 0xF81F, 0xF81F, 0xF81F, 0xF81F, 0xF81F, 0xF81F, 0xF81F, 0xF81F,
    0xF81F, 0xF81F, 0xF81F, 0xF81F, 0xF81F, 0xF81F, 0xF81F, 0xF81F, 0xFFF3, 0xFE6C, 0xFE6C, 0xFE6C, 0xFE6C, 0xCCC6, 0xFE6C, 0xCCC6,
    0xFE6C, 0xCCC6, 0xFE6C, 0xCCC6, 0xCCC6, 0xCCC6, 0x9B20, 0xCCC6, 0x9B20, 0x9B20, 0xCCC6, 0x9B20, 0x9B20, 0x9B20, 0x9B20, 0x9B20,
    0x9B20, 0x9B20, 0x9B20, 0x9B20, 0xCCC6, 0x9B20, 0xCCC6, 0x9B20, 0xCCC6, 0xCCC6, 0xCCC6, 0xCCC6, 0xCCC6, 0xCCC6, 0xCCC6, 0xFE6C,
    0xCCC6, 0xFE6C, 0xFE6C, 0xFE6C, 0xFE6C, 0xFE6C, 0xFE6C, 0xFE6C, 0xF81F, 0xF81F, 0xF81F, 0xF81F, 0xF81F, 0xF81F, 0xF81F, 0xF81F,
    0xF81F, 0xF81F, 0xF81F, 0xF81F, 0xF81F, 0xF81F, 0xF81F, 0xF81F, 0xFFF3, 0xFE6C, 0xFE6C, 0xCCC6, 0xFE6C, 0xFE6C, 0xCCC6, 0xFE6C,
    0xCCC6, 0xCCC6, 0xCCC6, 0xCCC6, 0x9B20, 0xCCC6, 0xCCC6, 0x9B20, 0x9B20, 0x9B20, 0x9B20, 0x9B20, 0x9B20, 0x9B20, 0x9B20, 0x9B20,
    0x9B20, 0x9B20, 0x9B20, 0x9B20, 0x9B20, 0xCCC6, 0x9B20, 0xCCC6, 0xCCC6, 0x9B20, 0xCCC6, 0xCCC6, 0xFE6C, 0xCCC6, 0xCCC6, 0xCCC6,
    0xFE6C, 0xCCC6, 0xFE6C, 0xFE6C, 0xFE6C, 0xFE6C, 0xFE6C, 0xFE6C, 0xFE6C, 0xF81F, 0xF81F, 0xF81F, 0xF81F, 0xF81F, 0xF81F, 0xF81F,
    0xF81F, 0xF81F, 0xF81F, 0xF81F, 0xF81F, 0xF81F, 0xF81F, 0xF81F, 0xFFF3, 0xFE6C, 0xFE6C, 0xFE6C, 0xFE6C, 0xCCC6, 0xFE6C, 0xCCC6,
    0xFE6C, 0xCCC6, 0xCCC6, 0xCCC6, 0xCCC6, 0xCCC6, 0x9B20, 0xCCC6, 0x9B20, 0xCCC6, 0x9B20, 0x9B20, 0x9B20, 0x9B20, 0x9B20, 0x9B20,
    0x9B20, 0x9B20, 0x9B20, 0x9B20, 0xCCC6, 0x9B20, 0xCCC6, 0x9B20, 0xCCC6, 0xCCC6, 0xCCC6, 0xCCC6, 0xCCC6, 0xFE6C, 0xCCC6, 0xFE6C,
    0xCCC6, 0xFE6C, 0xFE6C, 0xFE6C, 0xFE6C, 0xFE6C, 0xFE6C, 0xFE6C, 0xFE6C, 0xFE6C, 0xF81F, 0xF81F, 0xF81F, 0xF81F, 0xF81F, 0xF81F,
    0xF81F, 0xF81F, 0xF81F, 0xF81F, 0xF81F, 0xF81F, 0xF81F, 0xF81F, 0x6180, 0xFFF3, 0xFE6C, 0xFE6C, 0xCCC6, 0xFE6C, 0xCCC6, 0xFE6C,
    0xCCC6, 0xFE6C, 0xCCC6, 0xCCC6, 0xCCC6, 0x9B20, 0xCCC6, 0x9B20, 0xCCC6, 0x9B20, 0xCCC6, 0x9B20, 0x9B20, 0x9B20, 0x9B20, 0x9B20,
    0x9B20, 0x9B20, 0x9B20, 0x9B20, 0x9B20, 0x9B20, 0x9B20, 0xCCC6, 0xCCC6, 0xCCC6, 0xCCC6, 0xCCC6, 0xCCC6, 0xCCC6, 0xFE6C, 0xCCC6,
    0xFE6C, 0xCCC6, 0xFE6C, 0xCCC6, 0xFE6C, 0xFE6C, 0xFE6C, 0xFE6C, 0xFE6C, 0xFE6C, 0xF81F, 0xF81F, 0xF81F, 0xF81F, 0xF81F, 0xF81F,
    0xF81F, 0xF81F, 0xF81F, 0xF81F, 0xF81F, 0xF81F, 0xF81F, 0xF81F, 0xCB20, 0x6180, 0xFFF3, 0xFE6C, 0xFE6C, 0xFE6C, 0xFE6C, 0xCCC6,
    0xFE6C, 0xCCC6, 0xCCC6, 0xCCC6, 0xCCC6, 0xCCC6, 0x9B20, 0xCCC6, 0x9B20, 0x9B20, 0x9B20, 0x9B20, 0xCCC6, 0xCCC6, 0x9B20, 0x9B20,
    0x9B20, 0x9B20, 0xCCC6, 0x9B20, 0xCCC6, 0x9B20, 0xCCC6, 0x9B20, 0xCCC6, 0xFE6C, 0xCCC6, 0xFE6C, 0xCCC6, 0xFE6C, 0xCCC6, 0xFE6C,
    0xCCC6, 0xCCC6, 0xFE6C, 0xFE6C, 0xFE6C, 0xFE6C, 0xFE6C, 0xFE6C, 0xFE6C, 0xFE6C, 0xFFF3, 0xF81F, 0xF81F, 0xF81F, 0xF81F, 0xF81F,
    0xF81F, 0xF81F, 0xF81F, 0xF81F, 0xF81F, 0xF81F, 0xF81F, 0xF81F, 0x6180, 0xCB20, 0x6180, 0xFFF3, 0xFE6C, 0xFE6C, 0xCCC6, 0xFE6C,
    0xCCC6, 0xFE6C, 0xCCC6, 0xFE6C, 0xCCC6, 0xCCC6, 0xCCC6, 0x9B20, 0xCCC6, 0x9B20, 0x9B20, 0x9B20, 0x9B20, 0x9B20, 0xCCC6, 0x9B20,
    0x9B20, 0xCCC6, 0x9B20, 0x9B20, 0x9B20, 0xCCC6, 0xCCC6, 0xCCC6, 0xCCC6, 0xCCC6, 0xCCC6, 0xCCC6, 0xFE6C, 0xCCC6, 0xCCC6, 0xFE6C,
    0xFE6C, 0xFE6C, 0xFE6C, 0xFE6C, 0xFE6C, 0xFE6C, 0xFE6C, 0xFE6C, 0xFE6C, 0xFE6C, 0xFFF3, 0xF81F, 0xF81F, 0xF81F, 0xF81F, 0xF81F,
    0xF81F, 0xF81F, 0xF81F, 0xF81F, 0xF81F, 0xF81F, 0xF81F, 0xF81F, 0xCB20, 0x6180, 0xCB20, 0x6180, 0xFFF3, 0xFFF3, 0xFE6C, 0xFE6C,
    0xFE6C, 0xCCC6, 0xFE6C, 0xCCC6, 0xCCC6, 0xCCC6, 0xCCC6, 0xCCC6, 0xCCC6, 0x9B20, 0xCCC6, 0xCCC6, 0x9B20, 0xCCC6, 0x9B20, 0xCCC6,
    0x9B20, 0xCCC6, 0xCCC6, 0x9B20, 0xCCC6, 0x9B20, 0xCCC6, 0xFE6C, 0xCCC6, 0xFE6C, 0xCCC6, 0xFE6C, 0xFE6C, 0xFE6C, 0xFE6C, 0xFE6C,
    0xFE6C, 0xFE6C, 0xFE6C, 0xFE6C, 0xFE6C, 0xFE6C, 0xFE6C, 0xFE6C, 0xFE6C, 0xFFF3, 0x9B20, 0xF81F, 0xF81F, 0xF81F, 0xF81F, 0xF81F,
    0xF81F, 0xF81F, 0xF81F, 0xF81F, 0xF81F, 0xF81F, 0xF81F, 0xF81F, 0xCB20, 0xCB20, 0x6180, 0xCB20, 0x6180, 0xCB20, 0xFFF3, 0xFE6C,
    0xFE6C, 0xFE6C, 0xCCC6, 0xFE6C, 0xCCC6, 0xCCC6, 0xFE6C, 0xCCC6, 0xCCC6, 0xCCC6, 0xCCC6, 0xCCC6, 0xCCC6, 0xCCC6, 0xCCC6, 0x9B20,
    0xCCC6, 0x9B20, 0xCCC6, 0xCCC6, 0xCCC6, 0xCCC6, 0xCCC6, 0xCCC6, 0xCCC6, 0xCCC6, 0xCCC6, 0xFE6C, 0xFE6C, 0xFE6C, 0xFE6C, 0xFE6C,
    0xFE6C, 0xFE6C, 0xFE6C, 0xFE6C, 0xFE6C, 0xFE6C, 0xCCC6, 0xFFF3, 0xFFF3, 0x6180, 0x9B20, 0xF81F, 0xF81F, 0xF81F, 0xF81F, 0xF81F,
    0xF81F, 0xF81F, 0xF81F, 0xF81F, 0xF81F, 0xF81F, 0xF81F, 0xF81F, 0xCB20, 0xCB20, 0xCB20, 0x6180, 0xCB20, 0x6180, 0xCB20, 0xFFF3,
    0xFE6C, 0xCCC6, 0xFE6C, 0xFE6C, 0xCCC6, 0xFE6C, 0xCCC6, 0xCCC6, 0xCCC6, 0xFE6C, 0xFE6C, 0xCCC6, 0xCCC6, 0x9B20, 0xCCC6, 0xCCC6,
    0xCCC6, 0xCCC6, 0xCCC6, 0x9B20, 0xCCC6, 0xCCC6, 0xCCC6, 0xFE6C, 0xCCC6, 0xFE6C, 0xFE6C, 0xFE6C, 0xCCC6, 0xFE6C, 0xFE6C, 0xCCC6,
    0xFE6C, 0xFE6C, 0xCCC6, 0xFE6C, 0xFFF3, 0xFE6C, 0xFFF3, 0x6180, 0x6180, 0x9B20, 0x9B20, 0xF81F, 0xF81F, 0xF81F, 0xF81F, 0xF81F,
    0xF81F, 0xF81F, 0xF81F, 0xF81F, 0xF81F, 0xF81F, 0xF81F, 0xF81F, 0x6180, 0xCB20, 0xCB20, 0xCB20, 0x6180, 0xCB20, 0x6180, 0x6180,
    0xCB20, 0xFFF3, 0xFE6C, 0xFE6C, 0xCCC6, 0xFE6C, 0xFE6C, 0xCCC6, 0xFE6C, 0xFE6C, 0xCCC6, 0xFE6C, 0xCCC6, 0xCCC6, 0xCCC6, 0xCCC6,
    0xCCC6, 0x9B20, 0xCCC6, 0xCCC6, 0xCCC6, 0xFE6C, 0xCCC6, 0xCCC6, 0xFE6C, 0xCCC6, 0xFE6C, 0xFE6C, 0xFE6C, 0xFE6C, 0xFE6C, 0xFE6C,
    0xFE6C, 0xFE6C, 0xFE6C, 0xFFF3, 0xFFF3, 0x6180, 0x6180, 0x6180, 0x6180, 0x6180, 0x9B20, 0xF81F, 0xF81F, 0xF81F, 0xF81F, 0xF81F,
    0xF81F, 0xF81F, 0xF81F, 0xF81F, 0xF81F, 0xF81F, 0xF81F, 0xF81F, 0xF81F, 0x6180, 0xCB20, 0x6180, 0xCB20, 0xCB20, 0x6180, 0xCB20,
    0x6180, 0xFFF3, 0xFE6C, 0xFE6C, 0xFE6C, 0xFE6C, 0xFE6C, 0xCCC6, 0xFE6C, 0xCCC6, 0xFE6C, 0xCCC6, 0xFE6C, 0xCCC6, 0xFE6C, 0xCCC6,
    0xCCC6, 0xCCC6, 0xCCC6, 0xCCC6, 0xFE6C, 0xCCC6, 0xCCC6, 0xCCC6, 0xFE6C, 0xFE6C, 0xFE6C, 0xCCC6, 0xFE6C, 0xFE6C, 0xFE6C, 0xFE6C,
    0xFFF3, 0xFE6C, 0xFFF3, 0x6180, 0x6180, 0x6180, 0x6180, 0x9B20, 0x9B20, 0x9B20, 0x9B20, 0xF81F, 0xF81F, 0xF81F, 0xF81F, 0xF81F,
    0xF81F, 0xF81F, 0xF81F, 0xF81F, 0xF81F, 0xF81F, 0xF81F, 0xF81F, 0xF81F, 0xF81F, 0xF81F, 0x6180, 0xCB20, 0x6180, 0xCB20, 0x6180,
    0x6180, 0xCB20, 0xFFF3, 0xFFF3, 0xFE6C, 0xFE6C, 0xFE6C, 0xFE6C, 0xFE6C, 0xCCC6, 0xFE6C, 0xFE6C, 0xCCC6, 0xCCC6, 0xCCC6, 0xFE6C,
    0xCCC6, 0xFE6C, 0xCCC6, 0xCCC6, 0xCCC6, 0xFE6C, 0xCCC6, 0xFE6C, 0xCCC6, 0xFE6C, 0xFE6C, 0xFE6C, 0xFE6C, 0xFE6C, 0xFE6C, 0xFFF3,
    0xFFF3, 0xFFF3, 0x6180, 0x6180, 0x6180, 0x6180, 0x6180, 0x9B20, 0x6180, 0x9B20, 0x9B20, 0xF81F, 0xF81F, 0xF81F, 0xF81F, 0xF81F,
    0xF81F, 0xF81F, 0xF81F, 0xF81F, 0xF81F, 0xF81F, 0xF81F, 0xF81F, 0xF81F, 0xF81F, 0xF81F, 0xF81F, 0x6180, 0xCB20, 0xCB20, 0x6180,
    0xCB20, 0x6180, 0xCB20, 0x6180, 0xFFF3, 0xFE6C, 0xCCC6, 0xCCC6, 0xFE6C, 0xFE6C, 0xFE6C, 0xFE6C, 0xFE6C, 0xCCC6, 0xFE6C, 0xCCC6,
    0xFE6C, 0xCCC6, 0xFE6C, 0xCCC6, 0xFE6C, 0xCCC6, 0xFE6C, 0xFE6C, 0xFE6C, 0xFE6C, 0xFE6C, 0xFE6C, 0xFE6C, 0xFFF3, 0xFFF3, 0x6180,
    0x6180, 0x6180, 0x6180, 0x6180, 0x6180, 0x6180, 0x9B20, 0x9B20, 0x9B20, 0x9B20, 0xF81F, 0xF81F, 0xF81F, 0xF81F, 0xF81F, 0xF81F,
    0xF81F, 0xF81F, 0xF81F, 0xF81F, 0xF81F, 0xF81F, 0xF81F, 0xF81F, 0xF81F, 0xF81F, 0xF81F, 0xF81F, 0xF81F, 0x6180, 0xCB20, 0xCB20,
    0x6180, 0xCB20, 0x6180, 0xCB20, 0x6180, 0xFFF3, 0xFE6C, 0xFE6C, 0xFE6C, 0xFE6C, 0xCCC6, 0xFE6C, 0xFE6C, 0xFE6C, 0xFE6C, 0xFE6C,
    0xCCC6, 0xFE6C, 0xCCC6, 0xFE6C, 0xCCC6, 0xFE6C, 0xFE6C, 0xFE6C, 0xFE6C, 0xFE6C, 0xFE6C, 0xFFF3, 0xFFF3, 0x6180, 0x6180, 0x6180,
    0x6180, 0x6180, 0x6180, 0x6180, 0x9B20, 0x9B20, 0x9B20, 0x9B20, 0xF81F, 0xF81F, 0xF81F, 0xF81F, 0xF81F, 0xF81F, 0xF81F, 0xF81F,
    0xF81F, 0xF81F, 0xF81F, 0xF81F, 0xF81F, 0xF81F, 0xF81F, 0xF81F, 0xF81F, 0xF81F, 0xF81F, 0xF81F, 0xF81F, 0xF81F, 0xCB20, 0xCB20,
    0xCB20, 0x6180, 0xCB20, 0x6180, 0xCB20, 0x6180, 0x6180, 0xFFF3, 0xFFF3, 0xFE6C, 0xFE6C, 0xFE6C, 0xFE6C, 0xFE6C, 0xFE6C, 0xFE6C,
    0xFE6C, 0xFE6C, 0xFE6C, 0xFE6C, 0xFE6C, 0xFE6C, 0xFE6C, 0xFE6C, 0xFFF3, 0xFFF3, 0xFFF3, 0x6180, 0x6180, 0x6180, 0x6180, 0x6180,
    0x6180, 0x6180, 0x9B20, 0x9B20, 0x9B20, 0x9B20, 0xF81F, 0xF81F, 0xF81F, 0xF81F, 0xF81F, 0xF81F, 0xF81F, 0xF81F, 0xF81F, 0xF81F,
    0xF81F, 0xF81F, 0xF81F, 0xF81F, 0xF81F, 0xF81F, 0xF81F, 0xF81F, 0xF81F, 0xF81F, 0xF81F, 0xF81F, 0xF81F, 0xF81F, 0xF81F, 0x6180,
    0xCB20, 0xCB20, 0x6180, 0xCB20, 0x6180, 0xCB20, 0xCB20, 0x6180, 0xCB20, 0xFFF3, 0xFFF3, 0xFE6C, 0xFE6C, 0xFE6C, 0xFE6C, 0xFE6C,
    0xCCC6, 0xFE6C, 0xFE6C, 0xCCC6, 0xFE6C, 0xFE6C, 0xFE6C, 0xFFF3, 0x6180, 0x6180, 0x6180, 0x6180, 0x6180, 0x6180, 0x9B20, 0x6180,
    0x6180, 0x9B20, 0x9B20, 0x9B20, 0xF81F, 0xF81F, 0xF81F, 0xF81F, 0xF81F, 0xF81F, 0xF81F, 0xF81F, 0xF81F, 0xF81F, 0xF81F, 0xF81F,
    0xF81F, 0xF81F, 0xF81F, 0xF81F, 0xF81F, 0xF81F, 0xF81F, 0xF81F, 0xF81F, 0xF81F, 0xF81F, 0xF81F, 0xF81F, 0xF81F, 0xF81F, 0xF81F,
    0x6180, 0xCB20, 0xCB20, 0xCB20, 0xCB20, 0x6180, 0x6180, 0xCB20, 0x6180, 0xCB20, 0x6180, 0xFFF3, 0xFFF3, 0xFE6C, 0xFE6C, 0xFE6C,
    0xCCC6, 0xFE6C, 0xFE6C, 0xFE6C, 0xFFF3, 0xFFF3, 0x6180, 0x6180, 0x6180, 0x9B20, 0x6180, 0x6180, 0x9B20, 0x9B20, 0x6180, 0x9B20,
    0x9B20, 0x9B20, 0xF81F, 0xF81F, 0xF81F, 0xF81F, 0xF81F, 0xF81F, 0xF81F, 0xF81F, 0xF81F, 0xF81F, 0xF81F, 0xF81F, 0xF81F, 0xF81F,
    0xF81F, 0xF81F, 0xF81F, 0xF81F, 0xF81F, 0xF81F, 0xF81F, 0xF81F, 0xF81F, 0xF81F, 0xF81F, 0xF81F, 0xF81F, 0xF81F, 0xF81F, 0xF81F,
    0xF81F, 0xF81F, 0x6180, 0xCB20, 0xCB20, 0xCB20, 0xCB20, 0x6180, 0xCB20, 0x6180, 0xCB20, 0x6180, 0xFFF3, 0xFFF3, 0xFE6C, 0xFE6C,
    0xFE6C, 0xFE6C, 0xFFF3, 0xFFF3, 0x6180, 0x6180, 0x9B20, 0x6180, 0x9B20, 0x6180, 0x9B20, 0x6180, 0x9B20, 0x9B20, 0x9B20, 0x9B20,
    0xF81F, 0xF81F, 0xF81F, 0xF81F, 0xF81F, 0xF81F, 0xF81F, 0xF81F, 0xF81F, 0xF81F, 0xF81F, 0xF81F, 0xF81F, 0xF81F, 0xF81F, 0xF81F,
    0xF81F, 0xF81F, 0xF81F, 0xF81F, 0xF81F, 0xF81F, 0xF81F, 0xF81F, 0xF81F, 0xF81F, 0xF81F, 0xF81F, 0xF81F, 0xF81F, 0xF81F, 0xF81F,
    0xF81F, 0xF81F, 0xF81F, 0x6180, 0x6180, 0xCB20, 0xCB20, 0xCB20, 0x6180, 0xCB20, 0x6180, 0xCB20, 0x6180, 0xCB20, 0xFFF3, 0xFFF3,
    0xFFF3, 0xFFF3, 0x9B20, 0x6180, 0x9B20, 0x6180, 0x6180, 0x9B20, 0x6180, 0x9B20, 0x6180, 0x9B20, 0x9B20, 0x9B20, 0xF81F, 0xF81F,
    0xF81F, 0xF81F, 0xF81F, 0xF81F, 0xF81F, 0xF81F, 0xF81F, 0xF81F, 0xF81F, 0xF81F, 0xF81F, 0xF81F, 0xF81F, 0xF81F, 0xF81F, 0xF81F,
    0xF81F, 0xF81F, 0xF81F, 0xF81F, 0xF81F, 0xF81F, 0xF81F, 0xF81F, 0xF81F, 0xF81F, 0xF81F, 0xF81F, 0xF81F, 0xF81F, 0xF81F, 0xF81F,
    0xF81F, 0xF81F, 0xF81F, 0xF81F, 0xF81F, 0xF81F, 0x6180, 0xCB20, 0xCB20, 0xCB20, 0xCB20, 0xCB20, 0xCB20, 0x6180, 0x6180, 0xCB20,
    0x6180, 0x6180, 0xCB20, 0x9B20, 0x6180, 0x6180, 0x9B20, 0x6180, 0x9B20, 0x9B20, 0x9B20, 0x9B20, 0xF81F, 0xF81F, 0xF81F, 0xF81F,
    0xF81F, 0xF81F, 0xF81F, 0xF81F, 0xF81F, 0xF81F, 0xF81F, 0xF81F, 0xF81F, 0xF81F, 0xF81F, 0xF81F, 0xF81F, 0xF81F, 0xF81F, 0xF81F,
    0xF81F, 0xF81F, 0xF81F, 0xF81F, 0xF81F, 0xF81F, 0xF81F, 0xF81F, 0xF81F, 0xF81F, 0xF81F, 0xF81F, 0xF81F, 0xF81F, 0xF81F, 0xF81F,
    0xF81F, 0xF81F, 0xF81F, 0xF81F, 0xF81F, 0xF81F, 0xF81F, 0x6180, 0x6180, 0x6180, 0xCB20, 0xCB20, 0xCB20, 0xCB20, 0xCB20, 0x6180,
    0xCB20, 0x9B20, 0x6180, 0xCB20, 0x9B20, 0x9B20, 0x6180, 0x9B20, 0x9B20, 0x9B20, 0xF81F, 0xF81F, 0xF81F, 0xF81F, 0xF81F, 0xF81F,
    0xF81F, 0xF81F, 0xF81F, 0xF81F, 0xF81F, 0xF81F, 0xF81F, 0xF81F, 0xF81F, 0xF81F, 0xF81F, 0xF81F, 0xF81F, 0xF81F, 0xF81F, 0xF81F,
    0xF81F, 0xF81F, 0xF81F, 0xF81F, 0xF81F, 0xF81F, 0xF81F, 0xF81F, 0xF81F, 0xF81F, 0xF81F, 0xF81F, 0xF81F, 0xF81F, 0xF81F, 0xF81F,
    0xF81F, 0xF81F, 0xF81F, 0xF81F, 0xF81F, 0xF81F, 0xF81F, 0xF81F, 0xF81F, 0xF81F, 0x6180, 0xCB20, 0xCB20, 0xCB20, 0x6180, 0xCB20,
    0x6180, 0xCB20, 0x9B20, 0x6180, 0x9B20, 0x6180, 0x9B20, 0x9B20, 0xF81F, 0xF81F, 0xF81F, 0xF81F, 0xF81F, 0xF81F, 0xF81F, 0xF81F,
    0xF81F, 0xF81F, 0xF81F, 0xF81F, 0xF81F, 0xF81F, 0xF81F, 0xF81F, 0xF81F, 0xF81F, 0xF81F, 0xF81F, 0xF81F, 0xF81F, 0xF81F, 0xF81F,
    0xF81F, 0xF81F, 0xF81F, 0xF81F, 0xF81F, 0xF81F, 0xF81F, 0xF81F, 0xF81F, 0xF81F, 0xF81F, 0xF81F, 0xF81F, 0xF81F, 0xF81F, 0xF81F,
    0xF81F, 0xF81F, 0xF81F, 0xF81F, 0xF81F, 0xF81F, 0xF81F, 0xF81F, 0xF81F, 0xF81F, 0xF81F, 0x6180, 0xCB20, 0xCB20, 0xCB20, 0x6180,
    0xCB20, 0x6180, 0x6180, 0x6180, 0x9B20, 0x9B20, 0xF81F, 0xF81F, 0xF81F, 0xF81F, 0xF81F, 0xF81F, 0xF81F, 0xF81F, 0xF81F, 0xF81F,
    0xF81F, 0xF81F, 0xF81F, 0xF81F, 0xF81F, 0xF81F, 0xF81F, 0xF81F, 0xF81F, 0xF81F, 0xF81F, 0xF81F, 0xF81F, 0xF81F, 0xF81F, 0xF81F,
    0xF81F, 0xF81F, 0xF81F, 0xF81F, 0xF81F, 0xF81F, 0xF81F, 0xF81F, 0xF81F, 0xF81F, 0xF81F, 0xF81F, 0xF81F, 0xF81F, 0xF81F, 0xF81F,
    0xF81F, 0xF81F, 0xF81F, 0xF81F, 0xF81F, 0xF81F, 0xF81F, 0xF81F, 0xF81F, 0xF81F, 0xF81F, 0xF81F, 0x6180, 0x6180, 0xCB20, 0xCB20,
    0x6180, 0xCB20, 0x6180, 0x6180, 0xF81F, 0xF81F, 0xF81F, 0xF81F, 0xF81F, 0xF81F, 0xF81F, 0xF81F, 0xF81F, 0xF81F, 0xF81F, 0xF81F,
    0xF81F, 0xF81F, 0xF81F, 0xF81F, 0xF81F, 0xF81F, 0xF81F, 0xF81F, 0xF81F, 0xF81F, 0xF81F, 0xF81F, 0xF81F, 0xF81F, 0xF81F, 0xF81F,
    0xF81F, 0xF81F, 0xF81F, 0xF81F, 0xF81F, 0xF81F, 0xF81F, 0xF81F, 0xF81F, 0xF81F, 0xF81F, 0xF81F, 0xF81F, 0xF81F, 0xF81F, 0xF81F,
    0xF81F, 0xF81F, 0xF81F, 0xF81F, 0xF81F, 0xF81F, 0xF81F, 0xF81F, 0xF81F, 0xF81F, 0xF81F, 0xF81F, 0xF81F, 0xF81F, 0x6180, 0x6180,
    0x6180, 0x6180, 0xF81F, 0xF81F, 0xF81F, 0xF81F, 0xF81F, 0xF81F, 0xF81F, 0xF81F, 0xF81F, 0xF81F, 0xF81F, 0xF81F, 0xF81F, 0xF81F,
    0xF81F, 0xF81F, 0xF81F, 0xF81F, 0xF81F, 0xF81F, 0xF81F, 0xF81F, 0xF81F, 0xF81F, 0xF81F, 0xF81F, 0xF81F, 0xF81F, 0xF81F, 0xF81F,
    0xF81F, 0xF81F, 0xF81F, 0xF81F, 0xF81F, 0xF81F, 0xF81F, 0xF81F, 0xF81F, 0xF81F, 0xF81F, 0xF81F, 0xF81F, 0xF81F, 0xF81F, 0xF81F,
    0xF81F, 0xF81F, 0xF81F, 0xF81F, 0xF81F, 0xF81F, 0xF81F, 0xF81F, 0xF81F, 0xF81F, 0xF81F, 0xF81F, 0xF81F, 0xF81F, 0xF81F, 0xF81F,
    0xF81F, 0xF81F, 0xF81F, 0xF81F, 0xF81F, 0xF81F, 0xF81F, 0xF81F, 0xF81F, 0xF81F, 0xF81F, 0xF81F, 0xF81F, 0xF81F, 0xF81F, 0xF81F,
    0xF81F, 0xF81F, 0xF81F, 0xF81F, 0xF81F, 0xF81F, 0xF81F, 0xF81F, 0xF81F, 0xF81F, 0xF81F, 0xF81F, 0xF81F, 0xF81F, 0xF81F, 0xF81F,
    0xF81F, 0xF81F, 0xF81F, 0xF81F, 0xF81F, 0xF81F, 0xF81F, 0xF81F, 0xF81F, 0xF81F, 0xF81F, 0xF81F, 0xF81F, 0xF81F, 0xF81F, 0xF81F,
    0xF81F, 0xF81F, 0xF81F, 0xF81F, 0xF81F, 0xF81F, 0xF81F, 0xF81F, 0xF81F, 0xF81F, 0xF81F, 0xF81F, 0xF81F, 0xF81F, 0xF81F, 0xF81F,
    0xF81F, 0xF81F, 0xF81F, 0xF81F, 0xF81F, 0xF81F, 0xF81F, 0xF81F, 0xF81F, 0xF81F, 0xF81F, 0xF81F, 0xF81F, 0xF81F, 0xF81F, 0xF81F,
    0xF81F, 0xF81F, 0xF81F, 0xF81F, 0xF81F, 0xF81F, 0xF81F, 0xF81F, 0xF81F, 0xF81F, 0xF81F, 0xF81F, 0xF81F, 0xF81F, 0xF81F, 0xF81F,
    0xF81F, 0xF81F, 0xF81F, 0xF81F, 0xF81F, 0xF81F, 0xF81F, 0xF81F, 0xF81F, 0xF81F, 0xF81F, 0xF81F, 0xF81F, 0xF81F, 0xF81F, 0xF81F,
    0xF81F, 0xF81F, 0xF81F, 0xF81F, 0xF81F, 0xF81F, 0xF81F, 0xF81F, 0xF81F, 0xF81F, 0xF81F, 0xF81F, 0xF81F, 0xF81F, 0xF81F, 0xF81F,
    0xF81F, 0xF81F, 0xF81F, 0xF81F, 0xF81F, 0xF81F, 0xF81F, 0xF81F, 0xF81F, 0xF81F, 0xF81F, 0xF81F, 0xF81F, 0xF81F, 0xF81F, 0xF81F,
    0xF81F, 0xF81F, 0xF81F, 0xF81F, 0xF81F, 0xF81F, 0xF81F, 0xF81F, 0xF81F, 0xF81F, 0xF81F, 0xF81F, 0xF81F, 0xF81F, 0xF81F, 0xF81F,
    0xF81F, 0xF81F, 0xF81F, 0xF81F, 0xF81F, 0xF81F, 0xF81F, 0xF81F, 0xF81F, 0xF81F, 0xF81F, 0xF81F, 0xF81F, 0xF81F, 0xF81F, 0xF81F,
    0xF81F, 0xF81F, 0xF81F, 0xF81F, 0xF81F, 0xF81F, 0xF81F, 0xF81F, 0xF81F, 0xF81F, 0xF81F, 0xF81F, 0xF81F, 0xF81F, 0xF81F, 0xF81F,
    0xF81F, 0xF81F, 0xF81F, 0xF81F, 0xF81F, 0xF81F, 0xF81F, 0xF81F, 0xF81F, 0xF81F, 0xF81F, 0xF81F, 0xF81F, 0xF81F, 0xF81F, 0xF81F,
    0xF81F, 0xF81F, 0xF81F, 0xF81F, 0xF81F, 0xF81F, 0xF81F, 0xF81F, 0xF81F, 0xF81F, 0xF81F, 0xF81F, 0xF81F, 0xF81F, 0xF81F, 0xF81F,
    0xF81F, 0xF81F, 0xF81F, 0xF81F, 0xF81F, 0xF81F, 0xF81F, 0xF81F, 0xF81F, 0xF81F, 0xF81F, 0xF81F, 0xF81F, 0xF81F, 0xF81F, 0xF81F,
    0xF81F, 0xF81F, 0xF81F, 0xF81F, 0xF81F, 0xF81F, 0xF81F, 0xF81F, 0xF81F, 0xF81F, 0xF81F, 0xF81F, 0xF81F, 0xF81F, 0xF81F, 0xF81F,
    0xF81F, 0xF81F, 0xF81F, 0xF81F, 0xF81F, 0xF81F, 0xF81F, 0xF81F, 0xF81F, 0xF81F, 0xF81F, 0xF81F, 0xF81F, 0xF81F, 0xF81F, 0xF81F,
    0xF81F, 0xF81F, 0xF81F, 0xF81F, 0xF81F, 0xF81F, 0xF81F, 0xF81F, 0xF81F, 0xF81F, 0xF81F, 0xF81F, 0xF81F, 0xF81F, 0xF81F, 0xF81F,
    0xF81F, 0xF81F, 0xF81F, 0xF81F, 0xF81F, 0xF81F, 0xF81F, 0xF81F, 0xF81F, 0xF81F, 0xF81F, 0xF81F, 0xF81F, 0xF81F, 0xF81F, 0xF81F,
    0xF81F, 0xF81F, 0xF81F, 0xF81F, 0xF81F, 0xF81F, 0xF81F, 0xF81F, 0xF81F, 0xF81F, 0xF81F, 0xF81F, 0xF81F, 0xF81F, 0xF81F, 0xF81F,
    0xF81F, 0xF81F, 0xF81F, 0xF81F, 0xF81F, 0xF81F, 0xF81F, 0xF81F, 0xF81F, 0xF81F, 0xF81F, 0xF81F, 0xF81F, 0xF81F, 0xF81F, 0xF81F,
    0xF81F, 0xF81F, 0xF81F, 0xF81F, 0xF81F, 0xF81F, 0xF81F, 0xF81F, 0xF81F, 0xF81F, 0xF81F, 0xF81F, 0xF81F, 0xF81F, 0xF81F, 0xF81F,
    0xF81F, 0xF81F, 0xF81F, 0xF81F, 0xF81F, 0xF81F, 0xF81F, 0xF81F, 0xF81F, 0xF81F, 0xF81F, 0xF81F, 0xF81F, 0xF81F, 0xF81F, 0xF81F,
    0xF81F, 0xF81F, 0xF81F, 0xF81F, 0xF81F, 0xF81F, 0xF81F, 0xF81F, 0xF81F, 0xF81F, 0xF81F, 0xF81F, 0xF81F, 0xF81F, 0xF81F, 0xF81F,
    0xF81F, 0xF81F, 0xF81F, 0xF81F, 0xF81F, 0xF81F, 0xF81F, 0xF81F, 0xF81F, 0xF81F, 0xF81F, 0xF81F, 0xF81F, 0xF81F, 0xF81F, 0xF81F,
    0xF81F, 0xF81F, 0xF81F, 0xF81F, 0xF81F, 0xF81F, 0xF81F, 0xF81F, 0xF81F, 0xF81F, 0xF81F, 0xF81F, 0xF81F, 0xF81F, 0xF81F, 0xF81F,
    0xF81F, 0xF81F, 0xF81F, 0xF81F, 0xF81F, 0xF81F, 0xF81F, 0xF81F, 0xF81F, 0xF81F, 0xF81F, 0xF81F, 0xF81F, 0xF81F, 0xF81F, 0xF81F,
    0xF81F, 0xF81F, 0xF81F, 0xF81F, 0xF81F, 0xF81F, 0xF81F, 0xF81F, 0xF81F, 0xF81F, 0xF81F, 0xF81F, 0xF81F, 0xF81F, 0xF81F, 0xF81F,
    0xF81F, 0xF81F, 0xF81F, 0xF81F, 0xF81F, 0xF81F, 0xF81F, 0xF81F, 0xF81F, 0xF81F, 0xF81F, 0xF81F, 0xF81F, 0xF81F, 0xF81F, 0xF81F,
    0xF81F, 0xF81F, 0xF81F, 0xF81F, 0xF81F, 0xF81F, 0xF81F, 0xF81F, 0xF81F, 0xF81F, 0xF81F, 0xF81F, 0xF81F, 0xF81F, 0xF81F, 0xF81F,
    0xF81F, 0xF81F, 0xF81F, 0xF81F, 0xF81F, 0xF81F, 0xF81F, 0xF81F, 0xF81F, 0xF81F, 0xF81F, 0xF81F, 0xF81F, 0xF81F, 0xF81F, 0xF81F,
    0xF81F, 0xF81F, 0xF81F, 0xF81F, 0xF81F, 0xF81F, 0xF81F, 0xF81F, 0xF81F, 0xF81F, 0xF81F, 0xF81F, 0xF81F, 0xF81F, 0xF81F, 0xF81F,
    0xF81F, 0xF81F, 0xF81F, 0xF81F, 0xF81F, 0xF81F, 0xF81F, 0xF81F, 0xF81F, 0xF81F, 0xF81F, 0xF81F, 0xF81F, 0xF81F, 0xF81F, 0xF81F,
    0xF81F, 0xF81F, 0xF81F, 0xF81F, 0xF81F, 0xF81F, 0xF81F, 0xF81F, 0xF81F, 0xF81F, 0xF81F, 0xF81F, 0xF81F, 0xF81F, 0xF81F, 0xF81F,
    0xF81F, 0xF81F, 0xF81F, 0xF81F, 0xF81F, 0xF81F, 0xF81F, 0xF81F, 0xF81F, 0xF81F, 0xF81F, 0xF81F, 0xF81F, 0xF81F, 0xF81F, 0xF81F,
    0xF81F, 0xF81F, 0xF81F, 0xF81F, 0xF81F, 0xF81F, 0xF81F, 0xF81F, 0xF81F, 0xF81F, 0xF81F, 0xF81F, 0xF81F, 0xF81F, 0xF81F, 0xF81F,
    0xF81F, 0xF81F, 0xF81F, 0xF81F, 0xF81F, 0xF81F, 0xF81F, 0xF81F, 0xF81F, 0xF81F, 0xF81F, 0xF81F, 0xF81F, 0xF81F, 0xF81F, 0xF81F,
    0xF81F, 0xF81F, 0xF81F, 0xF81F, 0xF81F, 0xF81F, 0xF81F, 0xF81F, 0xF81F, 0xF81F, 0xF81F, 0xF81F, 0xF81F, 0xF81F, 0xF81F, 0xF81F,
    0xF81F, 0xF81F, 0xF81F, 0xF81F, 0xF81F, 0xF81F, 0xF81F, 0xF81F, 0xF81F, 0xF81F, 0xF81F, 0xF81F, 0xF81F, 0xF81F, 0xF81F, 0xF81F,
    0xF81F, 0xF81F, 0xF81F, 0xF81F, 0xF81F, 0xF81F, 0xF81F, 0xF81F, 0xF81F, 0xF81F, 0xF81F, 0xF81F, 0xF81F, 0xF81F, 0xF81F, 0xF81F,
    0xF81F, 0xF81F, 0xF81F, 0xF81F, 0xF81F, 0xF81F, 0xF81F, 0xF81F, 0xF81F, 0xF81F, 0xF81F, 0xF81F, 0xF81F, 0xF81F, 0xF81F, 0xF81F,
    0xF81F, 0xF81F, 0xF81F, 0xF81F, 0xF81F, 0xF81F, 0xF81F, 0xF81F, 0xF81F, 0xF81F, 0xF81F, 0xF81F, 0xF81F, 0xF81F, 0xF81F, 0xF81F,
    0xF81F, 0xF81F, 0xF81F, 0xF81F, 0xF81F, 0xF81F, 0xF81F, 0xF81F, 0xF81F, 0xF81F, 0xF81F, 0xF81F, 0xF81F, 0xF81F, 0xF81F, 0xF81F,
    0xF81F, 0xF81F, 0xF81F, 0xF81F, 0xF81F, 0xF81F, 0xF81F, 0xF81F, 0xF81F, 0xF81F, 0xF81F, 0xF81F, 0xF81F, 0xF81F, 0xF81F, 0xF81F,
    0xF81F, 0xF81F, 0xF81F, 0xF81F, 0xF81F, 0xF81F, 0xF81F, 0xF81F, 0xF81F, 0xF81F, 0xF81F, 0xF81F, 0xF81F, 0xF81F, 0xF81F, 0xF81F,
    0xF81F, 0xF81F, 0xF81F, 0xF81F, 0xF81F, 0xF81F, 0xF81F, 0xF81F, 0xF81F, 0xF81F, 0xF81F, 0xF81F, 0xF81F, 0xF81F, 0xF81F, 0xF81F,
  },
  {
    0xF81F, 0xF81F, 0xF81F, 0xF81F, 0xF81F, 0xF81F, 0xF81F, 0xF81F, 0xF81F, 0xF81F, 0xF81F, 0xF81F, 0xF81F, 0xF81F, 0xF81F, 0xF81F,
    0xF81F, 0xF81F, 0xF81F, 0xF81F, 0xF81F, 0xF81F, 0xF81F, 0xF81F, 0xF81F, 0xF81F, 0xF81F, 0xF81F, 0xF81F, 0xF81F, 0xF81F, 0xF81F,
    0xF81F, 0xF81F, 0xF81F, 0xF81F, 0xF81F, 0xF81F, 0xF81F, 0xF81F, 0xF81F, 0xF81F, 0xF81F, 0xF81F, 0xF81F, 0xF81F, 0xF81F, 0xF81F,
    0xF81F, 0xF81F, 0xF81F, 0xF81F, 0xF81F, 0xF81F, 0xF81F, 0xF81F, 0xF81F, 0xF81F, 0xF81F, 0xF81F, 0xF81F, 0xF81F, 0xF81F, 0xF81F,
    0xF81F, 0xF81F, 0xF81F, 0xF81F, 0xF81F, 0xF81F, 0xF81F, 0xF81F, 0xF81F, 0xF81F, 0xF81F, 0xF81F, 0xF81F, 0xF81F, 0xF81F, 0xF81F,
    0xF81F, 0xF81F, 0xF81F, 0xF81F, 0xF81F, 0xF81F, 0xF81F, 0xF81F, 0xF81F, 0xF81F, 0xF81F, 0xF81F, 0xF81F, 0xF81F, 0xF81F, 0xF81F,
    0xF81F, 0xF81F, 0xF81F, 0xF81F, 0xF81F, 0xF81F, 0xF81F, 0xF81F, 0xF81F, 0xF81F, 0xF81F, 0xF81F, 0xF81F, 0xF81F, 0xF81F, 0xF81F,
    0xF81F, 0xF81F, 0xF81F, 0xF81F, 0xF81F, 0xF81F, 0xF81F, 0xF81F, 0xF81F, 0xF81F, 0xF81F, 0xF81F, 0xF81F, 0xF81F, 0xF81F, 0xF81F,
    0xF81F, 0xF81F, 0xF81F, 0xF81F, 0xF81F, 0xF81F, 0xF81F, 0xF81F, 0xF81F, 0xF81F, 0xF81F, 0xF81F, 0xF81F, 0xF81F, 0xF81F, 0xF81F,
    0xF81F, 0xF81F, 0xF81F, 0xF81F, 0xF81F, 0xF81F, 0xF81F, 0xF81F, 0xF81F, 0xF81F, 0xF81F, 0xF81F, 0xF81F, 0xF81F, 0xF81F, 0xF81F,
    0xF81F, 0xF81F, 0xF81F, 0xF81F, 0xF81F, 0xF81F, 0xF81F, 0xF81F, 0xF81F, 0xF81F, 0xF81F, 0xF81F, 0xF81F, 0xF81F, 0xF81F, 0xF81F,
    0xF81F, 0xF81F, 0xF81F, 0xF81F, 0xF81F, 0xF81F, 0xF81F, 0xF81F, 0xF81F, 0xF81F, 0xF81F, 0xF81F, 0xF81F, 0xF81F, 0xF81F, 0xF81F,
    0xF81F, 0xF81F, 0xF81F, 0xF81F, 0xF81F, 0xF81F, 0xF81F, 0xF81F, 0xF81F, 0xF81F, 0xF81F, 0xF81F, 0xF81F, 0xF81F, 0xF81F, 0xF81F,
    0xF81F, 0xF81F, 0xF81F, 0xF81F, 0xF81F, 0xF81F, 0xF81F, 0xF81F, 0xF81F, 0xF81F, 0xF81F, 0xF81F, 0xF81F, 0xF81F, 0xF81F, 0xF81F,
    0xF81F, 0xF81F, 0xF81F, 0xF81F, 0xF81F, 0xF81F, 0xF81F, 0xF81F, 0xF81F, 0xF81F, 0xF81F, 0xF81F, 0xF81F, 0xF81F, 0xF81F, 0xF81F,
    0xF81F, 0xF81F, 0xF81F, 0xF81F, 0xF81F, 0xF81F, 0xF81F, 0xF81F, 0xF81F, 0xF81F, 0xF81F, 0xF81F, 0xF81F, 0xF81F, 0xF81F, 0xF81F,
    0xF81F, 0xF81F, 0xF81F, 0xF81F, 0xF81F, 0xF81F, 0xF81F, 0xF81F, 0xF81F, 0xF81F, 0xF81F, 0xF81F, 0xF81F, 0xF81F, 0xF81F, 0xF81F,
    0xF81F, 0xF81F, 0xF81F, 0xF81F, 0xF81F, 0xF81F, 0xF81F, 0xF81F, 0xF81F, 0xF81F, 0xF81F, 0xF81F, 0xF81F, 0xF81F, 0xF81F, 0xF81F,
    0xF81F, 0xF81F, 0xF81F, 0xF81F, 0xF81F, 0xF81F, 0xF81F, 0xF81F, 0xF81F, 0xF81F, 0xF81F, 0xF81F, 0xF81F, 0xF81F, 0xF81F, 0xF81F,
    0xF81F, 0xF81F, 0xF81F, 0xF81F, 0xF81F, 0xF81F, 0xF81F, 0xF81F, 0xF81F, 0xF81F, 0xF81F, 0xF81F, 0xF81F, 0xF81F, 0xF81F, 0xF81F,
    0xF81F, 0xF81F, 0xF81F, 0xF81F, 0xF81F, 0xF81F, 0xF81F, 0xF81F, 0xF81F, 0xF81F, 0xF81F, 0xF81F, 0xF81F, 0xF81F, 0xF81F, 0xF81F,
    0xF81F, 0xF81F, 0xF81F, 0xF81F, 0xF81F, 0xF81F, 0xF81F, 0xF81F, 0xF81F, 0xF81F, 0xF81F, 0xF81F, 0xF81F, 0xF81F, 0xF81F, 0xF81F,
    0xF81F, 0xF81F, 0xF81F, 0xF81F, 0xF81F, 0xF81F, 0xF81F, 0xF81F, 0xF81F, 0xF81F, 0xF81F, 0xF81F, 0xF81F, 0xF81F, 0xF81F, 0xF81F,
    0xF81F, 0xF81F, 0xF81F, 0xF81F, 0xF81F, 0xF81F, 0xF81F, 0xF81F, 0xF81F, 0xF81F, 0xF81F, 0xF81F, 0xF81F, 0xF81F, 0xF81F, 0xF81F,
    0xF81F, 0xF81F, 0xF81F, 0xF81F, 0xF81F, 0xF81F, 0xF81F, 0xF81F, 0xF81F, 0xF81F, 0xF81F, 0xF81F, 0xF81F, 0xF81F, 0xF81F, 0xF81F,
    0xF81F, 0xF81F, 0xF81F, 0xF81F, 0xF81F, 0xF81F, 0xF81F, 0xF81F, 0xF81F, 0xF81F, 0xF81F, 0xF81F, 0xF81F, 0xF81F, 0xF81F, 0xF81F,
    0xF81F, 0xF81F, 0xF81F, 0xF81F, 0xF81F, 0xF81F, 0xF81F, 0xF81F, 0xF81F, 0xF81F, 0xF81F, 0xF81F, 0xF81F, 0xF81F, 0xF81F, 0xF81F,
    0xF81F, 0xF81F, 0xF81F, 0xF81F, 0xF81F, 0xF81F, 0xF81F, 0xF81F, 0xF81F, 0xF81F, 0xF81F, 0xF81F, 0xF81F, 0xF81F, 0xF81F, 0xF81F,
    0xF81F, 0xF81F, 0xF81F, 0xF81F, 0xF81F, 0xF81F, 0xF81F, 0xF81F, 0xF81F, 0xF81F, 0xF81F, 0xF81F, 0xF81F, 0xF81F, 0xF81F, 0xF81F,
    0xF81F, 0xF81F, 0xF81F, 0xF81F, 0xF81F, 0xF81F, 0xF81F, 0xF81F, 0xF81F, 0xF81F, 0xF81F, 0xF81F, 0xF81F, 0xF81F, 0xF81F, 0xF81F,
    0xF81F, 0xF81F, 0xF81F, 0xF81F, 0xF81F, 0xF81F, 0xF81F, 0xF81F, 0xF81F, 0xF81F, 0xF81F, 0xF81F, 0xF81F, 0xF81F, 0xF81F, 0xF81F,
    0xF81F, 0xF81F, 0xF81F, 0xF81F, 0xF81F, 0xF81F, 0xF81F, 0xF81F, 0xF81F, 0xF81F, 0xF81F, 0xF81F, 0xF81F, 0xF81F, 0xF81F, 0xF81F,
    0xF81F, 0xF81F, 0xF81F, 0xF81F, 0xF81F, 0xF81F, 0xF81F, 0xF81F, 0xF81F, 0xF81F, 0xF81F, 0xF81F, 0xF81F, 0xF81F, 0xF81F, 0xF81F,
    0xF81F, 0xF81F, 0xF81F, 0xF81F, 0xF81F, 0xF81F, 0xF81F, 0xF81F, 0xF81F, 0xF81F, 0xF81F, 0xF81F, 0xF81F, 0xF81F, 0xF81F, 0xF81F,
    0xF81F, 0xF81F, 0xF81F, 0xF81F, 0xF81F, 0xF81F, 0xF81F, 0xF81F, 0xF81F, 0xF81F, 0xF81F, 0xF81F, 0xF81F, 0xF81F, 0xF81F, 0xF81F,
    0xF81F, 0xF81F, 0xF81F, 0xF81F, 0xF81F, 0xF81F, 0xF81F, 0xF81F, 0xF81F, 0xF81F, 0xF81F, 0xF81F, 0xF81F, 0xF81F, 0xF81F, 0xF81F,
    0xF81F, 0xF81F, 0xF81F, 0xF81F, 0xF81F, 0xF81F, 0xF81F, 0xF81F, 0xF81F, 0xF81F, 0xF81F, 0xF81F, 0xF81F, 0xF81F, 0xF81F, 0xF81F,
    0xF81F, 0xF81F, 0xF81F, 0xF81F, 0xF81F, 0xF81F, 0xF81F, 0xF81F, 0xF81F, 0xF81F, 0xF81F, 0xF81F, 0xF81F, 0xF81F, 0xF81F, 0xF81F,
    0xF81F, 0xF81F, 0xF81F, 0xF81F, 0xF81F, 0xF81F, 0xF81F, 0xF81F, 0xF81F, 0xF81F, 0xF81F, 0xF81F, 0xF81F, 0xF81F, 0xF81F, 0xF81F,
    0xF81F, 0xF81F, 0xF81F, 0xF81F, 0xF81F, 0xF81F, 0xF81F, 0xF81F, 0xF81F, 0xF81F, 0xF81F, 0xF81F, 0xF81F, 0xF81F, 0xF81F, 0xF81F,
    0xF81F, 0xF81F, 0xF81F, 0xF81F, 0xF81F, 0xF81F, 0xF81F, 0xF81F, 0xF81F, 0xF81F, 0xF81F, 0xF81F, 0xF81F, 0xF81F, 0xF81F, 0xF81F,
    0xF81F, 0xF81F, 0xF81F, 0xF81F, 0xF81F, 0xF81F, 0xF81F, 0xF81F, 0xF81F, 0xF81F, 0xF81F, 0xF81F, 0xF81F, 0xF81F, 0xF81F, 0xF81F,
    0xF81F, 0xF81F, 0xF81F, 0xF81F, 0xF81F, 0xF81F, 0xF81F, 0xF81F, 0xF81F, 0xF81F, 0xF81F, 0xF81F, 0xF81F, 0xF81F, 0xF81F, 0xF81F,
    0xF81F, 0xF81F, 0xF81F, 0xF81F, 0xF81F, 0xF81F, 0xF81F, 0xF81F, 0xF81F, 0xF81F, 0xF81F, 0xF81F, 0xF81F, 0xF81F, 0xF81F, 0xF81F,
    0xF81F, 0xF81F, 0xF81F, 0xF81F, 0xF81F, 0xF81F, 0xF81F, 0xF81F, 0xF81F, 0xF81F, 0xF81F, 0xF81F, 0xF81F, 0xF81F, 0xF81F, 0xF81F,
    0xF81F, 0xF81F, 0xF81F, 0xF81F, 0xF81F, 0xF81F, 0xF81F, 0xF81F, 0xF81F, 0xF81F, 0xF81F, 0xF81F, 0xF81F, 0xF81F, 0xF81F, 0xF81F,
    0xF81F, 0xF81F, 0xF81F, 0xF81F, 0xF81F, 0xF81F, 0xF81F, 0xF81F, 0xF81F, 0xF81F, 0xF81F, 0xF81F, 0xF81F, 0xF81F, 0xF81F, 0xF81F,
    0xF81F, 0xF81F, 0xF81F, 0xF81F, 0xF81F, 0xF81F, 0xF81F, 0xF81F, 0xF81F, 0xF81F, 0xF81F, 0xF81F, 0xF81F, 0xF81F, 0xF81F, 0xF81F,
    0xF81F, 0xF81F, 0xF81F, 0xF81F, 0xF81F, 0xF81F, 0xF81F, 0xF81F, 0xF81F, 0xF81F, 0xF81F, 0xF81F, 0xF81F, 0xF81F, 0xF81F, 0xF81F,
    0xF81F, 0xF81F, 0xF81F, 0xF81F, 0xF81F, 0xF81F, 0xF81F, 0xF81F, 0xF81F, 0xF81F, 0xF81F, 0xF81F, 0xF81F, 0xF81F, 0xF81F, 0xF81F,
    0xF81F, 0xF81F, 0xF81F, 0xF81F, 0xF81F, 0xF81F, 0xF81F, 0xF81F, 0xF81F, 0xF81F, 0xF81F, 0xF81F, 0xF81F, 0xF81F, 0xF81F, 0xF81F,
    0xF81F, 0xF81F, 0xF81F, 0xF81F, 0xF81F, 0xF81F, 0xF81F, 0xF81F, 0xF81F, 0xF81F, 0xF81F, 0xF81F, 0xF81F, 0xF81F, 0xF81F, 0xF81F,
    0xF81F, 0xF81F, 0xF81F, 0xF81F, 0xF81F, 0xF81F, 0xF81F, 0xF81F, 0xF81F, 0xF81F, 0xF81F, 0xF81F, 0xF81F, 0xF81F, 0xF81F, 0xF81F,
    0xF81F, 0xF81F, 0xF81F, 0xF81F, 0xF81F, 0xF81F, 0xF81F, 0xF81F, 0xF81F, 0xF81F, 0xF81F, 0xF81F, 0xF81F, 0xF81F, 0xF81F, 0xF81F,
    0xF81F, 0xF81F, 0xF81F, 0xF81F, 0xF81F, 0xF81F, 0xF81F, 0xF81F, 0xF81F, 0xF81F, 0xF81F, 0xF81F, 0xF81F, 0xF81F, 0xF81F, 0xF81F,
    0xF81F, 0xF81F, 0xF81F, 0xF81F, 0xF81F, 0xF81F, 0xF81F, 0xF81F, 0xF81F, 0xF81F, 0xF81F, 0xF81F, 0xF81F, 0xF81F, 0xF81F, 0xF81F,
    0xF81F, 0xF81F, 0xF81F, 0xF81F, 0xF81F, 0xF81F, 0xF81F, 0xF81F, 0xF81F, 0xF81F, 0xF81F, 0xF81F, 0xF81F, 0xF81F, 0xF81F, 0xF81F,
    0xF81F, 0xF81F, 0xF81F, 0xF81F, 0xF81F, 0xF81F, 0xF81F, 0xF81F, 0xF81F, 0xF81F, 0xF81F, 0xF81F, 0xF81F, 0xF81F, 0xF81F, 0xF81F,
    0xF81F, 0xF81F, 0xF81F, 0xF81F, 0xF81F, 0xF81F, 0xF81F, 0xF81F, 0xF81F, 0xF81F, 0xF81F, 0xF81F, 0xF81F, 0xF81F, 0xF81F, 0xF81F,
    0xF81F, 0xF81F, 0xF81F, 0xF81F, 0xF81F, 0xF81F, 0xF81F, 0xF81F, 0xF81F, 0xF81F, 0xF81F, 0xF81F, 0xF81F, 0xF81F, 0xF81F, 0xF81F,
    0xF81F, 0xF81F, 0xF81F, 0xF81F, 0xF81F, 0xF81F, 0xF81F, 0xF81F, 0xF81F, 0xF81F, 0xF81F, 0xF81F, 0xF81F, 0xF81F, 0xF81F, 0xF81F,
    0xF81F, 0xF81F, 0xF81F, 0xF81F, 0xF81F, 0xF81F, 0xF81F, 0xF81F, 0xF81F, 0xF81F, 0xF81F, 0xF81F, 0xF81F, 0xF81F, 0xF81F, 0xF81F,
    0xF81F, 0xFE28, 0xFE28, 0xFE28, 0xF81F, 0xF81F, 0xF81F, 0xF81F, 0xF81F, 0xF81F, 0xF81F, 0xF81F, 0xF81F, 0xF81F, 0xF81F, 0xF81F,
    0xF81F, 0xF81F, 0xF81F, 0xF81F, 0xF81F, 0xF81F, 0xF81F, 0xF81F, 0xF81F, 0xF81F, 0xF81F, 0xF81F, 0xF81F, 0xF81F, 0xF81F, 0xF81F,
    0xF81F, 0xF81F, 0xF81F, 0xF81F, 0xF81F, 0xF81F, 0xF81F, 0xF81F, 0xF81F, 0xF81F, 0xF81F, 0xF81F, 0xF81F, 0xF81F, 0xF81F, 0xF81F,
    0xF81F, 0xF81F, 0xF81F, 0xF81F, 0xF81F, 0xF81F, 0xF81F, 0xF81F, 0xF81F, 0xF81F, 0xF81F, 0xF81F, 0xF81F, 0xF81F, 0xFE28, 0xFE28,
    0xFE28, 0xFE28, 0xFE28, 0xFE28, 0xFE28, 0xFE28, 0xF81F, 0xF81F, 0xF81F, 0xF81F, 0xF81F, 0xF81F, 0xF81F, 0xF81F, 0xF81F, 0xF81F,
    0xF81F, 0xF81F, 0xF81F, 0xF81F, 0xF81F, 0xF81F, 0xF81F, 0xF81F, 0xF81F, 0xF81F, 0xF81F, 0xF81F, 0xF81F, 0xF81F, 0xF81F, 0xF81F,
    0xF81F, 0xF81F, 0xF81F, 0xF81F, 0xF81F, 0xF81F, 0xF81F, 0xF81F, 0xF81F, 0xF81F, 0xF81F, 0xF81F, 0xF81F, 0xF81F, 0xF81F, 0xF81F,
    0xF81F, 0xF81F, 0xF81F, 0xF81F, 0xF81F, 0xF81F, 0xF81F, 0xF81F, 0xF81F, 0xF81F, 0xF81F, 0xFFF0, 0xFFF0, 0xFE28, 0xFE28, 0xFE28,
    0xFE28, 0xC404, 0xFE28, 0xC404, 0xFE28, 0xFE28, 0xFE28, 0xFE28, 0xF81F, 0xF81F, 0xF81F, 0xF81F, 0xF81F, 0xF81F, 0xF81F, 0xF81F,
    0xF81F, 0xF81F, 0xF81F, 0xF81F, 0xF81F, 0xF81F, 0xF81F, 0xF81F, 0xF81F, 0xF81F, 0xF81F, 0xF81F, 0xF81F, 0xF81F, 0xF81F, 0xF81F,
    0xF81F, 0xF81F, 0xF81F, 0xF81F, 0xF81F, 0xF81F, 0xF81F, 0xF81F, 0xF81F, 0xF81F, 0xF81F, 0xF81F, 0xF81F, 0xF81F, 0xF81F, 0xF81F,
    0xF81F, 0xF81F, 0xF81F, 0xF81F, 0xF81F, 0xF81F, 0xF81F, 0xF81F, 0xF81F, 0xFE28, 0xFE28, 0xFE28, 0xC404, 0xFE28, 0xC404, 0xFE28,
    0xC404, 0xFE28, 0xC404, 0xFE28, 0xFE28, 0xC404, 0xFE28, 0xFE28, 0xFE28, 0xFE28, 0xF81F, 0xF81F, 0xF81F, 0xF81F, 0xF81F, 0xF81F,
    0xF81F, 0xF81F, 0xF81F, 0xF81F, 0xF81F, 0xF81F, 0xF81F, 0xF81F, 0xF81F, 0xF81F, 0xF81F, 0xF81F, 0xF81F, 0xF81F, 0xF81F, 0xF81F,
    0xF81F, 0xF81F, 0xF81F, 0xF81F, 0xF81F, 0xF81F, 0xF81F, 0xF81F, 0xF81F, 0xF81F, 0xF81F, 0xF81F, 0xF81F, 0xF81F, 0xF81F, 0xF81F,
    0xF81F, 0xF81F, 0xF81F, 0xF81F, 0xF81F, 0xF81F, 0xFE28, 0xFE28, 0xFE28, 0xC404, 0xFE28, 0xC404, 0xFE28, 0xC404, 0xFE28, 0xC404,
    0xFE28, 0xC404, 0xFE28, 0xC404, 0xFE28, 0xFE28, 0xFE28, 0xC404, 0xFE28, 0xFE28, 0xFE28, 0xF81F, 0xF81F, 0xF81F, 0xF81F, 0xF81F,
    0xF81F, 0xF81F, 0xF81F, 0xF81F, 0xF81F, 0xF81F, 0xF81F, 0xF81F, 0xF81F, 0xF81F, 0xF81F, 0xF81F, 0xF81F, 0xF81F, 0xF81F, 0xF81F,
    0xF81F, 0xF81F, 0xF81F, 0xF81F, 0xF81F, 0xF81F, 0xF81F, 0xF81F, 0xF81F, 0xF81F, 0xF81F, 0xF81F, 0xF81F, 0xF81F, 0xF81F, 0xF81F,
    0xF81F, 0xF81F, 0xF81F, 0xF81F, 0xFFF0, 0xFE28, 0xFE28, 0xFE28, 0xC404, 0xFE28, 0xC404, 0xFE28, 0xC404, 0xC404, 0xC404, 0xC404,
    0xC404, 0xC404, 0xFE28, 0xC404, 0xFE28, 0xC404, 0xFE28, 0xFE28, 0xFE28, 0xFE28, 0xFE28, 0xFE28, 0xFE28, 0xF81F, 0xF81F, 0xF81F,
    0xF81F, 0xF81F, 0xF81F, 0xF81F, 0xF81F, 0xF81F, 0xF81F, 0xF81F, 0xF81F, 0xF81F, 0xF81F, 0xF81F, 0xF81F, 0xF81F, 0xF81F, 0xF81F,
    0xF81F, 0xF81F, 0xF81F, 0xF81F, 0xF81F, 0xF81F, 0xF81F, 0xF81F, 0xF81F, 0xF81F, 0xF81F, 0xF81F, 0xF81F, 0xF81F, 0xF81F, 0xF81F,
    0xF81F, 0xFFF0, 0xFFF0, 0xFFF0, 0xFE28, 0xFE28, 0xFE28, 0xC404, 0xC404, 0xFE28, 0xC404, 0xC404, 0x8200, 0xC404, 0xC404, 0xC404,
    0x8200, 0xC404, 0xC404, 0xC404, 0xC404, 0xFE28, 0xC404, 0xFE28, 0xFE28, 0xC404, 0xFE28, 0xC404, 0xFE28, 0xFE28, 0xFE28, 0xF81F,
    0xF81F, 0xF81F, 0xF81F, 0xF81F, 0xF81F, 0xF81F, 0xF81F, 0xF81F, 0xF81F, 0xF81F, 0xF81F, 0xF81F, 0xF81F, 0xF81F, 0xF81F, 0xF81F,
    0xF81F, 0xF81F, 0xF81F, 0xF81F, 0xF81F, 0xF81F, 0xF81F, 0xF81F, 0xF81F, 0xF81F, 0xF81F, 0xF81F, 0xF81F, 0xF81F, 0xF81F, 0xFFF0,
    0xFFF0, 0xFE28, 0xFE28, 0xFE28, 0xFE28, 0xFE28, 0xFE28, 0xC404, 0xC404, 0xC404, 0xC404, 0xC404, 0xC404, 0xC404, 0x8200, 0xC404,
    0xC404, 0xC404, 0xC404, 0xC404, 0xFE28, 0xC404, 0xFE28, 0xFE28, 0xC404, 0xFE28, 0xC404, 0xFE28, 0xFE28, 0xFE28, 0xFE28, 0xFE28,
    0xF81F, 0xF81F, 0xF81F, 0xF81F, 0xF81F, 0xF81F, 0xF81F, 0xF81F, 0xF81F, 0xF81F, 0xF81F, 0xF81F, 0xF81F, 0xF81F, 0xF81F, 0xF81F,
    0xF81F, 0xF81F, 0xF81F, 0xF81F, 0xF81F, 0xF81F, 0xF81F, 0xF81F, 0xF81F, 0xF81F, 0xF81F, 0xF81F, 0xFFF0, 0xFFF0, 0xFFF0, 0xFE28,
    0xFE28, 0xFE28, 0xC404, 0xC404, 0xFE28, 0xC404, 0xC404, 0xC404, 0xC404, 0xC404, 0xC404, 0x8200, 0xC404, 0x8200, 0xC404, 0x8200,
    0xC404, 0x8200, 0xC404, 0xC404, 0xC404, 0xC404, 0xC404, 0xC404, 0xFE28, 0xC404, 0xC404, 0xFE28, 0xC404, 0xFE28, 0xC404, 0xFE28,
    0xFE28, 0xFE28, 0xF81F, 0xF81F, 0xF81F, 0xF81F, 0xF81F, 0xF81F, 0xF81F, 0xF81F, 0xF81F, 0xF81F, 0xF81F, 0xF81F, 0xF81F, 0xF81F,
    0xF81F, 0xF81F, 0xF81F, 0xF81F, 0xF81F, 0xF81F, 0xF81F, 0xF81F, 0xF81F, 0xF81F, 0xFFF0, 0xFFF0, 0xFE28, 0xFE28, 0xFE28, 0xFE28,
    0xFE28, 0xFE28, 0xC404, 0xFE28, 0xC404, 0xC404, 0xC404, 0xC404, 0xC404, 0xC404, 0x8200, 0xC404, 0x8200, 0xC404, 0x8200, 0x8200,
    0x8200, 0xC404, 0x8200, 0xC404, 0xC404, 0xC404, 0xC404, 0xC404, 0xC404, 0xC404, 0xFE28, 0xC404, 0xFE28, 0xC404, 0xFE28, 0xFE28,
    0xC404, 0xFE28, 0xFE28, 0xFE28, 0xF81F, 0xF81F, 0xF81F, 0xF81F, 0xF81F, 0xF81F, 0xF81F, 0xF81F, 0xF81F, 0xF81F, 0xF81F, 0xF81F,
    0xF81F, 0xF81F, 0xF81F, 0xF81F, 0xF81F, 0xF81F, 0xF81F, 0xF81F, 0xF81F, 0xFFF0, 0xFE28, 0xFE28, 0xFE28, 0xFE28, 0xC404, 0xC404,
    0xFE28, 0xC404, 0xFE28, 0xC404, 0xC404, 0xFE28, 0xC404, 0xC404, 0xC404, 0x8200, 0x8200, 0x8200, 0xC404, 0x8200, 0xC404, 0x8200,
    0xC404, 0x8200, 0xC404, 0x8200, 0x8200, 0xC404, 0xC404, 0x8200, 0xC404, 0xC404, 0xC404, 0xC404, 0xC404, 0xFE28, 0xC404, 0xFE28,
    0xFE28, 0xFE28, 0xFE28, 0xFE28, 0xFE28, 0xF81F, 0xF81F, 0xF81F, 0xF81F, 0xF81F, 0xF81F, 0xF81F, 0xF81F, 0xF81F, 0xF81F, 0xF81F,
    0xF81F, 0xF81F, 0xF81F, 0xF81F, 0xF81F, 0xF81F, 0xF81F, 0xF81F, 0xF81F, 0xFFF0, 0xFE28, 0xFE28, 0xFE28, 0xFE28, 0xC404, 0xFE28,
    0xC404, 0xFE28, 0xC404, 0xC404, 0xC404, 0xC404, 0xC404, 0x8200, 0x8200, 0xC404, 0x8200, 0xC404, 0x8200, 0x8200, 0x8200, 0xC404,
    0x8200, 0x8200, 0xC404, 0x8200, 0x8200, 0xC404, 0x8200, 0xC404, 0xC404, 0xC404, 0xFE28, 0xC404, 0xFE28, 0xC404, 0xFE28, 0xC404,
    0xFE28, 0xC404, 0xFE28, 0xFE28, 0xFE28, 0xFE28, 0xFE28, 0xF81F, 0xF81F, 0xF81F, 0xF81F, 0xF81F, 0xF81F, 0xF81F, 0xF81F, 0xF81F,
    0xF81F, 0xF81F, 0xF81F, 0xF81F, 0xF81F, 0xF81F, 0xF81F, 0xF81F, 0xFFF0, 0xFE28, 0xFE28, 0xFE28, 0xFE28, 0xC404, 0xFE28, 0xC404,
    0xFE28, 0xC404, 0xFE28, 0xC404, 0xC404, 0xC404, 0x8200, 0xC404, 0x8200, 0x8200, 0xC404, 0x8200, 0x8200, 0x8200, 0x8200, 0x8200,
    0x8200, 0x8200, 0x8200, 0x8200, 0xC404, 0x8200, 0xC404, 0x8200, 0xC404, 0xC404, 0xC404, 0xC404, 0xC404, 0xC404, 0xC404, 0xFE28,
    0xC404, 0xFE28, 0xFE28, 0xFE28, 0xFE28, 0xFE28, 0xFE28, 0xFE28, 0xF81F, 0xF81F, 0xF81F, 0xF81F, 0xF81F, 0xF81F, 0xF81F, 0xF81F,
    0xF81F, 0xF81F, 0xF81F, 0xF81F, 0xF81F, 0xF81F, 0xF81F, 0xF81F, 0xFFF0, 0xFE28, 0xFE28, 0xC404, 0xFE28, 0xFE28, 0xC404, 0xFE28,
    0xC404, 0xC404, 0xC404, 0xC404, 0x8200, 0xC404, 0xC404, 0x8200, 0x8200, 0x8200, 0x8200, 0x8200, 0x8200, 0x8200, 0x8200, 0x8200,
    0x8200, 0x8200, 0x8200, 0x8200, 0x8200, 0xC404, 0x8200, 0xC404, 0xC404, 0x8200, 0xC404, 0xC404, 0xFE28, 0xC404, 0xC404, 0xC404,
    0xFE28, 0xC404, 0xFE28, 0xFE28, 0xFE28, 0xFE28, 0xFE28, 0xFE28, 0xFE28, 0xF81F, 0xF81F, 0xF81F, 0xF81F, 0xF81F, 0xF81F, 0xF81F,
    0xF81F, 0xF81F, 0xF81F, 0xF81F, 0xF81F, 0xF81F, 0xF81F, 0xF81F, 0xFFF0, 0xFE28, 0xFE28, 0xFE28, 0xFE28, 0xC404, 0xFE28, 0xC404,
    0xFE28, 0xC404, 0xC404, 0xC404, 0xC404, 0xC404, 0x8200, 0xC404, 0x8200, 0xC404, 0x8200, 0x8200, 0x8200, 0x8200, 0x8200, 0x8200,
    0x8200, 0x8200, 0x8200, 0x8200, 0xC404, 0x8200, 0xC404, 0x8200, 0xC404, 0xC404, 0xC404, 0xC404, 0xC404, 0xFE28, 0xC404, 0xFE28,
    0xC404, 0xFE28, 0xFE28, 0xFE28, 0xFE28, 0xFE28, 0xFE28, 0xFE28, 0xFE28, 0xFE28, 0xF81F, 0xF81F, 0xF81F, 0xF81F, 0xF81F, 0xF81F,
    0xF81F, 0xF81F, 0xF81F, 0xF81F, 0xF81F, 0xF81F, 0xF81F, 0xF81F, 0x4100, 0xFFF0, 0xFE28, 0xFE28, 0xC404, 0xFE28, 0xC404, 0xFE28,
    0xC404, 0xFE28, 0xC404, 0xC404, 0xC404, 0x8200, 0xC404, 0x8200, 0xC404, 0x8200, 0xC404, 0x8200, 0x8200, 0x8200, 0x8200, 0x8200,
    0x8200, 0x8200, 0x8200, 0x8200, 0x8200, 0x8200, 0x8200, 0xC404, 0xC404, 0xC404, 0xC404, 0xC404, 0xC404, 0xC404, 0xFE28, 0xC404,
    0xFE28, 0xC404, 0xFE28, 0xC404, 0xFE28, 0xFE28, 0xFE28, 0xFE28, 0xFE28, 0xFE28, 0xF81F, 0xF81F, 0xF81F, 0xF81F, 0xF81F, 0xF81F,
    0xF81F, 0xF81F, 0xF81F, 0xF81F, 0xF81F, 0xF81F, 0xF81F, 0xF81F, 0xC200, 0x4100, 0xFFF0, 0xFE28, 0xFE28, 0xFE28, 0xFE28, 0xC404,
    0xFE28, 0xC404, 0xC404, 0xC404, 0xC404, 0xC404, 0x8200, 0xC404, 0x8200, 0x8200, 0x8200, 0x8200, 0xC404, 0xC404, 0x8200, 0x8200,
    0x8200, 0x8200, 0xC404, 0x8200, 0xC404, 0x8200, 0xC404, 0x8200, 0xC404, 0xFE28, 0xC404, 0xFE28, 0xC404, 0xFE28, 0xC404, 0xFE28,
    0xC404, 0xC404, 0xFE28, 0xFE28, 0xFE28, 0xFE28, 0xFE28, 0xFE28, 0xFE28, 0xFE28, 0xFFF0, 0xF81F, 0xF81F, 0xF81F, 0xF81F, 0xF81F,
    0xF81F, 0xF81F, 0xF81F, 0xF81F, 0xF81F, 0xF81F, 0xF81F, 0xF81F, 0x4100, 0xC200, 0x4100, 0xFFF0, 0xFE28, 0xFE28, 0xC404, 0xFE28,
    0xC404, 0xFE28, 0xC404, 0xFE28, 0xC404, 0xC404, 0xC404, 0x8200, 0xC404, 0x8200, 0x8200, 0x8200, 0x8200, 0x8200, 0xC404, 0x8200,
    0x8200, 0xC404, 0x8200, 0x8200, 0x8200, 0xC404, 0xC404, 0xC404, 0xC404, 0xC404, 0xC404, 0xC404, 0xFE28, 0xC404, 0xC404, 0xFE28,
    0xFE28, 0xFE28, 0xFE28, 0xFE28, 0xFE28, 0xFE28, 0xFE28, 0xFE28, 0xFE28, 0xFE28, 0xFFF0, 0xF81F, 0xF81F, 0xF81F, 0xF81F, 0xF81F,
    0xF81F, 0xF81F, 0xF81F, 0xF81F, 0xF81F, 0xF81F, 0xF81F, 0xF81F, 0xC200, 0x4100, 0xC200, 0x4100, 0xFFF0, 0xFFF0, 0xFE28, 0xFE28,
    0xFE28, 0xC404, 0xFE28, 0xC404, 0xC404, 0xC404, 0xC404, 0xC404, 0xC404, 0x8200, 0xC404, 0xC404, 0x8200, 0xC404, 0x8200, 0xC404,
    0x8200, 0xC404, 0xC404, 0x8200, 0xC404, 0x8200, 0xC404, 0xFE28, 0xC404, 0xFE28, 0xC404, 0xFE28, 0xFE28, 0xFE28, 0xFE28, 0xFE28,
    0xFE28, 0xFE28, 0xFE28, 0xFE28, 0xFE28, 0xFE28, 0xFE28, 0xFE28, 0xFE28, 0xFFF0, 0x8200, 0xF81F, 0xF81F, 0xF81F, 0xF81F, 0xF81F,
    0xF81F, 0xF81F, 0xF81F, 0xF81F, 0xF81F, 0xF81F, 0xF81F, 0xF81F, 0xC200, 0xC200, 0x4100, 0xC200, 0x4100, 0xC200, 0xFFF0, 0xFE28,
    0xFE28, 0xFE28, 0xC404, 0xFE28, 0xC404, 0xC404, 0xFE28, 0xC404, 0xC404, 0xC404, 0xC404, 0xC404, 0xC404, 0xC404, 0xC404, 0x8200,
    0xC404, 0x8200, 0xC404, 0xC404, 0xC404, 0xC404, 0xC404, 0xC404, 0xC404, 0xC404, 0xC404, 0xFE28, 0xFE28, 0xFE28, 0xFE28, 0xFE28,
    0xFE28, 0xFE28, 0xFE28, 0xFE28, 0xFE28, 0xFE28, 0xC404, 0xFFF0, 0xFFF0, 0x4100, 0x8200, 0xF81F, 0xF81F, 0xF81F, 0xF81F, 0xF81F,
    0xF81F, 0xF81F, 0xF81F, 0xF81F, 0xF81F, 0xF81F, 0xF81F, 0xF81F, 0xC200, 0xC200, 0xC200, 0x4100, 0xC200, 0x4100, 0xC200, 0xFFF0,
    0xFE28, 0xC404, 0xFE28, 0xFE28, 0xC404, 0xFE28, 0xC404, 0xC404, 0xC404, 0xFE28, 0xFE28, 0xC404, 0xC404, 0x8200, 0xC404, 0xC404,
    0xC404, 0xC404, 0xC404, 0x8200, 0xC404, 0xC404, 0xC404, 0xFE28, 0xC404, 0xFE28, 0xFE28, 0xFE28, 0xC404, 0xFE28, 0xFE28, 0xC404,
    0xFE28, 0xFE28, 0xC404, 0xFE28, 0xFFF0, 0xFE28, 0xFFF0, 0x4100, 0x4100, 0x8200, 0x8200, 0xF81F, 0xF81F, 0xF81F, 0xF81F, 0xF81F,
    0xF81F, 0xF81F, 0xF81F, 0xF81F, 0xF81F, 0xF81F, 0xF81F, 0xF81F, 0x4100, 0xC200, 0xC200, 0xC200, 0x4100, 0xC200, 0x4100, 0x4100,
    0xC200, 0xFFF0, 0xFE28, 0xFE28, 0xC404, 0xFE28, 0xFE28, 0xC404, 0xFE28, 0xFE28, 0xC404, 0xFE28, 0xC404, 0xC404, 0xC404, 0xC404,
    0xC404, 0x8200, 0xC404, 0xC404, 0xC404, 0xFE28, 0xC404, 0xC404, 0xFE28, 0xC404, 0xFE28, 0xFE28, 0xFE28, 0xFE28, 0xFE28, 0xFE28,
    0xFE28, 0xFE28, 0xFE28, 0xFFF0, 0xFFF0, 0x4100, 0x4100, 0x4100, 0x4100, 0x4100, 0x8200, 0xF81F, 0xF81F, 0xF81F, 0xF81F, 0xF81F,
    0xF81F, 0xF81F, 0xF81F, 0xF81F, 0xF81F, 0xF81F, 0xF81F, 0xF81F, 0xF81F, 0x4100, 0xC200, 0x4100, 0xC200, 0xC200, 0x4100, 0xC200,
    0x4100, 0xFFF0, 0xFE28, 0xFE28, 0xFE28, 0xFE28, 0xFE28, 0xC404, 0xFE28, 0xC404, 0xFE28, 0xC404, 0xFE28, 0xC404, 0xFE28, 0xC404,
    0xC404, 0xC404, 0xC404, 0xC404, 0xFE28, 0xC404, 0xC404, 0xC404, 0xFE28, 0xFE28, 0xFE28, 0xC404, 0xFE28, 0xFE28, 0xFE28, 0xFE28,
    0xFFF0, 0xFE28, 0xFFF0, 0x4100, 0x4100, 0x4100, 0x4100, 0x8200, 0x8200, 0x8200, 0x8200, 0xF81F, 0xF81F, 0xF81F, 0xF81F, 0xF81F,
    0xF81F, 0xF81F, 0xF81F, 0xF81F, 0xF81F, 0xF81F, 0xF81F, 0xF81F, 0xF81F, 0xF81F, 0xF81F, 0x4100, 0xC200, 0x4100, 0xC200, 0x4100,
    0x4100, 0xC200, 0xFFF0, 0xFFF0, 0xFE28, 0xFE28, 0xFE28, 0xFE28, 0xFE28, 0xC404, 0xFE28, 0xFE28, 0xC404, 0xC404, 0xC404, 0xFE28,
    0xC404, 0xFE28, 0xC404, 0xC404, 0xC404, 0xFE28, 0xC404, 0xFE28, 0xC404, 0xFE28, 0xFE28, 0xFE28, 0xFE28, 0xFE28, 0xFE28, 0xFFF0,
    0xFFF0, 0xFFF0, 0x4100, 0x4100, 0x4100, 0x4100, 0x4100, 0x8200, 0x4100, 0x8200, 0x8200, 0xF81F, 0xF81F, 0xF81F, 0xF81F, 0xF81F,
    0xF81F, 0xF81F, 0xF81F, 0xF81F, 0xF81F, 0xF81F, 0xF81F, 0xF81F, 0xF81F, 0xF81F, 0xF81F, 0xF81F, 0x4100, 0xC200, 0xC200, 0x4100,
    0xC200, 0x4100, 0xC200, 0x4100, 0xFFF0, 0xFE28, 0xC404, 0xC404, 0xFE28, 0xFE28, 0xFE28, 0xFE28, 0xFE28, 0xC404, 0xFE28, 0xC404,
    0xFE28, 0xC404, 0xFE28, 0xC404, 0xFE28, 0xC404, 0xFE28, 0xFE28, 0xFE28, 0xFE28, 0xFE28, 0xFE28, 0xFE28, 0xFFF0, 0xFFF0, 0x4100,
    0x4100, 0x4100, 0x4100, 0x4100, 0x4100, 0x4100, 0x8200, 0x8200, 0x8200, 0x8200, 0xF81F, 0xF81F, 0xF81F, 0xF81F, 0xF81F, 0xF81F,
    0xF81F, 0xF81F, 0xF81F, 0xF81F, 0xF81F, 0xF81F, 0xF81F, 0xF81F, 0xF81F, 0xF81F, 0xF81F, 0xF81F, 0xF81F, 0x4100, 0xC200, 0xC200,
    0x4100, 0xC200, 0x4100, 0xC200, 0x4100, 0xFFF0, 0xFE28, 0xFE28, 0xFE28, 0xFE28, 0xC404, 0xFE28, 0xFE28, 0xFE28, 0xFE28, 0xFE28,
    0xC404, 0xFE28, 0xC404, 0xFE28, 0xC404, 0xFE28, 0xFE28, 0xFE28, 0xFE28, 0xFE28, 0xFE28, 0xFFF0, 0xFFF0, 0x4100, 0x4100, 0x4100,
    0x4100, 0x4100, 0x4100, 0x4100, 0x8200, 0x8200, 0x8200, 0x8200, 0xF81F, 0xF81F, 0xF81F, 0xF81F, 0xF81F, 0xF81F, 0xF81F, 0xF81F,
    0xF81F, 0xF81F, 0xF81F, 0xF81F, 0xF81F, 0xF81F, 0xF81F, 0xF81F, 0xF81F, 0xF81F, 0xF81F, 0xF81F, 0xF81F, 0xF81F, 0xC200, 0xC200,
    0xC200, 0x4100, 0xC200, 0x4100, 0xC200, 0x4100, 0x4100, 0xFFF0, 0xFFF0, 0xFE28, 0xFE28, 0xFE28, 0xFE28, 0xFE28, 0xFE28, 0xFE28,
    0xFE28, 0xFE28, 0xFE28, 0xFE28, 0xFE28, 0xFE28, 0xFE28, 0xFE28, 0xFFF0, 0xFFF0, 0xFFF0, 0x4100, 0x4100, 0x4100, 0x4100, 0x4100,
    0x4100, 0x4100, 0x8200, 0x8200, 0x8200, 0x8200, 0xF81F, 0xF81F, 0xF81F, 0xF81F, 0xF81F, 0xF81F, 0xF81F, 0xF81F, 0xF81F, 0xF81F,
    0xF81F, 0xF81F, 0xF81F, 0xF81F, 0xF81F, 0xF81F, 0xF81F, 0xF81F, 0xF81F, 0xF81F, 0xF81F, 0xF81F, 0xF81F, 0xF81F, 0xF81F, 0x4100,
    0xC200, 0xC200, 0x4100, 0xC200, 0x4100, 0xC200, 0xC200, 0x4100, 0xC200, 0xFFF0, 0xFFF0, 0xFE28, 0xFE28, 0xFE28, 0xFE28, 0xFE28,
    0xC404, 0xFE28, 0xFE28, 0xC404, 0xFE28, 0xFE28, 0xFE28, 0xFFF0, 0x4100, 0x4100, 0x4100, 0x4100, 0x4100, 0x4100, 0x8200, 0x4100,
    0x4100, 0x8200, 0x8200, 0x8200, 0xF81F, 0xF81F, 0xF81F, 0xF81F, 0xF81F, 0xF81F, 0xF81F, 0xF81F, 0xF81F, 0xF81F, 0xF81F, 0xF81F,
    0xF81F, 0xF81F, 0xF81F, 0xF81F, 0xF81F, 0xF81F, 0xF81F, 0xF81F, 0xF81F, 0xF81F, 0xF81F, 0xF81F, 0xF81F, 0xF81F, 0xF81F, 0xF81F,
    0x4100, 0xC200, 0xC200, 0xC200, 0xC200, 0x4100, 0x4100, 0xC200, 0x4100, 0xC200, 0x4100, 0xFFF0, 0xFFF0, 0xFE28, 0xFE28, 0xFE28,
    0xC404, 0xFE28, 0xFE28, 0xFE28, 0xFFF0, 0xFFF0, 0x4100, 0x4100, 0x4100, 0x8200, 0x4100, 0x4100, 0x8200, 0x8200, 0x4100, 0x8200,
    0x8200, 0x8200, 0xF81F, 0xF81F, 0xF81F, 0xF81F, 0xF81F, 0xF81F, 0xF81F, 0xF81F, 0xF81F, 0xF81F, 0xF81F, 0xF81F, 0xF81F, 0xF81F,
    0xF81F, 0xF81F, 0xF81F, 0xF81F, 0xF81F, 0xF81F, 0xF81F, 0xF81F, 0xF81F, 0xF81F, 0xF81F, 0xF81F, 0xF81F, 0xF81F, 0xF81F, 0xF81F,
    0xF81F, 0xF81F, 0x4100, 0xC200, 0xC200, 0xC200, 0xC200, 0x4100, 0xC200, 0x4100, 0xC200, 0x4100, 0xFFF0, 0xFFF0, 0xFE28, 0xFE28,
    0xFE28, 0xFE28, 0xFFF0, 0xFFF0, 0x4100, 0x4100, 0x8200, 0x4100, 0x8200, 0x4100, 0x8200, 0x4100, 0x8200, 0x8200, 0x8200, 0x8200,
    0xF81F, 0xF81F, 0xF81F, 0xF81F, 0xF81F, 0xF81F, 0xF81F, 0xF81F, 0xF81F, 0xF81F, 0xF81F, 0xF81F, 0xF81F, 0xF81F, 0xF81F, 0xF81F,
    0xF81F, 0xF81F, 0xF81F, 0xF81F, 0xF81F, 0xF81F, 0xF81F, 0xF81F, 0xF81F, 0xF81F, 0xF81F, 0xF81F, 0xF81F, 0xF81F, 0xF81F, 0xF81F,
    0xF81F, 0xF81F, 0xF81F, 0x4100, 0x4100, 0xC200, 0xC200, 0xC200, 0x4100, 0xC200, 0x4100, 0xC200, 0x4100, 0xC200, 0xFFF0, 0xFFF0,
    0xFFF0, 0xFFF0, 0x8200, 0x4100, 0x8200, 0x4100, 0x4100, 0x8200, 0x4100, 0x8200, 0x4100, 0x8200, 0x8200, 0x8200, 0xF81F, 0xF81F,
    0xF81F, 0xF81F, 0xF81F, 0xF81F, 0xF81F, 0xF81F, 0xF81F, 0xF81F, 0xF81F, 0xF81F, 0xF81F, 0xF81F, 0xF81F, 0xF81F, 0xF81F, 0xF81F,
    0xF81F, 0xF81F, 0xF81F, 0xF81F, 0xF81F, 0xF81F, 0xF81F, 0xF81F, 0xF81F, 0xF81F, 0xF81F, 0xF81F, 0xF81F, 0xF81F, 0xF81F, 0xF81F,
    0xF81F, 0xF81F, 0xF81F, 0xF81F, 0xF81F, 0xF81F, 0x4100, 0xC200, 0xC200, 0xC200, 0xC200, 0xC200, 0xC200, 0x4100, 0x4100, 0xC200,
    0x4100, 0x4100, 0xC200, 0x8200, 0x4100, 0x4100, 0x8200, 0x4100, 0x8200, 0x8200, 0x8200, 0x8200, 0xF81F, 0xF81F, 0xF81F, 0xF81F,
    0xF81F, 0xF81F, 0xF81F, 0xF81F, 0xF81F, 0xF81F, 0xF81F, 0xF81F, 0xF81F, 0xF81F, 0xF81F, 0xF81F, 0xF81F, 0xF81F, 0xF81F, 0xF81F,
    0xF81F, 0xF81F, 0xF81F, 0xF81F, 0xF81F, 0xF81F, 0xF81F, 0xF81F, 0xF81F, 0xF81F, 0xF81F, 0xF81F, 0xF81F, 0xF81F, 0xF81F, 0xF81F,
    0xF81F, 0xF81F, 0xF81F, 0xF81F, 0xF81F, 0xF81F, 0xF81F, 0x4100, 0x4100, 0x4100, 0xC200, 0xC200, 0xC200, 0xC200, 0xC200, 0x4100,
    0xC200, 0x8200, 0x4100, 0xC200, 0x8200, 0x8200, 0x4100, 0x8200, 0x8200, 0x8200, 0xF81F, 0xF81F, 0xF81F, 0xF81F, 0xF81F, 0xF81F,
    0xF81F, 0xF81F, 0xF81F, 0xF81F, 0xF81F, 0xF81F, 0xF81F, 0xF81F, 0xF81F, 0xF81F, 0xF81F, 0xF81F, 0xF81F, 0xF81F, 0xF81F, 0xF81F,
    0xF81F, 0xF81F, 0xF81F, 0xF81F, 0xF81F, 0xF81F, 0xF81F, 0xF81F, 0xF81F, 0xF81F, 0xF81F, 0xF81F, 0xF81F, 0xF81F, 0xF81F, 0xF81F,
    0xF81F, 0xF81F, 0xF81F, 0xF81F, 0xF81F, 0xF81F, 0xF81F, 0xF81F, 0xF81F, 0xF81F, 0x4100, 0xC200, 0xC200, 0xC200, 0x4100, 0xC200,
    0x4100, 0xC200, 0x8200, 0x4100, 0x8200, 0x4100, 0x8200, 0x8200, 0xF81F, 0xF81F, 0xF81F, 0xF81F, 0xF81F, 0xF81F, 0xF81F, 0xF81F,
    0xF81F, 0xF81F, 0xF81F, 0xF81F, 0xF81F, 0xF81F, 0xF81F, 0xF81F, 0xF81F, 0xF81F, 0xF81F, 0xF81F, 0xF81F, 0xF81F, 0xF81F, 0xF81F,
    0xF81F, 0xF81F, 0xF81F, 0xF81F, 0xF81F, 0xF81F, 0xF81F, 0xF81F, 0xF81F, 0xF81F, 0xF81F, 0xF81F, 0xF81F, 0xF81F, 0xF81F, 0xF81F,
    0xF81F, 0xF81F, 0xF81F, 0xF81F, 0xF81F, 0xF81F, 0xF81F, 0xF81F, 0xF81F, 0xF81F, 0xF81F, 0x4100, 0xC200, 0xC200, 0xC200, 0x4100,
    0xC200, 0x4100, 0x4100, 0x4100, 0x8200, 0x8200, 0xF81F, 0xF81F, 0xF81F, 0xF81F, 0xF81F, 0xF81F, 0xF81F, 0xF81F, 0xF81F, 0xF81F,
    0xF81F, 0xF81F, 0xF81F, 0xF81F, 0xF81F, 0xF81F, 0xF81F, 0xF81F, 0xF81F, 0xF81F, 0xF81F, 0xF81F, 0xF81F, 0xF81F, 0xF81F, 0xF81F,
    0xF81F, 0xF81F, 0xF81F, 0xF81F, 0xF81F, 0xF81F, 0xF81F, 0xF81F, 0xF81F, 0xF81F, 0xF81F, 0xF81F, 0xF81F, 0xF81F, 0xF81F, 0xF81F,
    0xF81F, 0xF81F, 0xF81F, 0xF81F, 0xF81F, 0xF81F, 0xF81F, 0xF81F, 0xF81F, 0xF81F, 0xF81F, 0xF81F, 0x4100, 0x4100, 0xC200, 0xC200,
    0x4100, 0xC200, 0x4100, 0x4100, 0xF81F, 0xF81F, 0xF81F, 0xF81F, 0xF81F, 0xF81F, 0xF81F, 0xF81F, 0xF81F, 0xF81F, 0xF81F, 0xF81F,
    0xF81F, 0xF81F, 0xF81F, 0xF81F, 0xF81F, 0xF81F, 0xF81F, 0xF81F, 0xF81F, 0xF81F, 0xF81F, 0xF81F, 0xF81F, 0xF81F, 0xF81F, 0xF81F,
    0xF81F, 0xF81F, 0xF81F, 0xF81F, 0xF81F, 0xF81F, 0xF81F, 0xF81F, 0xF81F, 0xF81F, 0xF81F, 0xF81F, 0xF81F, 0xF81F, 0xF81F, 0xF81F,
    0xF81F, 0xF81F, 0xF81F, 0xF81F, 0xF81F, 0xF81F, 0xF81F, 0xF81F, 0xF81F, 0xF81F, 0xF81F, 0xF81F, 0xF81F, 0xF81F, 0x4100, 0x4100,
    0x4100, 0x4100, 0xF81F, 0xF81F, 0xF81F, 0xF81F, 0xF81F, 0xF81F, 0xF81F, 0xF81F, 0xF81F, 0xF81F, 0xF81F, 0xF81F, 0xF81F, 0xF81F,
    0xF81F, 0xF81F, 0xF81F, 0xF81F, 0xF81F, 0xF81F, 0xF81F, 0xF81F, 0xF81F, 0xF81F, 0xF81F, 0xF81F, 0xF81F, 0xF81F, 0xF81F, 0xF81F,
    0xF81F, 0xF81F, 0xF81F, 0xF81F, 0xF81F, 0xF81F, 0xF81F, 0xF81F, 0xF81F, 0xF81F, 0xF81F, 0xF81F, 0xF81F, 0xF81F, 0xF81F, 0xF81F,
    0xF81F, 0xF81F, 0xF81F, 0xF81F, 0xF81F, 0xF81F, 0xF81F, 0xF81F, 0xF81F, 0xF81F, 0xF81F, 0xF81F, 0xF81F, 0xF81F, 0xF81F, 0xF81F,
    0xF81F, 0xF81F, 0xF81F, 0xF81F, 0xF81F, 0xF81F, 0xF81F, 0xF81F, 0xF81F, 0xF81F, 0xF81F, 0xF81F, 0xF81F, 0xF81F, 0xF81F, 0xF81F,
    0xF81F, 0xF81F, 0xF81F, 0xF81F, 0xF81F, 0xF81F, 0xF81F, 0xF81F, 0xF81F, 0xF81F, 0xF81F, 0xF81F, 0xF81F, 0xF81F, 0xF81F, 0xF81F,
    0xF81F, 0xF81F, 0xF81F, 0xF81F, 0xF81F, 0xF81F, 0xF81F, 0xF81F, 0xF81F, 0xF81F, 0xF81F, 0xF81F, 0xF81F, 0xF81F, 0xF81F, 0xF81F,
    0xF81F, 0xF81F, 0xF81F, 0xF81F, 0xF81F, 0xF81F, 0xF81F, 0xF81F, 0xF81F, 0xF81F, 0xF81F, 0xF81F, 0xF81F, 0xF81F, 0xF81F, 0xF81F,
    0xF81F, 0xF81F, 0xF81F, 0xF81F, 0xF81F, 0xF81F, 0xF81F, 0xF81F, 0xF81F, 0xF81F, 0xF81F, 0xF81F, 0xF81F, 0xF81F, 0xF81F, 0xF81F,
    0xF81F, 0xF81F, 0xF81F, 0xF81F, 0xF81F, 0xF81F, 0xF81F, 0xF81F, 0xF81F, 0xF81F, 0xF81F, 0xF81F, 0xF81F, 0xF81F, 0xF81F, 0xF81F,
    0xF81F, 0xF81F, 0xF81F, 0xF81F, 0xF81F, 0xF81F, 0xF81F, 0xF81F, 0xF81F, 0xF81F, 0xF81F, 0xF81F, 0xF81F, 0xF81F, 0xF81F, 0xF81F,
    0xF81F, 0xF81F, 0xF81F, 0xF81F, 0xF81F, 0xF81F, 0xF81F, 0xF81F, 0xF81F, 0xF81F, 0xF81F, 0xF81F, 0xF81F, 0xF81F, 0xF81F, 0xF81F,
    0xF81F, 0xF81F, 0xF81F, 0xF81F, 0xF81F, 0xF81F, 0xF81F, 0xF81F, 0xF81F, 0xF81F, 0xF81F, 0xF81F, 0xF81F, 0xF81F, 0xF81F, 0xF81F,
    0xF81F, 0xF81F, 0xF81F, 0xF81F, 0xF81F, 0xF81F, 0xF81F, 0xF81F, 0xF81F, 0xF81F, 0xF81F, 0xF81F, 0xF81F, 0xF81F, 0xF81F, 0xF81F,
    0xF81F, 0xF81F, 0xF81F, 0xF81F, 0xF81F, 0xF81F, 0xF81F, 0xF81F, 0xF81F, 0xF81F, 0xF81F, 0xF81F, 0xF81F, 0xF81F, 0xF81F, 0xF81F,
    0xF81F, 0xF81F, 0xF81F, 0xF81F, 0xF81F, 0xF81F, 0xF81F, 0xF81F, 0xF81F, 0xF81F, 0xF81F, 0xF81F, 0xF81F, 0xF81F, 0xF81F, 0xF81F,
    0xF81F, 0xF81F, 0xF81F, 0xF81F, 0xF81F, 0xF81F, 0xF81F, 0xF81F, 0xF81F, 0xF81F, 0xF81F, 0xF81F, 0xF81F, 0xF81F, 0xF81F, 0xF81F,
    0xF81F, 0xF81F, 0xF81F, 0xF81F, 0xF81F, 0xF81F, 0xF81F, 0xF81F, 0xF81F, 0xF81F, 0xF81F, 0xF81F, 0xF81F, 0xF81F, 0xF81F, 0xF81F,
    0xF81F, 0xF81F, 0xF81F, 0xF81F, 0xF81F, 0xF81F, 0xF81F, 0xF81F, 0xF81F, 0xF81F, 0xF81F, 0xF81F, 0xF81F, 0xF81F, 0xF81F, 0xF81F,
    0xF81F, 0xF81F, 0xF81F, 0xF81F, 0xF81F, 0xF81F, 0xF81F, 0xF81F, 0xF81F, 0xF81F, 0xF81F, 0xF81F, 0xF81F, 0xF81F, 0xF81F, 0xF81F,
    0xF81F, 0xF81F, 0xF81F, 0xF81F, 0xF81F, 0xF81F, 0xF81F, 0xF81F, 0xF81F, 0xF81F, 0xF81F, 0xF81F, 0xF81F, 0xF81F, 0xF81F, 0xF81F,
    0xF81F, 0xF81F, 0xF81F, 0xF81F, 0xF81F, 0xF81F, 0xF81F, 0xF81F, 0xF81F, 0xF81F, 0xF81F, 0xF81F, 0xF81F, 0xF81F, 0xF81F, 0xF81F,
    0xF81F, 0xF81F, 0xF81F, 0xF81F, 0xF81F, 0xF81F, 0xF81F, 0xF81F, 0xF81F, 0xF81F, 0xF81F, 0xF81F, 0xF81F, 0xF81F, 0xF81F, 0xF81F,
    0xF81F, 0xF81F, 0xF81F, 0xF81F, 0xF81F, 0xF81F, 0xF81F, 0xF81F, 0xF81F, 0xF81F, 0xF81F, 0xF81F, 0xF81F, 0xF81F, 0xF81F, 0xF81F,
    0xF81F, 0xF81F, 0xF81F, 0xF81F, 0xF81F, 0xF81F, 0xF81F, 0xF81F, 0xF81F, 0xF81F, 0xF81F, 0xF81F, 0xF81F, 0xF81F, 0xF81F, 0xF81F,
    0xF81F, 0xF81F, 0xF81F, 0xF81F, 0xF81F, 0xF81F, 0xF81F, 0xF81F, 0xF81F, 0xF81F, 0xF81F, 0xF81F, 0xF81F, 0xF81F, 0xF81F, 0xF81F,
    0xF81F, 0xF81F, 0xF81F, 0xF81F, 0xF81F, 0xF81F, 0xF81F, 0xF81F, 0xF81F, 0xF81F, 0xF81F, 0xF81F, 0xF81F, 0xF81F, 0xF81F, 0xF81F,
    0xF81F, 0xF81F, 0xF81F, 0xF81F, 0xF81F, 0xF81F, 0xF81F, 0xF81F, 0xF81F, 0xF81F, 0xF81F, 0xF81F, 0xF81F, 0xF81F, 0xF81F, 0xF81F,
    0xF81F, 0xF81F, 0xF81F, 0xF81F, 0xF81F, 0xF81F, 0xF81F, 0xF81F, 0xF81F, 0xF81F, 0xF81F, 0xF81F, 0xF81F, 0xF81F, 0xF81F, 0xF81F,
    0xF81F, 0xF81F, 0xF81F, 0xF81F, 0xF81F, 0xF81F, 0xF81F, 0xF81F, 0xF81F, 0xF81F, 0xF81F, 0xF81F, 0xF81F, 0xF81F, 0xF81F, 0xF81F,
    0xF81F, 0xF81F, 0xF81F, 0xF81F, 0xF81F, 0xF81F, 0xF81F, 0xF81F, 0xF81F, 0xF81F, 0xF81F, 0xF81F, 0xF81F, 0xF81F, 0xF81F, 0xF81F,
    0xF81F, 0xF81F, 0xF81F, 0xF81F, 0xF81F, 0xF81F, 0xF81F, 0xF81F, 0xF81F, 0xF81F, 0xF81F, 0xF81F, 0xF81F, 0xF81F, 0xF81F, 0xF81F,
    0xF81F, 0xF81F, 0xF81F, 0xF81F, 0xF81F, 0xF81F, 0xF81F, 0xF81F, 0xF81F, 0xF81F, 0xF81F, 0xF81F, 0xF81F, 0xF81F, 0xF81F, 0xF81F,
    0xF81F, 0xF81F, 0xF81F, 0xF81F, 0xF81F, 0xF81F, 0xF81F, 0xF81F, 0xF81F, 0xF81F, 0xF81F, 0xF81F, 0xF81F, 0xF81F, 0xF81F, 0xF81F,
    0xF81F, 0xF81F, 0xF81F, 0xF81F, 0xF81F, 0xF81F, 0xF81F, 0xF81F, 0xF81F, 0xF81F, 0xF81F, 0xF81F, 0xF81F, 0xF81F, 0xF81F, 0xF81F,
    0xF81F, 0xF81F, 0xF81F, 0xF81F, 0xF81F, 0xF81F, 0xF81F, 0xF81F, 0xF81F, 0xF81F, 0xF81F, 0xF81F, 0xF81F, 0xF81F, 0xF81F, 0xF81F,
    0xF81F, 0xF81F, 0xF81F, 0xF81F, 0xF81F, 0xF81F, 0xF81F, 0xF81F, 0xF81F, 0xF81F, 0xF81F, 0xF81F, 0xF81F, 0xF81F, 0xF81F, 0xF81F,
    0xF81F, 0xF81F, 0xF81F, 0xF81F, 0xF81F, 0xF81F, 0xF81F, 0xF81F, 0xF81F, 0xF81F, 0xF81F, 0xF81F, 0xF81F, 0xF81F, 0xF81F, 0xF81F,
    0xF81F, 0xF81F, 0xF81F, 0xF81F, 0xF81F, 0xF81F, 0xF81F, 0xF81F, 0xF81F, 0xF81F, 0xF81F, 0xF81F, 0xF81F, 0xF81F, 0xF81F, 0xF81F,
    0xF81F, 0xF81F, 0xF81F, 0xF81F, 0xF81F, 0xF81F, 0xF81F, 0xF81F, 0xF81F, 0xF81F, 0xF81F, 0xF81F, 0xF81F, 0xF81F, 0xF81F, 0xF81F,
    0xF81F, 0xF81F, 0xF81F, 0xF81F, 0xF81F, 0xF81F, 0xF81F, 0xF81F, 0xF81F, 0xF81F, 0xF81F, 0xF81F, 0xF81F, 0xF81F, 0xF81F, 0xF81F,
    0xF81F, 0xF81F, 0xF81F, 0xF81F, 0xF81F, 0xF81F, 0xF81F, 0xF81F, 0xF81F, 0xF81F, 0xF81F, 0xF81F, 0xF81F, 0xF81F, 0xF81F, 0xF81F,
    0xF81F, 0xF81F, 0xF81F, 0xF81F, 0xF81F, 0xF81F, 0xF81F, 0xF81F, 0xF81F, 0xF81F, 0xF81F, 0xF81F, 0xF81F, 0xF81F, 0xF81F, 0xF81F,
    0xF81F, 0xF81F, 0xF81F, 0xF81F, 0xF81F, 0xF81F, 0xF81F, 0xF81F, 0xF81F, 0xF81F, 0xF81F, 0xF81F, 0xF81F, 0xF81F, 0xF81F, 0xF81F,
    0xF81F, 0xF81F, 0xF81F, 0xF81F, 0xF81F, 0xF81F, 0xF81F, 0xF81F, 0xF81F, 0xF81F, 0xF81F, 0xF81F, 0xF81F, 0xF81F, 0xF81F, 0xF81F,
    0xF81F, 0xF81F, 0xF81F, 0xF81F, 0xF81F, 0xF81F, 0xF81F, 0xF81F, 0xF81F, 0xF81F, 0xF81F, 0xF81F, 0xF81F, 0xF81F, 0xF81F, 0xF81F,
    0xF81F, 0xF81F, 0xF81F, 0xF81F, 0xF81F, 0xF81F, 0xF81F, 0xF81F, 0xF81F, 0xF81F, 0xF81F, 0xF81F, 0xF81F, 0xF81F, 0xF81F, 0xF81F,
    0xF81F, 0xF81F, 0xF81F, 0xF81F, 0xF81F, 0xF81F, 0xF81F, 0xF81F, 0xF81F, 0xF81F, 0xF81F, 0xF81F, 0xF81F, 0xF81F, 0xF81F, 0xF81F,
    0xF81F, 0xF81F, 0xF81F, 0xF81F, 0xF81F, 0xF81F, 0xF81F, 0xF81F, 0xF81F, 0xF81F, 0xF81F, 0xF81F, 0xF81F, 0xF81F, 0xF81F, 0xF81F,
    0xF81F, 0xF81F, 0xF81F, 0xF81F, 0xF81F, 0xF81F, 0xF81F, 0xF81F, 0xF81F, 0xF81F, 0xF81F, 0xF81F, 0xF81F, 0xF81F, 0xF81F, 0xF81F,
  },
  {
    0xF81F, 0xF81F, 0xF81F, 0xF81F, 0xF81F, 0xF81F, 0xF81F, 0xF81F, 0xF81F, 0xF81F, 0xF81F, 0xF81F, 0xF81F, 0xF81F, 0xF81F, 0xF81F,
    0xF81F, 0xF81F, 0xF81F, 0xF81F, 0xF81F, 0xF81F, 0xF81F, 0xF81F, 0xF81F, 0xF81F, 0xF81F, 0xF81F, 0xF81F, 0xF81F, 0xF81F, 0xF81F,
    0xF81F, 0xF81F, 0xF81F, 0xF81F, 0xF81F, 0xF81F, 0xF81F, 0xF81F, 0xF81F, 0xF81F, 0xF81F, 0xF81F, 0xF81F, 0xF81F, 0xF81F, 0xF81F,
    0xF81F, 0xF81F, 0xF81F, 0xF81F, 0xF81F, 0xF81F, 0xF81F, 0xF81F, 0xF81F, 0xF81F, 0xF81F, 0xF81F, 0xF81F, 0xF81F, 0xF81F, 0xF81F,
    0xF81F, 0xF81F, 0xF81F, 0xF81F, 0xF81F, 0xF81F, 0xF81F, 0xF81F, 0xF81F, 0xF81F, 0xF81F, 0xF81F, 0xF81F, 0xF81F, 0xF81F, 0xF81F,
    0xF81F, 0xF81F, 0xF81F, 0xF81F, 0xF81F, 0xF81F, 0xF81F, 0xF81F, 0xF81F, 0xF81F, 0xF81F, 0xF81F, 0xF81F, 0xF81F, 0xF81F, 0xF81F,
    0xF81F, 0xF81F, 0xF81F, 0xF81F, 0xF81F, 0xF81F, 0xF81F, 0xF81F, 0xF81F, 0xF81F, 0xF81F, 0xF81F, 0xF81F, 0xF81F, 0xF81F, 0xF81F,
    0xF81F, 0xF81F, 0xF81F, 0xF81F, 0xF81F, 0xF81F, 0xF81F, 0xF81F, 0xF81F, 0xF81F, 0xF81F, 0xF81F, 0xF81F, 0xF81F, 0xF81F, 0xF81F,
    0xF81F, 0xF81F, 0xF81F, 0xF81F, 0xF81F, 0xF81F, 0xF81F, 0xF81F, 0xF81F, 0xF81F, 0xF81F, 0xF81F, 0xF81F, 0xF81F, 0xF81F, 0xF81F,
    0xF81F, 0xF81F, 0xF81F, 0xF81F, 0xF81F, 0xF81F, 0xF81F, 0xF81F, 0xF81F, 0xF81F, 0xF81F, 0xF81F, 0xF81F, 0xF81F, 0xF81F, 0xF81F,
    0xF81F, 0xF81F, 0xF81F, 0xF81F, 0xF81F, 0xF81F, 0xF81F, 0xF81F, 0xF81F, 0xF81F, 0xF81F, 0xF81F, 0xF81F, 0xF81F, 0xF81F, 0xF81F,
    0xF81F, 0xF81F, 0xF81F, 0xF81F, 0xF81F, 0xF81F, 0xF81F, 0xF81F, 0xF81F, 0xF81F, 0xF81F, 0xF81F, 0xF81F, 0xF81F, 0xF81F, 0xF81F,
    0xF81F, 0xF81F, 0xF81F, 0xF81F, 0xF81F, 0xF81F, 0xF81F, 0xF81F, 0xF81F, 0xF81F, 0xF81F, 0xF81F, 0xF81F, 0xF81F, 0xF81F, 0xF81F,
    0xF81F, 0xF81F, 0xF81F, 0xF81F, 0xF81F, 0xF81F, 0xF81F, 0xF81F, 0xF81F, 0xF81F, 0xF81F, 0xF81F, 0xF81F, 0xF81F, 0xF81F, 0xF81F,
    0xF81F, 0xF81F, 0xF81F, 0xF81F, 0xF81F, 0xF81F, 0xF81F, 0xF81F, 0xF81F, 0xF81F, 0xF81F, 0xF81F, 0xF81F, 0xF81F, 0xF81F, 0xF81F,
    0xF81F, 0xF81F, 0xF81F, 0xF81F, 0xF81F, 0xF81F, 0xF81F, 0xF81F, 0xF81F, 0xF81F, 0xF81F, 0xF81F, 0xF81F, 0xF81F, 0xF81F, 0xF81F,
    0xF81F, 0xF81F, 0xF81F, 0xF81F, 0xF81F, 0xF81F, 0xF81F, 0xF81F, 0xF81F, 0xF81F, 0xF81F, 0xF81F, 0xF81F, 0xF81F, 0xF81F, 0xF81F,
    0xF81F, 0xF81F, 0xF81F, 0xF81F, 0xF81F, 0xF81F, 0xF81F, 0xF81F, 0xF81F, 0xF81F, 0xF81F, 0xF81F, 0xF81F, 0xF81F, 0xF81F, 0xF81F,
    0xF81F, 0xF81F, 0xF81F, 0xF81F, 0xF81F, 0xF81F, 0xF81F, 0xF81F, 0xF81F, 0xF81F, 0xF81F, 0xF81F, 0xF81F, 0xF81F, 0xF81F, 0xF81F,
    0xF81F, 0xF81F, 0xF81F, 0xF81F, 0xF81F, 0xF81F, 0xF81F, 0xF81F, 0xF81F, 0xF81F, 0xF81F, 0xF81F, 0xF81F, 0xF81F, 0xF81F, 0xF81F,
    0xF81F, 0xF81F, 0xF81F, 0xF81F, 0xF81F, 0xF81F, 0xF81F, 0xF81F, 0xF81F, 0xF81F, 0xF81F, 0xF81F, 0xF81F, 0xF81F, 0xF81F, 0xF81F,
    0xF81F, 0xF81F, 0xF81F, 0xF81F, 0xF81F, 0xF81F, 0xF81F, 0xF81F, 0xF81F, 0xF81F, 0xF81F, 0xF81F, 0xF81F, 0xF81F, 0xF81F, 0xF81F,
    0xF81F, 0xF81F, 0xF81F, 0xF81F, 0xF81F, 0xF81F, 0xF81F, 0xF81F, 0xF81F, 0xF81F, 0xF81F, 0xF81F, 0xF81F, 0xF81F, 0xF81F, 0xF81F,
    0xF81F, 0xF81F, 0xF81F, 0xF81F, 0xF81F, 0xF81F, 0xF81F, 0xF81F, 0xF81F, 0xF81F, 0xF81F, 0xF81F, 0xF81F, 0xF81F, 0xF81F, 0xF81F,
    0xF81F, 0xF81F, 0xF81F, 0xF81F, 0xF81F, 0xF81F, 0xF81F, 0xF81F, 0xF81F, 0xF81F, 0xF81F, 0xF81F, 0xF81F, 0xF81F, 0xF81F, 0xF81F,
    0xF81F, 0xF81F, 0xF81F, 0xF81F, 0xF81F, 0xF81F, 0xF81F, 0xF81F, 0xF81F, 0xF81F, 0xF81F, 0xF81F, 0xF81F, 0xF81F, 0xF81F, 0xF81F,
    0xF81F, 0xF81F, 0xF81F, 0xF81F, 0xF81F, 0xF81F, 0xF81F, 0xF81F, 0xF81F, 0xF81F, 0xF81F, 0xF81F, 0xF81F, 0xF81F, 0xF81F, 0xF81F,
    0xF81F, 0xF81F, 0xF81F, 0xF81F, 0xF81F, 0xF81F, 0xF81F, 0xF81F, 0xF81F, 0xF81F, 0xF81F, 0xF81F, 0xF81F, 0xF81F, 0xF81F, 0xF81F,
    0xF81F, 0xF81F, 0xF81F, 0xF81F, 0xF81F, 0xF81F, 0xF81F, 0xF81F, 0xF81F, 0xF81F, 0xF81F, 0xF81F, 0xF81F, 0xF81F, 0xF81F, 0xF81F,
    0xF81F, 0xF81F, 0xF81F, 0xF81F, 0xF81F, 0xF81F, 0xF81F, 0xF81F, 0xF81F, 0xF81F, 0xF81F, 0xF81F, 0xF81F, 0xF81F, 0xF81F, 0xF81F,
    0xF81F, 0xF81F, 0xF81F, 0xF81F, 0xF81F, 0xF81F, 0xF81F, 0xF81F, 0xF81F, 0xF81F, 0xF81F, 0xF81F, 0xF81F, 0xF81F, 0xF81F, 0xF81F,
    0xF81F, 0xF81F, 0xF81F, 0xF81F, 0xF81F, 0xF81F, 0xF81F, 0xF81F, 0xF81F, 0xF81F, 0xF81F, 0xF81F, 0xF81F, 0xF81F, 0xF81F, 0xF81F,
    0xF81F, 0xF81F, 0xF81F, 0xF81F, 0xF81F, 0xF81F, 0xF81F, 0xF81F, 0xF81F, 0xF81F, 0xF81F, 0xF81F, 0xF81F, 0xF81F, 0xF81F, 0xF81F,
    0xF81F, 0xF81F, 0xF81F, 0xF81F, 0xF81F, 0xF81F, 0xF81F, 0xF81F, 0xF81F, 0xF81F, 0xF81F, 0xF81F, 0xF81F, 0xF81F, 0xF81F, 0xF81F,
    0xF81F, 0xF81F, 0xF81F, 0xF81F, 0xF81F, 0xF81F, 0xF81F, 0xF81F, 0xF81F, 0xF81F, 0xF81F, 0xF81F, 0xF81F, 0xF81F, 0xF81F, 0xF81F,
    0xF81F, 0xF81F, 0xF81F, 0xF81F, 0xF81F, 0xF81F, 0xF81F, 0xF81F, 0xF81F, 0xF81F, 0xF81F, 0xF81F, 0xF81F, 0xF81F, 0xF81F, 0xF81F,
    0xF81F, 0xF81F, 0xF81F, 0xF81F, 0xF81F, 0xF81F, 0xF81F, 0xF81F, 0xF81F, 0xF81F, 0xF81F, 0xF81F, 0xF81F, 0xF81F, 0xF81F, 0xF81F,
    0xF81F, 0xF81F, 0xF81F, 0xF81F, 0xF81F, 0xF81F, 0xF81F, 0xF81F, 0xF81F, 0xF81F, 0xF81F, 0xF81F, 0xF81F, 0xF81F, 0xF81F, 0xF81F,
    0xF81F, 0xF81F, 0xF81F, 0xF81F, 0xF81F, 0xF81F, 0xF81F, 0xF81F, 0xF81F, 0xF81F, 0xF81F, 0xF81F, 0xF81F, 0xF81F, 0xF81F, 0xF81F,
    0xF81F, 0xF81F, 0xF81F, 0xF81F, 0xF81F, 0xF81F, 0xF81F, 0xF81F, 0xF81F, 0xF81F, 0xF81F, 0xF81F, 0xF81F, 0xF81F, 0xF81F, 0xF81F,
    0xF81F, 0xF81F, 0xF81F, 0xF81F, 0xF81F, 0xF81F, 0xF81F, 0xF81F, 0xF81F, 0xF81F, 0xF81F, 0xF81F, 0xF81F, 0xF81F, 0xF81F, 0xF81F,
    0xF81F, 0xF81F, 0xF81F, 0xF81F, 0xF81F, 0xF81F, 0xF81F, 0xF81F, 0xF81F, 0xF81F, 0xF81F, 0xF81F, 0xF81F, 0xF81F, 0xF81F, 0xF81F,
    0xF81F, 0xF81F, 0xF81F, 0xF81F, 0xF81F, 0xF81F, 0xF81F, 0xF81F, 0xF81F, 0xF81F, 0xF81F, 0xF81F, 0xF81F, 0xF81F, 0xF81F, 0xF81F,
    0xF81F, 0xF81F, 0xF81F, 0xF81F, 0xF81F, 0xF81F, 0xF81F, 0xF81F, 0xF81F, 0xF81F, 0xF81F, 0xF81F, 0xF81F, 0xF81F, 0xF81F, 0xF81F,
    0xF81F, 0xF81F, 0xF81F, 0xF81F, 0xF81F, 0xF81F, 0xF81F, 0xF81F, 0xF81F, 0xF81F, 0xF81F, 0xF81F, 0xF81F, 0xF81F, 0xF81F, 0xF81F,
    0xF81F, 0xF81F, 0xF81F, 0xF81F, 0xF81F, 0xF81F, 0xF81F, 0xF81F, 0xF81F, 0xF81F, 0xF81F, 0xF81F, 0xF81F, 0xF81F, 0xF81F, 0xF81F,
    0xF81F, 0xF81F, 0xF81F, 0xF81F, 0xF81F, 0xF81F, 0xF81F, 0xF81F, 0xF81F, 0xF81F, 0xF81F, 0xF81F, 0xF81F, 0xF81F, 0xF81F, 0xF81F,
    0xF81F, 0xF81F, 0xF81F, 0xF81F, 0xF81F, 0xF81F, 0xF81F, 0xF81F, 0xF81F, 0xF81F, 0xF81F, 0xF81F, 0xF81F, 0xF81F, 0xF81F, 0xF81F,
    0xF81F, 0xF81F, 0xF81F, 0xF81F, 0xF81F, 0xF81F, 0xF81F, 0xF81F, 0xF81F, 0xF81F, 0xF81F, 0xF81F, 0xF81F, 0xF81F, 0xF81F, 0xF81F,
    0xF81F, 0xF81F, 0xF81F, 0xF81F, 0xF81F, 0xF81F, 0xF81F, 0xF81F, 0xF81F, 0xF81F, 0xF81F, 0xF81F, 0xF81F, 0xF81F, 0xF81F, 0xF81F,
    0xF81F, 0xF81F, 0xF81F, 0xF81F, 0xF81F, 0xF81F, 0xF81F, 0xF81F, 0xF81F, 0xF81F, 0xF81F, 0xF81F, 0xF81F, 0xF81F, 0xF81F, 0xF81F,
    0xF81F, 0xF81F, 0xF81F, 0xF81F, 0xF81F, 0xF81F, 0xF81F, 0xF81F, 0xF81F, 0xF81F, 0xF81F, 0xF81F, 0xF81F, 0xF81F, 0xF81F, 0xF81F,
    0xF81F, 0xF81F, 0xF81F, 0xF81F, 0xF81F, 0xF81F, 0xF81F, 0xF81F, 0xF81F, 0xF81F, 0xF81F, 0xF81F, 0xF81F, 0xF81F, 0xF81F, 0xF81F,
    0xF81F, 0xF81F, 0xF81F, 0xF81F, 0xF81F, 0xF81F, 0xF81F, 0xF81F, 0xF81F, 0xF81F, 0xF81F, 0xF81F, 0xF81F, 0xF81F, 0xF81F, 0xF81F,
    0xF81F, 0xF81F, 0xF81F, 0xF81F, 0xF81F, 0xF81F, 0xF81F, 0xF81F, 0xF81F, 0xF81F, 0xF81F, 0xF81F, 0xF81F, 0xF81F, 0xF81F, 0xF81F,
    0xF81F, 0xF81F, 0xF81F, 0xF81F, 0xF81F, 0xF81F, 0xF81F, 0xF81F, 0xF81F, 0xF81F, 0xF81F, 0xF81F, 0xF81F, 0xF81F, 0xF81F, 0xF81F,
    0xF81F, 0xF81F, 0xF81F, 0xF81F, 0xF81F, 0xF81F, 0xF81F, 0xF81F, 0xF81F, 0xF81F, 0xF81F, 0xF81F, 0xF81F, 0xF81F, 0xF81F, 0xF81F,
    0xF81F, 0xF81F, 0xF81F, 0xF81F, 0xF81F, 0xF81F, 0xF81F, 0xF81F, 0xF81F, 0xF81F, 0xF81F, 0xF81F, 0xF81F, 0xF81F, 0xF81F, 0xF81F,
    0xF81F, 0xF81F, 0xF81F, 0xF81F, 0xF81F, 0xF81F, 0xF81F, 0xF81F, 0xF81F, 0xF81F, 0xF81F, 0xF81F, 0xF81F, 0xF81F, 0xF81F, 0xF81F,
    0xF81F, 0xF81F, 0xF81F, 0xF81F, 0xF81F, 0xF81F, 0xF81F, 0xF81F, 0xF81F, 0xF81F, 0xF81F, 0xF81F, 0xF81F, 0xF81F, 0xF81F, 0xF81F,
    0xF81F, 0xF81F, 0xF81F, 0xF81F, 0xF81F, 0xF81F, 0xF81F, 0xF81F, 0xF81F, 0xF81F, 0xF81F, 0xF81F, 0xF81F, 0xF81F, 0xF81F, 0xF81F,
    0xF81F, 0xF81F, 0xF81F, 0xF81F, 0xF81F, 0xF81F, 0xF81F, 0xF81F, 0xF81F, 0xF81F, 0xF81F, 0xF81F, 0xF81F, 0xF81F, 0xF81F, 0xF81F,
    0xF81F, 0xFE03, 0xFE03, 0xFE03, 0xF81F, 0xF81F, 0xF81F, 0xF81F, 0xF81F, 0xF81F, 0xF81F, 0xF81F, 0xF81F, 0xF81F, 0xF81F, 0xF81F,
    0xF81F, 0xF81F, 0xF81F, 0xF81F, 0xF81F, 0xF81F, 0xF81F, 0xF81F, 0xF81F, 0xF81F, 0xF81F, 0xF81F, 0xF81F, 0xF81F, 0xF81F, 0xF81F,
    0xF81F, 0xF81F, 0xF81F, 0xF81F, 0xF81F, 0xF81F, 0xF81F, 0xF81F, 0xF81F, 0xF81F, 0xF81F, 0xF81F, 0xF81F, 0xF81F, 0xF81F, 0xF81F,
    0xF81F, 0xF81F, 0xF81F, 0xF81F, 0xF81F, 0xF81F, 0xF81F, 0xF81F, 0xF81F, 0xF81F, 0xF81F, 0xF81F, 0xF81F, 0xF81F, 0xFE03, 0xFE03,
    0xFE03, 0xFE03, 0xFE03, 0xFE03, 0xFE03, 0xFE03, 0xF81F, 0xF81F, 0xF81F, 0xF81F, 0xF81F, 0xF81F, 0xF81F, 0xF81F, 0xF81F, 0xF81F,
    0xF81F, 0xF81F, 0xF81F, 0xF81F, 0xF81F, 0xF81F, 0xF81F, 0xF81F, 0xF81F, 0xF81F, 0xF81F, 0xF81F, 0xF81F, 0xF81F, 0xF81F, 0xF81F,
    0xF81F, 0xF81F, 0xF81F, 0xF81F, 0xF81F, 0xF81F, 0xF81F, 0xF81F, 0xF81F, 0xF81F, 0xF81F, 0xF81F, 0xF81F, 0xF81F, 0xF81F, 0xF81F,
    0xF81F, 0xF81F, 0xF81F, 0xF81F, 0xF81F, 0xF81F, 0xF81F, 0xF81F, 0xF81F, 0xF81F, 0xF81F, 0xFFED, 0xFFED, 0xFE03, 0xFE03, 0xFE03,
    0xFE03, 0xC341, 0xFE03, 0xC341, 0xFE03, 0xFE03, 0xFE03, 0xFE03, 0xF81F, 0xF81F, 0xF81F, 0xF81F, 0xF81F, 0xF81F, 0xF81F, 0xF81F,
    0xF81F, 0xF81F, 0xF81F, 0xF81F, 0xF81F, 0xF81F, 0xF81F, 0xF81F, 0xF81F, 0xF81F, 0xF81F, 0xF81F, 0xF81F, 0xF81F, 0xF81F, 0xF81F,
    0xF81F, 0xF81F, 0xF81F, 0xF81F, 0xF81F, 0xF81F, 0xF81F, 0xF81F, 0xF81F, 0xF81F, 0xF81F, 0xF81F, 0xF81F, 0xF81F, 0xF81F, 0xF81F,
    0xF81F, 0xF81F, 0xF81F, 0xF81F, 0xF81F, 0xF81F, 0xF81F, 0xF81F, 0xF81F, 0xFE03, 0xFE03, 0xFE03, 0xC341, 0xFE03, 0xC341, 0xFE03,
    0xC341, 0xFE03, 0xC341, 0xFE03, 0xFE03, 0xC341, 0xFE03, 0xFE03, 0xFE03, 0xFE03, 0xF81F, 0xF81F, 0xF81F, 0xF81F, 0xF81F, 0xF81F,
    0xF81F, 0xF81F, 0xF81F, 0xF81F, 0xF81F, 0xF81F, 0xF81F, 0xF81F, 0xF81F, 0xF81F, 0xF81F, 0xF81F, 0xF81F, 0xF81F, 0xF81F, 0xF81F,
    0xF81F, 0xF81F, 0xF81F, 0xF81F, 0xF81F, 0xF81F, 0xF81F, 0xF81F, 0xF81F, 0xF81F, 0xF81F, 0xF81F, 0xF81F, 0xF81F, 0xF81F, 0xF81F,
    0xF81F, 0xF81F, 0xF81F, 0xF81F, 0xF81F, 0xF81F, 0xFE03, 0xFE03, 0xFE03, 0xC341, 0xFE03, 0xC341, 0xFE03, 0xC341, 0xFE03, 0xC341,
    0xFE03, 0xC341, 0xFE03, 0xC341, 0xFE03, 0xFE03, 0xFE03, 0xC341, 0xFE03, 0xFE03, 0xFE03, 0xF81F, 0xF81F, 0xF81F, 0xF81F, 0xF81F,
    0xF81F, 0xF81F, 0xF81F, 0xF81F, 0xF81F, 0xF81F, 0xF81F, 0xF81F, 0xF81F, 0xF81F, 0xF81F, 0xF81F, 0xF81F, 0xF81F, 0xF81F, 0xF81F,
    0xF81F, 0xF81F, 0xF81F, 0xF81F, 0xF81F, 0xF81F, 0xF81F, 0xF81F, 0xF81F, 0xF81F, 0xF81F, 0xF81F, 0xF81F, 0xF81F, 0xF81F, 0xF81F,
    0xF81F, 0xF81F, 0xF81F, 0xF81F, 0xFFED, 0xFE03, 0xFE03, 0xFE03, 0xC341, 0xFE03, 0xC341, 0xFE03, 0xC341, 0xC341, 0xC341, 0xC341,
    0xC341, 0xC341, 0xFE03, 0xC341, 0xFE03, 0xC341, 0xFE03, 0xFE03, 0xFE03, 0xFE03, 0xFE03, 0xFE03, 0xFE03, 0xF81F, 0xF81F, 0xF81F,
    0xF81F, 0xF81F, 0xF81F, 0xF81F, 0xF81F, 0xF81F, 0xF81F, 0xF81F, 0xF81F, 0xF81F, 0xF81F, 0xF81F, 0xF81F, 0xF81F, 0xF81F, 0xF81F,
    0xF81F, 0xF81F, 0xF81F, 0xF81F, 0xF81F, 0xF81F, 0xF81F, 0xF81F, 0xF81F, 0xF81F, 0xF81F, 0xF81F, 0xF81F, 0xF81F, 0xF81F, 0xF81F,
    0xF81F, 0xFFED, 0xFFED, 0xFFED, 0xFE03, 0xFE03, 0xFE03, 0xC341, 0xC341, 0xFE03, 0xC341, 0xC341, 0x68E0, 0xC341, 0xC341, 0xC341,
    0x68E0, 0xC341, 0xC341, 0xC341, 0xC341, 0xFE03, 0xC341, 0xFE03, 0xFE03, 0xC341, 0xFE03, 0xC341, 0xFE03, 0xFE03, 0xFE03, 0xF81F,
    0xF81F, 0xF81F, 0xF81F, 0xF81F, 0xF81F, 0xF81F, 0xF81F, 0xF81F, 0xF81F, 0xF81F, 0xF81F, 0xF81F, 0xF81F, 0xF81F, 0xF81F, 0xF81F,
    0xF81F, 0xF81F, 0xF81F, 0xF81F, 0xF81F, 0xF81F, 0xF81F, 0xF81F, 0xF81F, 0xF81F, 0xF81F, 0xF81F, 0xF81F, 0xF81F, 0xF81F, 0xFFED,
    0xFFED, 0xFE03, 0xFE03, 0xFE03, 0xFE03, 0xFE03, 0xFE03, 0xC341, 0xC341, 0xC341, 0xC341, 0xC341, 0xC341, 0xC341, 0x68E0, 0xC341,
    0xC341, 0xC341, 0xC341, 0xC341, 0xFE03, 0xC341, 0xFE03, 0xFE03, 0xC341, 0xFE03, 0xC341, 0xFE03, 0xFE03, 0xFE03, 0xFE03, 0xFE03,
    0xF81F, 0xF81F, 0xF81F, 0xF81F, 0xF81F, 0xF81F, 0xF81F, 0xF81F, 0xF81F, 0xF81F, 0xF81F, 0xF81F, 0xF81F, 0xF81F, 0xF81F, 0xF81F,
    0xF81F, 0xF81F, 0xF81F, 0xF81F, 0xF81F, 0xF81F, 0xF81F, 0xF81F, 0xF81F, 0xF81F, 0xF81F, 0xF81F, 0xFFED, 0xFFED, 0xFFED, 0xFE03,
    0xFE03, 0xFE03, 0xC341, 0xC341, 0xFE03, 0xC341, 0xC341, 0xC341, 0xC341, 0xC341, 0xC341, 0x68E0, 0xC341, 0x68E0, 0xC341, 0x68E0,
    0xC341, 0x68E0, 0xC341, 0xC341, 0xC341, 0xC341, 0xC341, 0xC341, 0xFE03, 0xC341, 0xC341, 0xFE03, 0xC341, 0xFE03, 0xC341, 0xFE03,
    0xFE03, 0xFE03, 0xF81F, 0xF81F, 0xF81F, 0xF81F, 0xF81F, 0xF81F, 0xF81F, 0xF81F, 0xF81F, 0xF81F, 0xF81F, 0xF81F, 0xF81F, 0xF81F,
    0xF81F, 0xF81F, 0xF81F, 0xF81F, 0xF81F, 0xF81F, 0xF81F, 0xF81F, 0xF81F, 0xF81F, 0xFFED, 0xFFED, 0xFE03, 0xFE03, 0xFE03, 0xFE03,
    0xFE03, 0xFE03, 0xC341, 0xFE03, 0xC341, 0xC341, 0xC341, 0xC341, 0xC341, 0xC341, 0x68E0, 0xC341, 0x68E0, 0xC341, 0x68E0, 0x68E0,
    0x68E0, 0xC341, 0x68E0, 0xC341, 0xC341, 0xC341, 0xC341, 0xC341, 0xC341, 0xC341, 0xFE03, 0xC341, 0xFE03, 0xC341, 0xFE03, 0xFE03,
    0xC341, 0xFE03, 0xFE03, 0xFE03, 0xF81F, 0xF81F, 0xF81F, 0xF81F, 0xF81F, 0xF81F, 0xF81F, 0xF81F, 0xF81F, 0xF81F, 0xF81F, 0xF81F,
    0xF81F, 0xF81F, 0xF81F, 0xF81F, 0xF81F, 0xF81F, 0xF81F, 0xF81F, 0xF81F, 0xFFED, 0xFE03, 0xFE03, 0xFE03, 0xFE03, 0xC341, 0xC341,
    0xFE03, 0xC341, 0xFE03, 0xC341, 0xC341, 0xFE03, 0xC341, 0xC341, 0xC341, 0x68E0, 0x68E0, 0x68E0, 0xC341, 0x68E0, 0xC341, 0x68E0,
    0xC341, 0x68E0, 0xC341, 0x68E0, 0x68E0, 0xC341, 0xC341, 0x68E0, 0xC341, 0xC341, 0xC341, 0xC341, 0xC341, 0xFE03, 0xC341, 0xFE03,
    0xFE03, 0xFE03, 0xFE03, 0xFE03, 0xFE03, 0xF81F, 0xF81F, 0xF81F, 0xF81F, 0xF81F, 0xF81F, 0xF81F, 0xF81F, 0xF81F, 0xF81F, 0xF81F,
    0xF81F, 0xF81F, 0xF81F, 0xF81F, 0xF81F, 0xF81F, 0xF81F, 0xF81F, 0xF81F, 0xFFED, 0xFE03, 0xFE03, 0xFE03, 0xFE03, 0xC341, 0xFE03,
    0xC341, 0xFE03, 0xC341, 0xC341, 0xC341, 0xC341, 0xC341, 0x68E0, 0x68E0, 0xC341, 0x68E0, 0xC341, 0x68E0, 0x68E0, 0x68E0, 0xC341,
    0x68E0, 0x68E0, 0xC341, 0x68E0, 0x68E0, 0xC341, 0x68E0, 0xC341, 0xC341, 0xC341, 0xFE03, 0xC341, 0xFE03, 0xC341, 0xFE03, 0xC341,
    0xFE03, 0xC341, 0xFE03, 0xFE03, 0xFE03, 0xFE03, 0xFE03, 0xF81F, 0xF81F, 0xF81F, 0xF81F, 0xF81F, 0xF81F, 0xF81F, 0xF81F, 0xF81F,
    0xF81F, 0xF81F, 0xF81F, 0xF81F, 0xF81F, 0xF81F, 0xF81F, 0xF81F, 0xFFED, 0xFE03, 0xFE03, 0xFE03, 0xFE03, 0xC341, 0xFE03, 0xC341,
    0xFE03, 0xC341, 0xFE03, 0xC341, 0xC341, 0xC341, 0x68E0, 0xC341, 0x68E0, 0x68E0, 0xC341, 0x68E0, 0x68E0, 0x68E0, 0x68E0, 0x68E0,
    0x68E0, 0x68E0, 0x68E0, 0x68E0, 0xC341, 0x68E0, 0xC341, 0x68E0, 0xC341, 0xC341, 0xC341, 0xC341, 0xC341, 0xC341, 0xC341, 0xFE03,
    0xC341, 0xFE03, 0xFE03, 0xFE03, 0xFE03, 0xFE03, 0xFE03, 0xFE03, 0xF81F, 0xF81F, 0xF81F, 0xF81F, 0xF81F, 0xF81F, 0xF81F, 0xF81F,
    0xF81F, 0xF81F, 0xF81F, 0xF81F, 0xF81F, 0xF81F, 0xF81F, 0xF81F, 0xFFED, 0xFE03, 0xFE03, 0xC341, 0xFE03, 0xFE03, 0xC341, 0xFE03,
    0xC341, 0xC341, 0xC341, 0xC341, 0x68E0, 0xC341, 0xC341, 0x68E0, 0x68E0, 0x68E0, 0x68E0, 0x68E0, 0x68E0, 0x68E0, 0x68E0, 0x68E0,
    0x68E0, 0x68E0, 0x68E0, 0x68E0, 0x68E0, 0xC341, 0x68E0, 0xC341, 0xC341, 0x68E0, 0xC341, 0xC341, 0xFE03, 0xC341, 0xC341, 0xC341,
    0xFE03, 0xC341, 0xFE03, 0xFE03, 0xFE03, 0xFE03, 0xFE03, 0xFE03, 0xFE03, 0xF81F, 0xF81F, 0xF81F, 0xF81F, 0xF81F, 0xF81F, 0xF81F,
    0xF81F, 0xF81F, 0xF81F, 0xF81F, 0xF81F, 0xF81F, 0xF81F, 0xF81F, 0xFFED, 0xFE03, 0xFE03, 0xFE03, 0xFE03, 0xC341, 0xFE03, 0xC341,
    0xFE03, 0xC341, 0xC341, 0xC341, 0xC341, 0xC341, 0x68E0, 0xC341, 0x68E0, 0xC341, 0x68E0, 0x68E0, 0x68E0, 0x68E0, 0x68E0, 0x68E0,
    0x68E0, 0x68E0, 0x68E0, 0x68E0, 0xC341, 0x68E0, 0xC341, 0x68E0, 0xC341, 0xC341, 0xC341, 0xC341, 0xC341, 0xFE03, 0xC341, 0xFE03,
    0xC341, 0xFE03, 0xFE03, 0xFE03, 0xFE03, 0xFE03, 0xFE03, 0xFE03, 0xFE03, 0xFE03, 0xF81F, 0xF81F, 0xF81F, 0xF81F, 0xF81F, 0xF81F,
    0xF81F, 0xF81F, 0xF81F, 0xF81F, 0xF81F, 0xF81F, 0xF81F, 0xF81F, 0x1860, 0xFFED, 0xFE03, 0xFE03, 0xC341, 0xFE03, 0xC341, 0xFE03,
    0xC341, 0xFE03, 0xC341, 0xC341, 0xC341, 0x68E0, 0xC341, 0x68E0, 0xC341, 0x68E0, 0xC341, 0x68E0, 0x68E0, 0x68E0, 0x68E0, 0x68E0,
    0x68E0, 0x68E0, 0x68E0, 0x68E0, 0x68E0, 0x68E0, 0x68E0, 0xC341, 0xC341, 0xC341, 0xC341, 0xC341, 0xC341, 0xC341, 0xFE03, 0xC341,
    0xFE03, 0xC341, 0xFE03, 0xC341, 0xFE03, 0xFE03, 0xFE03, 0xFE03, 0xFE03, 0xFE03, 0xF81F, 0xF81F, 0xF81F, 0xF81F, 0xF81F, 0xF81F,
    0xF81F, 0xF81F, 0xF81F, 0xF81F, 0xF81F, 0xF81F, 0xF81F, 0xF81F, 0xC0E0, 0x1860, 0xFFED, 0xFE03, 0xFE03, 0xFE03, 0xFE03, 0xC341,
    0xFE03, 0xC341, 0xC341, 0xC341, 0xC341, 0xC341, 0x68E0, 0xC341, 0x68E0, 0x68E0, 0x68E0, 0x68E0, 0xC341, 0xC341, 0x68E0, 0x68E0,
    0x68E0, 0x68E0, 0xC341, 0x68E0, 0xC341, 0x68E0, 0xC341, 0x68E0, 0xC341, 0xFE03, 0xC341, 0xFE03, 0xC341, 0xFE03, 0xC341, 0xFE03,
    0xC341, 0xC341, 0xFE03, 0xFE03, 0xFE03, 0xFE03, 0xFE03, 0xFE03, 0xFE03, 0xFE03, 0xFFED, 0xF81F, 0xF81F, 0xF81F, 0xF81F, 0xF81F,
    0xF81F, 0xF81F, 0xF81F, 0xF81F, 0xF81F, 0xF81F, 0xF81F, 0xF81F, 0x1860, 0xC0E0, 0x1860, 0xFFED, 0xFE03, 0xFE03, 0xC341, 0xFE03,
    0xC341, 0xFE03, 0xC341, 0xFE03, 0xC341, 0xC341, 0xC341, 0x68E0, 0xC341, 0x68E0, 0x68E0, 0x68E0, 0x68E0, 0x68E0, 0xC341, 0x68E0,
    0x68E0, 0xC341, 0x68E0, 0x68E0, 0x68E0, 0xC341, 0xC341, 0xC341, 0xC341, 0xC341, 0xC341, 0xC341, 0xFE03, 0xC341, 0xC341, 0xFE03,
    0xFE03, 0xFE03, 0xFE03, 0xFE03, 0xFE03, 0xFE03, 0xFE03, 0xFE03, 0xFE03, 0xFE03, 0xFFED, 0xF81F, 0xF81F, 0xF81F, 0xF81F, 0xF81F,
    0xF81F, 0xF81F, 0xF81F, 0xF81F, 0xF81F, 0xF81F, 0xF81F, 0xF81F, 0xC0E0, 0x1860, 0xC0E0, 0x1860, 0xFFED, 0xFFED, 0xFE03, 0xFE03,
    0xFE03, 0xC341, 0xFE03, 0xC341, 0xC341, 0xC341, 0xC341, 0xC341, 0xC341, 0x68E0, 0xC341, 0xC341, 0x68E0, 0xC341, 0x68E0, 0xC341,
    0x68E0, 0xC341, 0xC341, 0x68E0, 0xC341, 0x68E0, 0xC341, 0xFE03, 0xC341, 0xFE03, 0xC341, 0xFE03, 0xFE03, 0xFE03, 0xFE03, 0xFE03,
    0xFE03, 0xFE03, 0xFE03, 0xFE03, 0xFE03, 0xFE03, 0xFE03, 0xFE03, 0xFE03, 0xFFED, 0x68E0, 0xF81F, 0xF81F, 0xF81F, 0xF81F, 0xF81F,
    0xF81F, 0xF81F, 0xF81F, 0xF81F, 0xF81F, 0xF81F, 0xF81F, 0xF81F, 0xC0E0, 0xC0E0, 0x1860, 0xC0E0, 0x1860, 0xC0E0, 0xFFED, 0xFE03,
    0xFE03, 0xFE03, 0xC341, 0xFE03, 0xC341, 0xC341, 0xFE03, 0xC341, 0xC341, 0xC341, 0xC341, 0xC341, 0xC341, 0xC341, 0xC341, 0x68E0,
    0xC341, 0x68E0, 0xC341, 0xC341, 0xC341, 0xC341, 0xC341, 0xC341, 0xC341, 0xC341, 0xC341, 0xFE03, 0xFE03, 0xFE03, 0xFE03, 0xFE03,
    0xFE03, 0xFE03, 0xFE03, 0xFE03, 0xFE03, 0xFE03, 0xC341, 0xFFED, 0xFFED, 0x1860, 0x68E0, 0xF81F, 0xF81F, 0xF81F, 0xF81F, 0xF81F,
    0xF81F, 0xF81F, 0xF81F, 0xF81F, 0xF81F, 0xF81F, 0xF81F, 0xF81F, 0xC0E0, 0xC0E0, 0xC0E0, 0x1860, 0xC0E0, 0x1860, 0xC0E0, 0xFFED,
    0xFE03, 0xC341, 0xFE03, 0xFE03, 0xC341, 0xFE03, 0xC341, 0xC341, 0xC341, 0xFE03, 0xFE03, 0xC341, 0xC341, 0x68E0, 0xC341, 0xC341,
    0xC341, 0xC341, 0xC341, 0x68E0, 0xC341, 0xC341, 0xC341, 0xFE03, 0xC341, 0xFE03, 0xFE03, 0xFE03, 0xC341, 0xFE03, 0xFE03, 0xC341,
    0xFE03, 0xFE03, 0xC341, 0xFE03, 0xFFED, 0xFE03, 0xFFED, 0x1860, 0x1860, 0x68E0, 0x68E0, 0xF81F, 0xF81F, 0xF81F, 0xF81F, 0xF81F,
    0xF81F, 0xF81F, 0xF81F, 0xF81F, 0xF81F, 0xF81F, 0xF81F, 0xF81F, 0x1860, 0xC0E0, 0xC0E0, 0xC0E0, 0x1860, 0xC0E0, 0x1860, 0x1860,
    0xC0E0, 0xFFED, 0xFE03, 0xFE03, 0xC341, 0xFE03, 0xFE03, 0xC341, 0xFE03, 0xFE03, 0xC341, 0xFE03, 0xC341, 0xC341, 0xC341, 0xC341,
    0xC341, 0x68E0, 0xC341, 0xC341, 0xC341, 0xFE03, 0xC341, 0xC341, 0xFE03, 0xC341, 0xFE03, 0xFE03, 0xFE03, 0xFE03, 0xFE03, 0xFE03,
    0xFE03, 0xFE03, 0xFE03, 0xFFED, 0xFFED, 0x1860, 0x1860, 0x1860, 0x1860, 0x1860, 0x68E0, 0xF81F, 0xF81F, 0xF81F, 0xF81F, 0xF81F,
    0xF81F, 0xF81F, 0xF81F, 0xF81F, 0xF81F, 0xF81F, 0xF81F, 0xF81F, 0xF81F, 0x1860, 0xC0E0, 0x1860, 0xC0E0, 0xC0E0, 0x1860, 0xC0E0,
    0x1860, 0xFFED, 0xFE03, 0xFE03, 0xFE03, 0xFE03, 0xFE03, 0xC341, 0xFE03, 0xC341, 0xFE03, 0xC341, 0xFE03, 0xC341, 0xFE03, 0xC341,
    0xC341, 0xC341, 0xC341, 0xC341, 0xFE03, 0xC341, 0xC341, 0xC341, 0xFE03, 0xFE03, 0xFE03, 0xC341, 0xFE03, 0xFE03, 0xFE03, 0xFE03,
    0xFFED, 0xFE03, 0xFFED, 0x1860, 0x1860, 0x1860, 0x1860, 0x68E0, 0x68E0, 0x68E0, 0x68E0, 0xF81F, 0xF81F, 0xF81F, 0xF81F, 0xF81F,
    0xF81F, 0xF81F, 0xF81F, 0xF81F, 0xF81F, 0xF81F, 0xF81F, 0xF81F, 0xF81F, 0xF81F, 0xF81F, 0x1860, 0xC0E0, 0x1860, 0xC0E0, 0x1860,
    0x1860, 0xC0E0, 0xFFED, 0xFFED, 0xFE03, 0xFE03, 0xFE03, 0xFE03, 0xFE03, 0xC341, 0xFE03, 0xFE03, 0xC341, 0xC341, 0xC341, 0xFE03,
    0xC341, 0xFE03, 0xC341, 0xC341, 0xC341, 0xFE03, 0xC341, 0xFE03, 0xC341, 0xFE03, 0xFE03, 0xFE03, 0xFE03, 0xFE03, 0xFE03, 0xFFED,
    0xFFED, 0xFFED, 0x1860, 0x1860, 0x1860, 0x1860, 0x1860, 0x68E0, 0x1860, 0x68E0, 0x68E0, 0xF81F, 0xF81F, 0xF81F, 0xF81F, 0xF81F,
    0xF81F, 0xF81F, 0xF81F, 0xF81F, 0xF81F, 0xF81F, 0xF81F, 0xF81F, 0xF81F, 0xF81F, 0xF81F, 0xF81F, 0x1860, 0xC0E0, 0xC0E0, 0x1860,
    0xC0E0, 0x1860, 0xC0E0, 0x1860, 0xFFED, 0xFE03, 0xC341, 0xC341, 0xFE03, 0xFE03, 0xFE03, 0xFE03, 0xFE03, 0xC341, 0xFE03, 0xC341,
    0xFE03, 0xC341, 0xFE03, 0xC341, 0xFE03, 0xC341, 0xFE03, 0xFE03, 0xFE03, 0xFE03, 0xFE03, 0xFE03, 0xFE03, 0xFFED, 0xFFED, 0x1860,
    0x1860, 0x1860, 0x1860, 0x1860, 0x1860, 0x1860, 0x68E0, 0x68E0, 0x68E0, 0x68E0, 0xF81F, 0xF81F, 0xF81F, 0xF81F, 0xF81F, 0xF81F,
    0xF81F, 0xF81F, 0xF81F, 0xF81F, 0xF81F, 0xF81F, 0xF81F, 0xF81F, 0xF81F, 0xF81F, 0xF81F, 0xF81F, 0xF81F, 0x1860, 0xC0E0, 0xC0E0,
    0x1860, 0xC0E0, 0x1860, 0xC0E0, 0x1860, 0xFFED, 0xFE03, 0xFE03, 0xFE03, 0xFE03, 0xC341, 0xFE03, 0xFE03, 0xFE03, 0xFE03, 0xFE03,
    0xC341, 0xFE03, 0xC341, 0xFE03, 0xC341, 0xFE03, 0xFE03, 0xFE03, 0xFE03, 0xFE03, 0xFE03, 0xFFED, 0xFFED, 0x1860, 0x1860, 0x1860,
    0x1860, 0x1860, 0x1860, 0x1860, 0x68E0, 0x68E0, 0x68E0, 0x68E0, 0xF81F, 0xF81F, 0xF81F, 0xF81F, 0xF81F, 0xF81F, 0xF81F, 0xF81F,
    0xF81F, 0xF81F, 0xF81F, 0xF81F, 0xF81F, 0xF81F, 0xF81F, 0xF81F, 0xF81F, 0xF81F, 0xF81F, 0xF81F, 0xF81F, 0xF81F, 0xC0E0, 0xC0E0,
    0xC0E0, 0x1860, 0xC0E0, 0x1860, 0xC0E0, 0x1860, 0x1860, 0xFFED, 0xFFED, 0xFE03, 0xFE03, 0xFE03, 0xFE03, 0xFE03, 0xFE03, 0xFE03,
    0xFE03, 0xFE03, 0xFE03, 0xFE03, 0xFE03, 0xFE03, 0xFE03, 0xFE03, 0xFFED, 0xFFED, 0xFFED, 0x1860, 0x1860, 0x1860, 0x1860, 0x1860,
    0x1860, 0x1860, 0x68E0, 0x68E0, 0x68E0, 0x68E0, 0xF81F, 0xF81F, 0xF81F, 0xF81F, 0xF81F, 0xF81F, 0xF81F, 0xF81F, 0xF81F, 0xF81F,
    0xF81F, 0xF81F, 0xF81F, 0xF81F, 0xF81F, 0xF81F, 0xF81F, 0xF81F, 0xF81F, 0xF81F, 0xF81F, 0xF81F, 0xF81F, 0xF81F, 0xF81F, 0x1860,
    0xC0E0, 0xC0E0, 0x1860, 0xC0E0, 0x1860, 0xC0E0, 0xC0E0, 0x1860, 0xC0E0, 0xFFED, 0xFFED, 0xFE03, 0xFE03, 0xFE03, 0xFE03, 0xFE03,
    0xC341, 0xFE03, 0xFE03, 0xC341, 0xFE03, 0xFE03, 0xFE03, 0xFFED, 0x1860, 0x1860, 0x1860, 0x1860, 0x1860, 0x1860, 0x68E0, 0x1860,
    0x1860, 0x68E0, 0x68E0, 0x68E0, 0xF81F, 0xF81F, 0xF81F, 0xF81F, 0xF81F, 0xF81F, 0xF81F, 0xF81F, 0xF81F, 0xF81F, 0xF81F, 0xF81F,
    0xF81F, 0xF81F, 0xF81F, 0xF81F, 0xF81F, 0xF81F, 0xF81F, 0xF81F, 0xF81F, 0xF81F, 0xF81F, 0xF81F, 0xF81F, 0xF81F, 0xF81F, 0xF81F,
    0x1860, 0xC0E0, 0xC0E0, 0xC0E0, 0xC0E0, 0x1860, 0x1860, 0xC0E0, 0x1860, 0xC0E0, 0x1860, 0xFFED, 0xFFED, 0xFE03, 0xFE03, 0xFE03,
    0xC341, 0xFE03, 0xFE03, 0xFE03, 0xFFED, 0xFFED, 0x1860, 0x1860, 0x1860, 0x68E0, 0x1860, 0x1860, 0x68E0, 0x68E0, 0x1860, 0x68E0,
    0x68E0, 0x68E0, 0xF81F, 0xF81F, 0xF81F, 0xF81F, 0xF81F, 0xF81F, 0xF81F, 0xF81F, 0xF81F, 0xF81F, 0xF81F, 0xF81F, 0xF81F, 0xF81F,
    0xF81F, 0xF81F, 0xF81F, 0xF81F, 0xF81F, 0xF81F, 0xF81F, 0xF81F, 0xF81F, 0xF81F, 0xF81F, 0xF81F, 0xF81F, 0xF81F, 0xF81F, 0xF81F,
    0xF81F, 0xF81F, 0x1860, 0xC0E0, 0xC0E0, 0xC0E0, 0xC0E0, 0x1860, 0xC0E0, 0x1860, 0xC0E0, 0x1860, 0xFFED, 0xFFED, 0xFE03, 0xFE03,
    0xFE03, 0xFE03, 0xFFED, 0xFFED, 0x1860, 0x1860, 0x68E0, 0x1860, 0x68E0, 0x1860, 0x68E0, 0x1860, 0x68E0, 0x68E0, 0x68E0, 0x68E0,
    0xF81F, 0xF81F, 0xF81F, 0xF81F, 0xF81F, 0xF81F, 0xF81F, 0xF81F, 0xF81F, 0xF81F, 0xF81F, 0xF81F, 0xF81F, 0xF81F, 0xF81F, 0xF81F,
    0xF81F, 0xF81F, 0xF81F, 0xF81F, 0xF81F, 0xF81F, 0xF81F, 0xF81F, 0xF81F, 0xF81F, 0xF81F, 0xF81F, 0xF81F, 0xF81F, 0xF81F, 0xF81F,
    0xF81F, 0xF81F, 0xF81F, 0x1860, 0x1860, 0xC0E0, 0xC0E0, 0xC0E0, 0x1860, 0xC0E0, 0x1860, 0xC0E0, 0x1860, 0xC0E0, 0xFFED, 0xFFED,
    0xFFED, 0xFFED, 0x68E0, 0x1860, 0x68E0, 0x1860, 0x1860, 0x68E0, 0x1860, 0x68E0, 0x1860, 0x68E0, 0x68E0, 0x68E0, 0xF81F, 0xF81F,
    0xF81F, 0xF81F, 0xF81F, 0xF81F, 0xF81F, 0xF81F, 0xF81F, 0xF81F, 0xF81F, 0xF81F, 0xF81F, 0xF81F, 0xF81F, 0xF81F, 0xF81F, 0xF81F,
    0xF81F, 0xF81F, 0xF81F, 0xF81F, 0xF81F, 0xF81F, 0xF81F, 0xF81F, 0xF81F, 0xF81F, 0xF81F, 0xF81F, 0xF81F, 0xF81F, 0xF81F, 0xF81F,
    0xF81F, 0xF81F, 0xF81F, 0xF81F, 0xF81F, 0xF81F, 0x1860, 0xC0E0, 0xC0E0, 0xC0E0, 0xC0E0, 0xC0E0, 0xC0E0, 0x1860, 0x1860, 0xC0E0,
    0x1860, 0x1860, 0xC0E0, 0x68E0, 0x1860, 0x1860, 0x68E0, 0x1860, 0x68E0, 0x68E0, 0x68E0, 0x68E0, 0xF81F, 0xF81F, 0xF81F, 0xF81F,
    0xF81F, 0xF81F, 0xF81F, 0xF81F, 0xF81F, 0xF81F, 0xF81F, 0xF81F, 0xF81F, 0xF81F, 0xF81F, 0xF81F, 0xF81F, 0xF81F, 0xF81F, 0xF81F,
    0xF81F, 0xF81F, 0xF81F, 0xF81F, 0xF81F, 0xF81F, 0xF81F, 0xF81F, 0xF81F, 0xF81F, 0xF81F, 0xF81F, 0xF81F, 0xF81F, 0xF81F, 0xF81F,
    0xF81F, 0xF81F, 0xF81F, 0xF81F, 0xF81F, 0xF81F, 0xF81F, 0x1860, 0x1860, 0x1860, 0xC0E0, 0xC0E0, 0xC0E0, 0xC0E0, 0xC0E0, 0x1860,
    0xC0E0, 0x68E0, 0x1860, 0xC0E0, 0x68E0, 0x68E0, 0x1860, 0x68E0, 0x68E0, 0x68E0, 0xF81F, 0xF81F, 0xF81F, 0xF81F, 0xF81F, 0xF81F,
    0xF81F, 0xF81F, 0xF81F, 0xF81F, 0xF81F, 0xF81F, 0xF81F, 0xF81F, 0xF81F, 0xF81F, 0xF81F, 0xF81F, 0xF81F, 0xF81F, 0xF81F, 0xF81F,
    0xF81F, 0xF81F, 0xF81F, 0xF81F, 0xF81F, 0xF81F, 0xF81F, 0xF81F, 0xF81F, 0xF81F, 0xF81F, 0xF81F, 0xF81F, 0xF81F, 0xF81F, 0xF81F,
    0xF81F, 0xF81F, 0xF81F, 0xF81F, 0xF81F, 0xF81F, 0xF81F, 0xF81F, 0xF81F, 0xF81F, 0x1860, 0xC0E0, 0xC0E0, 0xC0E0, 0x1860, 0xC0E0,
    0x1860, 0xC0E0, 0x68E0, 0x1860, 0x68E0, 0x1860, 0x68E0, 0x68E0, 0xF81F, 0xF81F, 0xF81F, 0xF81F, 0xF81F, 0xF81F, 0xF81F, 0xF81F,
    0xF81F, 0xF81F, 0xF81F, 0xF81F, 0xF81F, 0xF81F, 0xF81F, 0xF81F, 0xF81F, 0xF81F, 0xF81F, 0xF81F, 0xF81F, 0xF81F, 0xF81F, 0xF81F,
    0xF81F, 0xF81F, 0xF81F, 0xF81F, 0xF81F, 0xF81F, 0xF81F, 0xF81F, 0xF81F, 0xF81F, 0xF81F, 0xF81F, 0xF81F, 0xF81F, 0xF81F, 0xF81F,
    0xF81F, 0xF81F, 0xF81F, 0xF81F, 0xF81F, 0xF81F, 0xF81F, 0xF81F, 0xF81F, 0xF81F, 0xF81F, 0x1860, 0xC0E0, 0xC0E0, 0xC0E0, 0x1860,
    0xC0E0, 0x1860, 0x1860, 0x1860, 0x68E0, 0x68E0, 0xF81F, 0xF81F, 0xF81F, 0xF81F, 0xF81F, 0xF81F, 0xF81F, 0xF81F, 0xF81F, 0xF81F,
    0xF81F, 0xF81F, 0xF81F, 0xF81F, 0xF81F, 0xF81F, 0xF81F, 0xF81F, 0xF81F, 0xF81F, 0xF81F, 0xF81F, 0xF81F, 0xF81F, 0xF81F, 0xF81F,
    0xF81F, 0xF81F, 0xF81F, 0xF81F, 0xF81F, 0xF81F, 0xF81F, 0xF81F, 0xF81F, 0xF81F, 0xF81F, 0xF81F, 0xF81F, 0xF81F, 0xF81F, 0xF81F,
    0xF81F, 0xF81F, 0xF81F, 0xF81F, 0xF81F, 0xF81F, 0xF81F, 0xF81F, 0xF81F, 0xF81F, 0xF81F, 0xF81F, 0x1860, 0x1860, 0xC0E0, 0xC0E0,
    0x1860, 0xC0E0, 0x1860, 0x1860, 0xF81F, 0xF81F, 0xF81F, 0xF81F, 0xF81F, 0xF81F, 0xF81F, 0xF81F, 0xF81F, 0xF81F, 0xF81F, 0xF81F,
    0xF81F, 0xF81F, 0xF81F, 0xF81F, 0xF81F, 0xF81F, 0xF81F, 0xF81F, 0xF81F, 0xF81F, 0xF81F, 0xF81F, 0xF81F, 0xF81F, 0xF81F, 0xF81F,
    0xF81F, 0xF81F, 0xF81F, 0xF81F, 0xF81F, 0xF81F, 0xF81F, 0xF81F, 0xF81F, 0xF81F, 0xF81F, 0xF81F, 0xF81F, 0xF81F, 0xF81F, 0xF81F,
    0xF81F, 0xF81F, 0xF81F, 0xF81F, 0xF81F, 0xF81F, 0xF81F, 0xF81F, 0xF81F, 0xF81F, 0xF81F, 0xF81F, 0xF81F, 0xF81F, 0x1860, 0x1860,
    0x1860, 0x1860, 0xF81F, 0xF81F, 0xF81F, 0xF81F, 0xF81F, 0xF81F, 0xF81F, 0xF81F, 0xF81F, 0xF81F, 0xF81F, 0xF81F, 0xF81F, 0xF81F,
    0xF81F, 0xF81F, 0xF81F, 0xF81F, 0xF81F, 0xF81F, 0xF81F, 0xF81F, 0xF81F, 0xF81F, 0xF81F, 0xF81F, 0xF81F, 0xF81F, 0xF81F, 0xF81F,
    0xF81F, 0xF81F, 0xF81F, 0xF81F, 0xF81F, 0xF81F, 0xF81F, 0xF81F, 0xF81F, 0xF81F, 0xF81F, 0xF81F, 0xF81F, 0xF81F, 0xF81F, 0xF81F,
    0xF81F, 0xF81F, 0xF81F, 0xF81F, 0xF81F, 0xF81F, 0xF81F, 0xF81F, 0xF81F, 0xF81F, 0xF81F, 0xF81F, 0xF81F, 0xF81F, 0xF81F, 0xF81F,
    0xF81F, 0xF81F, 0xF81F, 0xF81F, 0xF81F, 0xF81F, 0xF81F, 0xF81F, 0xF81F, 0xF81F, 0xF81F, 0xF81F, 0xF81F, 0xF81F, 0xF81F, 0xF81F,
    0xF81F, 0xF81F, 0xF81F, 0xF81F, 0xF81F, 0xF81F, 0xF81F, 0xF81F, 0xF81F, 0xF81F, 0xF81F, 0xF81F, 0xF81F, 0xF81F, 0xF81F, 0xF81F,
    0xF81F, 0xF81F, 0xF81F, 0xF81F, 0xF81F, 0xF81F, 0xF81F, 0xF81F, 0xF81F, 0xF81F, 0xF81F, 0xF81F, 0xF81F, 0xF81F, 0xF81F, 0xF81F,
    0xF81F, 0xF81F, 0xF81F, 0xF81F, 0xF81F, 0xF81F, 0xF81F, 0xF81F, 0xF81F, 0xF81F, 0xF81F, 0xF81F, 0xF81F, 0xF81F, 0xF81F, 0xF81F,
    0xF81F, 0xF81F, 0xF81F, 0xF81F, 0xF81F, 0xF81F, 0xF81F, 0xF81F, 0xF81F, 0xF81F, 0xF81F, 0xF81F, 0xF81F, 0xF81F, 0xF81F, 0xF81F,
    0xF81F, 0xF81F, 0xF81F, 0xF81F, 0xF81F, 0xF81F, 0xF81F, 0xF81F, 0xF81F, 0xF81F, 0xF81F, 0xF81F, 0xF81F, 0xF81F, 0xF81F, 0xF81F,
    0xF81F, 0xF81F, 0xF81F, 0xF81F, 0xF81F, 0xF81F, 0xF81F, 0xF81F, 0xF81F, 0xF81F, 0xF81F, 0xF81F, 0xF81F, 0xF81F, 0xF81F, 0xF81F,
    0xF81F, 0xF81F, 0xF81F, 0xF81F, 0xF81F, 0xF81F, 0xF81F, 0xF81F, 0xF81F, 0xF81F, 0xF81F, 0xF81F, 0xF81F, 0xF81F, 0xF81F, 0xF81F,
    0xF81F, 0xF81F, 0xF81F, 0xF81F, 0xF81F, 0xF81F, 0xF81F, 0xF81F, 0xF81F, 0xF81F, 0xF81F, 0xF81F, 0xF81F, 0xF81F, 0xF81F, 0xF81F,
    0xF81F, 0xF81F, 0xF81F, 0xF81F, 0xF81F, 0xF81F, 0xF81F, 0xF81F, 0xF81F, 0xF81F, 0xF81F, 0xF81F, 0xF81F, 0xF81F, 0xF81F, 0xF81F,
    0xF81F, 0xF81F, 0xF81F, 0xF81F, 0xF81F, 0xF81F, 0xF81F, 0xF81F, 0xF81F, 0xF81F, 0xF81F, 0xF81F, 0xF81F, 0xF81F, 0xF81F, 0xF81F,
    0xF81F, 0xF81F, 0xF81F, 0xF81F, 0xF81F, 0xF81F, 0xF81F, 0xF81F, 0xF81F, 0xF81F, 0xF81F, 0xF81F, 0xF81F, 0xF81F, 0xF81F, 0xF81F,
    0xF81F, 0xF81F, 0xF81F, 0xF81F, 0xF81F, 0xF81F, 0xF81F, 0xF81F, 0xF81F, 0xF81F, 0xF81F, 0xF81F, 0xF81F, 0xF81F, 0xF81F, 0xF81F,
    0xF81F, 0xF81F, 0xF81F, 0xF81F, 0xF81F, 0xF81F, 0xF81F, 0xF81F, 0xF81F, 0xF81F, 0xF81F, 0xF81F, 0xF81F, 0xF81F, 0xF81F, 0xF81F,
    0xF81F, 0xF81F, 0xF81F, 0xF81F, 0xF81F, 0xF81F, 0xF81F, 0xF81F, 0xF81F, 0xF81F, 0xF81F, 0xF81F, 0xF81F, 0xF81F, 0xF81F, 0xF81F,
    0xF81F, 0xF81F, 0xF81F, 0xF81F, 0xF81F, 0xF81F, 0xF81F, 0xF81F, 0xF81F, 0xF81F, 0xF81F, 0xF81F, 0xF81F, 0xF81F, 0xF81F, 0xF81F,
    0xF81F, 0xF81F, 0xF81F, 0xF81F, 0xF81F, 0xF81F, 0xF81F, 0xF81F, 0xF81F, 0xF81F, 0xF81F, 0xF81F, 0xF81F, 0xF81F, 0xF81F, 0xF81F,
    0xF81F, 0xF81F, 0xF81F, 0xF81F, 0xF81F, 0xF81F, 0xF81F, 0xF81F, 0xF81F, 0xF81F, 0xF81F, 0xF81F, 0xF81F, 0xF81F, 0xF81F, 0xF81F,
    0xF81F, 0xF81F, 0xF81F, 0xF81F, 0xF81F, 0xF81F, 0xF81F, 0xF81F, 0xF81F, 0xF81F, 0xF81F, 0xF81F, 0xF81F, 0xF81F, 0xF81F, 0xF81F,
    0xF81F, 0xF81F, 0xF81F, 0xF81F, 0xF81F, 0xF81F, 0xF81F, 0xF81F, 0xF81F, 0xF81F, 0xF81F, 0xF81F, 0xF81F, 0xF81F, 0xF81F, 0xF81F,
    0xF81F, 0xF81F, 0xF81F, 0xF81F, 0xF81F, 0xF81F, 0xF81F, 0xF81F, 0xF81F, 0xF81F, 0xF81F, 0xF81F, 0xF81F, 0xF81F, 0xF81F, 0xF81F,
    0xF81F, 0xF81F, 0xF81F, 0xF81F, 0xF81F, 0xF81F, 0xF81F, 0xF81F, 0xF81F, 0xF81F, 0xF81F, 0xF81F, 0xF81F, 0xF81F, 0xF81F, 0xF81F,
    0xF81F, 0xF81F, 0xF81F, 0xF81F, 0xF81F, 0xF81F, 0xF81F, 0xF81F, 0xF81F, 0xF81F, 0xF81F, 0xF81F, 0xF81F, 0xF81F, 0xF81F, 0xF81F,
    0xF81F, 0xF81F, 0xF81F, 0xF81F, 0xF81F, 0xF81F, 0xF81F, 0xF81F, 0xF81F, 0xF81F, 0xF81F, 0xF81F, 0xF81F, 0xF81F, 0xF81F, 0xF81F,
    0xF81F, 0xF81F, 0xF81F, 0xF81F, 0xF81F, 0xF81F, 0xF81F, 0xF81F, 0xF81F, 0xF81F, 0xF81F, 0xF81F, 0xF81F, 0xF81F, 0xF81F, 0xF81F,
    0xF81F, 0xF81F, 0xF81F, 0xF81F, 0xF81F, 0xF81F, 0xF81F, 0xF81F, 0xF81F, 0xF81F, 0xF81F, 0xF81F, 0xF81F, 0xF81F, 0xF81F, 0xF81F,
    0xF81F, 0xF81F, 0xF81F, 0xF81F, 0xF81F, 0xF81F, 0xF81F, 0xF81F, 0xF81F, 0xF81F, 0xF81F, 0xF81F, 0xF81F, 0xF81F, 0xF81F, 0xF81F,
    0xF81F, 0xF81F, 0xF81F, 0xF81F, 0xF81F, 0xF81F, 0xF81F, 0xF81F, 0xF81F, 0xF81F, 0xF81F, 0xF81F, 0xF81F, 0xF81F, 0xF81F, 0xF81F,
    0xF81F, 0xF81F, 0xF81F, 0xF81F, 0xF81F, 0xF81F, 0xF81F, 0xF81F, 0xF81F, 0xF81F, 0xF81F, 0xF81F, 0xF81F, 0xF81F, 0xF81F, 0xF81F,
    0xF81F, 0xF81F, 0xF81F, 0xF81F, 0xF81F, 0xF81F, 0xF81F, 0xF81F, 0xF81F, 0xF81F, 0xF81F, 0xF81F, 0xF81F, 0xF81F, 0xF81F, 0xF81F,
    0xF81F, 0xF81F, 0xF81F, 0xF81F, 0xF81F, 0xF81F, 0xF81F, 0xF81F, 0xF81F, 0xF81F, 0xF81F, 0xF81F, 0xF81F, 0xF81F, 0xF81F, 0xF81F,
    0xF81F, 0xF81F, 0xF81F, 0xF81F, 0xF81F, 0xF81F, 0xF81F, 0xF81F, 0xF81F, 0xF81F, 0xF81F, 0xF81F, 0xF81F, 0xF81F, 0xF81F, 0xF81F,
    0xF81F, 0xF81F, 0xF81F, 0xF81F, 0xF81F, 0xF81F, 0xF81F, 0xF81F, 0xF81F, 0xF81F, 0xF81F, 0xF81F, 0xF81F, 0xF81F, 0xF81F, 0xF81F,
    0xF81F, 0xF81F, 0xF81F, 0xF81F, 0xF81F, 0xF81F, 0xF81F, 0xF81F, 0xF81F, 0xF81F, 0xF81F, 0xF81F, 0xF81F, 0xF81F, 0xF81F, 0xF81F,
    0xF81F, 0xF81F, 0xF81F, 0xF81F, 0xF81F, 0xF81F, 0xF81F, 0xF81F, 0xF81F, 0xF81F, 0xF81F, 0xF81F, 0xF81F, 0xF81F, 0xF81F, 0xF81F,
    0xF81F, 0xF81F, 0xF81F, 0xF81F, 0xF81F, 0xF81F, 0xF81F, 0xF81F, 0xF81F, 0xF81F, 0xF81F, 0xF81F, 0xF81F, 0xF81F, 0xF81F, 0xF81F,
    0xF81F, 0xF81F, 0xF81F, 0xF81F, 0xF81F, 0xF81F, 0xF81F, 0xF81F, 0xF81F, 0xF81F, 0xF81F, 0xF81F, 0xF81F, 0xF81F, 0xF81F, 0xF81F,
    0xF81F, 0xF81F, 0xF81F, 0xF81F, 0xF81F, 0xF81F, 0xF81F, 0xF81F, 0xF81F, 0xF81F, 0xF81F, 0xF81F, 0xF81F, 0xF81F, 0xF81F, 0xF81F,
    0xF81F, 0xF81F, 0xF81F, 0xF81F, 0xF81F, 0xF81F, 0xF81F, 0xF81F, 0xF81F, 0xF81F, 0xF81F, 0xF81F, 0xF81F, 0xF81F, 0xF81F, 0xF81F,
    0xF81F, 0xF81F, 0xF81F, 0xF81F, 0xF81F, 0xF81F, 0xF81F, 0xF81F, 0xF81F, 0xF81F, 0xF81F, 0xF81F, 0xF81F, 0xF81F, 0xF81F, 0xF81F,
    0xF81F, 0xF81F, 0xF81F, 0xF81F, 0xF81F, 0xF81F, 0xF81F, 0xF81F, 0xF81F, 0xF81F, 0xF81F, 0xF81F, 0xF81F, 0xF81F, 0xF81F, 0xF81F,
    0xF81F, 0xF81F, 0xF81F, 0xF81F, 0xF81F, 0xF81F, 0xF81F, 0xF81F, 0xF81F, 0xF81F, 0xF81F, 0xF81F, 0xF81F, 0xF81F, 0xF81F, 0xF81F,
    0xF81F, 0xF81F, 0xF81F, 0xF81F, 0xF81F, 0xF81F, 0xF81F, 0xF81F, 0xF81F, 0xF81F, 0xF81F, 0xF81F, 0xF81F, 0xF81F, 0xF81F, 0xF81F,
    0xF81F, 0xF81F, 0xF81F, 0xF81F, 0xF81F, 0xF81F, 0xF81F, 0xF81F, 0xF81F, 0xF81F, 0xF81F, 0xF81F, 0xF81F, 0xF81F, 0xF81F, 0xF81F,
    0xF81F, 0xF81F, 0xF81F, 0xF81F, 0xF81F, 0xF81F, 0xF81F, 0xF81F, 0xF81F, 0xF81F, 0xF81F, 0xF81F, 0xF81F, 0xF81F, 0xF81F, 0xF81F,
    0xF81F, 0xF81F, 0xF81F, 0xF81F, 0xF81F, 0xF81F, 0xF81F, 0xF81F, 0xF81F, 0xF81F, 0xF81F, 0xF81F, 0xF81F, 0xF81F, 0xF81F, 0xF81F,
  },
};

